-- =============================================
-- V6: Seed vocabulary and grammar data
-- Auto-generated from Prisma seed files
-- =============================================

-- Uses ON CONFLICT DO NOTHING for idempotent re-runs


-- ══════════════════════════════════════════════════
-- VOCAB: Daily Life
-- ══════════════════════════════════════════════════
INSERT INTO "TopicGroup" ("id", "name", "order", "hubType", "subcategories") VALUES ('sf14b96fa138d5fd4b02c', 'Daily Life', 1, 'vocab', ARRAY['Home Living','Food & Drinks','Shopping','Transportation']::text[]) ON CONFLICT ("name", "hubType") DO NOTHING;

-- Topic: Home Living - A1 (10 words)
INSERT INTO "Topic" ("id", "title", "subtitle", "description", "level", "wordCount", "estimatedTime", "category", "subcategory", "order", "topicGroupId") VALUES ('daily-life-home-living-a1', 'Home Living - A1', 'Vocabulary about home living', 'Learn essential vocabulary about home living at A1 level.', 'A1', 10, 20, 'Daily Life', 'Home Living', 0, 'sf14b96fa138d5fd4b02c') ON CONFLICT ("id") DO NOTHING;
INSERT INTO "VocabItem" ("id", "topicId", "word", "phonBr", "phonNAm", "meaning", "vietnameseMeaning", "partOfSpeech", "exampleSentence", "exampleTranslation", "synonyms", "antonyms", "collocations") VALUES ('daily-life-home-living-a1-house', 'daily-life-home-living-a1', E'house', E'/haʊs/', E'/haʊs/', E'a building where people live', E'nhà', 'noun', E'I live in a small house.', E'Tôi sống trong một ngôi nhà nhỏ.', ARRAY['home']::text[], '{}', ARRAY['big house']::text[]) ON CONFLICT ("id") DO NOTHING;
INSERT INTO "VocabItem" ("id", "topicId", "word", "phonBr", "phonNAm", "meaning", "vietnameseMeaning", "partOfSpeech", "exampleSentence", "exampleTranslation", "synonyms", "antonyms", "collocations") VALUES ('daily-life-home-living-a1-room', 'daily-life-home-living-a1', E'room', E'/ruːm/', E'/ruːm/', E'a part of a building with walls', E'phòng', 'noun', E'My room is clean.', E'Phòng tôi sạch sẽ.', ARRAY['chamber']::text[], '{}', ARRAY['living room']::text[]) ON CONFLICT ("id") DO NOTHING;
INSERT INTO "VocabItem" ("id", "topicId", "word", "phonBr", "phonNAm", "meaning", "vietnameseMeaning", "partOfSpeech", "exampleSentence", "exampleTranslation", "synonyms", "antonyms", "collocations") VALUES ('daily-life-home-living-a1-bed', 'daily-life-home-living-a1', E'bed', E'/bed/', E'/bed/', E'furniture for sleeping', E'giường', 'noun', E'I sleep on my bed.', E'Tôi ngủ trên giường.', '{}', '{}', ARRAY['go to bed']::text[]) ON CONFLICT ("id") DO NOTHING;
INSERT INTO "VocabItem" ("id", "topicId", "word", "phonBr", "phonNAm", "meaning", "vietnameseMeaning", "partOfSpeech", "exampleSentence", "exampleTranslation", "synonyms", "antonyms", "collocations") VALUES ('daily-life-home-living-a1-door', 'daily-life-home-living-a1', E'door', E'/dɔːr/', E'/dɔːr/', E'entrance to a room or building', E'cửa', 'noun', E'Please close the door.', E'Xin hãy đóng cửa.', '{}', '{}', ARRAY['front door']::text[]) ON CONFLICT ("id") DO NOTHING;
INSERT INTO "VocabItem" ("id", "topicId", "word", "phonBr", "phonNAm", "meaning", "vietnameseMeaning", "partOfSpeech", "exampleSentence", "exampleTranslation", "synonyms", "antonyms", "collocations") VALUES ('daily-life-home-living-a1-window', 'daily-life-home-living-a1', E'window', E'/ˈwɪndəʊ/', E'/ˈwɪndoʊ/', E'opening in wall for light', E'cửa sổ', 'noun', E'Open the window please.', E'Xin mở cửa sổ.', '{}', '{}', ARRAY['open window']::text[]) ON CONFLICT ("id") DO NOTHING;
INSERT INTO "VocabItem" ("id", "topicId", "word", "phonBr", "phonNAm", "meaning", "vietnameseMeaning", "partOfSpeech", "exampleSentence", "exampleTranslation", "synonyms", "antonyms", "collocations") VALUES ('daily-life-home-living-a1-table', 'daily-life-home-living-a1', E'table', E'/ˈteɪbl/', E'/ˈteɪbl/', E'furniture with flat top', E'bàn', 'noun', E'The book is on the table.', E'Cuốn sách ở trên bàn.', ARRAY['desk']::text[], '{}', ARRAY['dining table']::text[]) ON CONFLICT ("id") DO NOTHING;
INSERT INTO "VocabItem" ("id", "topicId", "word", "phonBr", "phonNAm", "meaning", "vietnameseMeaning", "partOfSpeech", "exampleSentence", "exampleTranslation", "synonyms", "antonyms", "collocations") VALUES ('daily-life-home-living-a1-chair', 'daily-life-home-living-a1', E'chair', E'/tʃeər/', E'/tʃer/', E'seat for one person', E'ghế', 'noun', E'Sit on the chair.', E'Ngồi lên ghế.', ARRAY['seat']::text[], '{}', ARRAY['comfortable chair']::text[]) ON CONFLICT ("id") DO NOTHING;
INSERT INTO "VocabItem" ("id", "topicId", "word", "phonBr", "phonNAm", "meaning", "vietnameseMeaning", "partOfSpeech", "exampleSentence", "exampleTranslation", "synonyms", "antonyms", "collocations") VALUES ('daily-life-home-living-a1-kitchen', 'daily-life-home-living-a1', E'kitchen', E'/ˈkɪtʃɪn/', E'/ˈkɪtʃɪn/', E'room for cooking', E'nhà bếp', 'noun', E'Mom is in the kitchen.', E'Mẹ đang ở trong bếp.', '{}', '{}', ARRAY['modern kitchen']::text[]) ON CONFLICT ("id") DO NOTHING;
INSERT INTO "VocabItem" ("id", "topicId", "word", "phonBr", "phonNAm", "meaning", "vietnameseMeaning", "partOfSpeech", "exampleSentence", "exampleTranslation", "synonyms", "antonyms", "collocations") VALUES ('daily-life-home-living-a1-bathroom', 'daily-life-home-living-a1', E'bathroom', E'/ˈbɑːθruːm/', E'/ˈbæθruːm/', E'room with toilet and bath', E'phòng tắm', 'noun', E'The bathroom is upstairs.', E'Phòng tắm ở tầng trên.', '{}', '{}', ARRAY['clean bathroom']::text[]) ON CONFLICT ("id") DO NOTHING;
INSERT INTO "VocabItem" ("id", "topicId", "word", "phonBr", "phonNAm", "meaning", "vietnameseMeaning", "partOfSpeech", "exampleSentence", "exampleTranslation", "synonyms", "antonyms", "collocations") VALUES ('daily-life-home-living-a1-clean', 'daily-life-home-living-a1', E'clean', E'/kliːn/', E'/kliːn/', E'free from dirt', E'sạch', 'adjective', E'My room is clean.', E'Phòng tôi sạch.', ARRAY['tidy']::text[], ARRAY['dirty']::text[], ARRAY['keep clean']::text[]) ON CONFLICT ("id") DO NOTHING;

-- Topic: Home Living - A2 (10 words)
INSERT INTO "Topic" ("id", "title", "subtitle", "description", "level", "wordCount", "estimatedTime", "category", "subcategory", "order", "topicGroupId") VALUES ('daily-life-home-living-a2', 'Home Living - A2', 'Vocabulary about home living', 'Learn essential vocabulary about home living at A2 level.', 'A2', 10, 20, 'Daily Life', 'Home Living', 1, 'sf14b96fa138d5fd4b02c') ON CONFLICT ("id") DO NOTHING;
INSERT INTO "VocabItem" ("id", "topicId", "word", "phonBr", "phonNAm", "meaning", "vietnameseMeaning", "partOfSpeech", "exampleSentence", "exampleTranslation", "synonyms", "antonyms", "collocations") VALUES ('daily-life-home-living-a2-apartment', 'daily-life-home-living-a2', E'apartment', E'/əˈpɑːtmənt/', E'/əˈpɑːrtmənt/', E'set of rooms in a building', E'căn hộ', 'noun', E'I rent an apartment.', E'Tôi thuê một căn hộ.', ARRAY['flat']::text[], '{}', ARRAY['modern apartment']::text[]) ON CONFLICT ("id") DO NOTHING;
INSERT INTO "VocabItem" ("id", "topicId", "word", "phonBr", "phonNAm", "meaning", "vietnameseMeaning", "partOfSpeech", "exampleSentence", "exampleTranslation", "synonyms", "antonyms", "collocations") VALUES ('daily-life-home-living-a2-furniture', 'daily-life-home-living-a2', E'furniture', E'/ˈfɜːnɪtʃər/', E'/ˈfɜːrnɪtʃər/', E'movable items in a room', E'đồ nội thất', 'noun', E'We bought new furniture.', E'Chúng tôi mua đồ nội thất mới.', '{}', '{}', ARRAY['wooden furniture']::text[]) ON CONFLICT ("id") DO NOTHING;
INSERT INTO "VocabItem" ("id", "topicId", "word", "phonBr", "phonNAm", "meaning", "vietnameseMeaning", "partOfSpeech", "exampleSentence", "exampleTranslation", "synonyms", "antonyms", "collocations") VALUES ('daily-life-home-living-a2-lamp', 'daily-life-home-living-a2', E'lamp', E'/læmp/', E'/læmp/', E'device that gives light', E'đèn', 'noun', E'Turn on the lamp.', E'Bật đèn lên.', ARRAY['light']::text[], '{}', ARRAY['table lamp']::text[]) ON CONFLICT ("id") DO NOTHING;
INSERT INTO "VocabItem" ("id", "topicId", "word", "phonBr", "phonNAm", "meaning", "vietnameseMeaning", "partOfSpeech", "exampleSentence", "exampleTranslation", "synonyms", "antonyms", "collocations") VALUES ('daily-life-home-living-a2-carpet', 'daily-life-home-living-a2', E'carpet', E'/ˈkɑːpɪt/', E'/ˈkɑːrpɪt/', E'thick floor covering', E'thảm', 'noun', E'The carpet is soft.', E'Thảm rất mềm.', ARRAY['rug']::text[], '{}', ARRAY['soft carpet']::text[]) ON CONFLICT ("id") DO NOTHING;
INSERT INTO "VocabItem" ("id", "topicId", "word", "phonBr", "phonNAm", "meaning", "vietnameseMeaning", "partOfSpeech", "exampleSentence", "exampleTranslation", "synonyms", "antonyms", "collocations") VALUES ('daily-life-home-living-a2-curtain', 'daily-life-home-living-a2', E'curtain', E'/ˈkɜːtn/', E'/ˈkɜːrtn/', E'cloth covering window', E'rèm cửa', 'noun', E'Close the curtains.', E'Kéo rèm lại.', ARRAY['drape']::text[], '{}', ARRAY['thick curtain']::text[]) ON CONFLICT ("id") DO NOTHING;
INSERT INTO "VocabItem" ("id", "topicId", "word", "phonBr", "phonNAm", "meaning", "vietnameseMeaning", "partOfSpeech", "exampleSentence", "exampleTranslation", "synonyms", "antonyms", "collocations") VALUES ('daily-life-home-living-a2-pillow', 'daily-life-home-living-a2', E'pillow', E'/ˈpɪləʊ/', E'/ˈpɪloʊ/', E'cushion for head', E'gối', 'noun', E'This pillow is soft.', E'Gối này mềm.', ARRAY['cushion']::text[], '{}', ARRAY['soft pillow']::text[]) ON CONFLICT ("id") DO NOTHING;
INSERT INTO "VocabItem" ("id", "topicId", "word", "phonBr", "phonNAm", "meaning", "vietnameseMeaning", "partOfSpeech", "exampleSentence", "exampleTranslation", "synonyms", "antonyms", "collocations") VALUES ('daily-life-home-living-a2-blanket', 'daily-life-home-living-a2', E'blanket', E'/ˈblæŋkɪt/', E'/ˈblæŋkɪt/', E'cover for warmth', E'chăn', 'noun', E'I need a warm blanket.', E'Tôi cần một cái chăn ấm.', ARRAY['cover']::text[], '{}', ARRAY['warm blanket']::text[]) ON CONFLICT ("id") DO NOTHING;
INSERT INTO "VocabItem" ("id", "topicId", "word", "phonBr", "phonNAm", "meaning", "vietnameseMeaning", "partOfSpeech", "exampleSentence", "exampleTranslation", "synonyms", "antonyms", "collocations") VALUES ('daily-life-home-living-a2-stairs', 'daily-life-home-living-a2', E'stairs', E'/steəz/', E'/sterz/', E'steps between floors', E'cầu thang', 'noun', E'Go up the stairs.', E'Đi lên cầu thang.', ARRAY['steps']::text[], '{}', ARRAY['climb stairs']::text[]) ON CONFLICT ("id") DO NOTHING;
INSERT INTO "VocabItem" ("id", "topicId", "word", "phonBr", "phonNAm", "meaning", "vietnameseMeaning", "partOfSpeech", "exampleSentence", "exampleTranslation", "synonyms", "antonyms", "collocations") VALUES ('daily-life-home-living-a2-balcony', 'daily-life-home-living-a2', E'balcony', E'/ˈbælkəni/', E'/ˈbælkəni/', E'platform outside upper floor', E'ban công', 'noun', E'I have plants on my balcony.', E'Tôi có cây trên ban công.', '{}', '{}', ARRAY['small balcony']::text[]) ON CONFLICT ("id") DO NOTHING;
INSERT INTO "VocabItem" ("id", "topicId", "word", "phonBr", "phonNAm", "meaning", "vietnameseMeaning", "partOfSpeech", "exampleSentence", "exampleTranslation", "synonyms", "antonyms", "collocations") VALUES ('daily-life-home-living-a2-ceiling', 'daily-life-home-living-a2', E'ceiling', E'/ˈsiːlɪŋ/', E'/ˈsiːlɪŋ/', E'top surface of a room', E'trần nhà', 'noun', E'The ceiling is white.', E'Trần nhà màu trắng.', '{}', ARRAY['floor']::text[], ARRAY['high ceiling']::text[]) ON CONFLICT ("id") DO NOTHING;

-- Topic: Home Living - B1 (10 words)
INSERT INTO "Topic" ("id", "title", "subtitle", "description", "level", "wordCount", "estimatedTime", "category", "subcategory", "order", "topicGroupId") VALUES ('daily-life-home-living-b1', 'Home Living - B1', 'Vocabulary about home living', 'Learn essential vocabulary about home living at B1 level.', 'B1', 10, 20, 'Daily Life', 'Home Living', 2, 'sf14b96fa138d5fd4b02c') ON CONFLICT ("id") DO NOTHING;
INSERT INTO "VocabItem" ("id", "topicId", "word", "phonBr", "phonNAm", "meaning", "vietnameseMeaning", "partOfSpeech", "exampleSentence", "exampleTranslation", "synonyms", "antonyms", "collocations") VALUES ('daily-life-home-living-b1-landlord', 'daily-life-home-living-b1', E'landlord', E'/ˈlændlɔːd/', E'/ˈlændlɔːrd/', E'owner who rents property', E'chủ nhà', 'noun', E'The landlord collects rent monthly.', E'Chủ nhà thu tiền thuê hàng tháng.', ARRAY['owner']::text[], ARRAY['tenant']::text[], ARRAY['contact landlord']::text[]) ON CONFLICT ("id") DO NOTHING;
INSERT INTO "VocabItem" ("id", "topicId", "word", "phonBr", "phonNAm", "meaning", "vietnameseMeaning", "partOfSpeech", "exampleSentence", "exampleTranslation", "synonyms", "antonyms", "collocations") VALUES ('daily-life-home-living-b1-tenant', 'daily-life-home-living-b1', E'tenant', E'/ˈtenənt/', E'/ˈtenənt/', E'person who rents property', E'người thuê nhà', 'noun', E'The tenant pays rent on time.', E'Người thuê trả tiền đúng hạn.', ARRAY['renter']::text[], ARRAY['landlord']::text[], ARRAY['new tenant']::text[]) ON CONFLICT ("id") DO NOTHING;
INSERT INTO "VocabItem" ("id", "topicId", "word", "phonBr", "phonNAm", "meaning", "vietnameseMeaning", "partOfSpeech", "exampleSentence", "exampleTranslation", "synonyms", "antonyms", "collocations") VALUES ('daily-life-home-living-b1-renovation', 'daily-life-home-living-b1', E'renovation', E'/ˌrenəˈveɪʃn/', E'/ˌrenəˈveɪʃn/', E'restoring to good condition', E'sự cải tạo', 'noun', E'The house needs renovation.', E'Nhà cần được cải tạo.', ARRAY['repair']::text[], '{}', ARRAY['home renovation']::text[]) ON CONFLICT ("id") DO NOTHING;
INSERT INTO "VocabItem" ("id", "topicId", "word", "phonBr", "phonNAm", "meaning", "vietnameseMeaning", "partOfSpeech", "exampleSentence", "exampleTranslation", "synonyms", "antonyms", "collocations") VALUES ('daily-life-home-living-b1-spacious', 'daily-life-home-living-b1', E'spacious', E'/ˈspeɪʃəs/', E'/ˈspeɪʃəs/', E'having a lot of space', E'rộng rãi', 'adjective', E'The living room is spacious.', E'Phòng khách rộng rãi.', ARRAY['roomy']::text[], ARRAY['cramped']::text[], ARRAY['spacious room']::text[]) ON CONFLICT ("id") DO NOTHING;
INSERT INTO "VocabItem" ("id", "topicId", "word", "phonBr", "phonNAm", "meaning", "vietnameseMeaning", "partOfSpeech", "exampleSentence", "exampleTranslation", "synonyms", "antonyms", "collocations") VALUES ('daily-life-home-living-b1-cozy', 'daily-life-home-living-b1', E'cozy', E'/ˈkəʊzi/', E'/ˈkoʊzi/', E'comfortable and warm', E'ấm cúng', 'adjective', E'This is a cozy apartment.', E'Đây là căn hộ ấm cúng.', ARRAY['comfortable']::text[], '{}', ARRAY['cozy atmosphere']::text[]) ON CONFLICT ("id") DO NOTHING;
INSERT INTO "VocabItem" ("id", "topicId", "word", "phonBr", "phonNAm", "meaning", "vietnameseMeaning", "partOfSpeech", "exampleSentence", "exampleTranslation", "synonyms", "antonyms", "collocations") VALUES ('daily-life-home-living-b1-maintenance', 'daily-life-home-living-b1', E'maintenance', E'/ˈmeɪntənəns/', E'/ˈmeɪntənəns/', E'keeping in good condition', E'bảo trì', 'noun', E'Regular maintenance is important.', E'Bảo trì thường xuyên rất quan trọng.', ARRAY['upkeep']::text[], '{}', ARRAY['home maintenance']::text[]) ON CONFLICT ("id") DO NOTHING;
INSERT INTO "VocabItem" ("id", "topicId", "word", "phonBr", "phonNAm", "meaning", "vietnameseMeaning", "partOfSpeech", "exampleSentence", "exampleTranslation", "synonyms", "antonyms", "collocations") VALUES ('daily-life-home-living-b1-appliance', 'daily-life-home-living-b1', E'appliance', E'/əˈplaɪəns/', E'/əˈplaɪəns/', E'household electrical device', E'thiết bị gia dụng', 'noun', E'We bought a new kitchen appliance.', E'Chúng tôi mua thiết bị bếp mới.', ARRAY['device']::text[], '{}', ARRAY['kitchen appliance']::text[]) ON CONFLICT ("id") DO NOTHING;
INSERT INTO "VocabItem" ("id", "topicId", "word", "phonBr", "phonNAm", "meaning", "vietnameseMeaning", "partOfSpeech", "exampleSentence", "exampleTranslation", "synonyms", "antonyms", "collocations") VALUES ('daily-life-home-living-b1-decorate', 'daily-life-home-living-b1', E'decorate', E'/ˈdekəreɪt/', E'/ˈdekəreɪt/', E'make something look attractive', E'trang trí', 'verb', E'We decorated the room.', E'Chúng tôi trang trí phòng.', ARRAY['adorn']::text[], '{}', ARRAY['decorate house']::text[]) ON CONFLICT ("id") DO NOTHING;
INSERT INTO "VocabItem" ("id", "topicId", "word", "phonBr", "phonNAm", "meaning", "vietnameseMeaning", "partOfSpeech", "exampleSentence", "exampleTranslation", "synonyms", "antonyms", "collocations") VALUES ('daily-life-home-living-b1-lease', 'daily-life-home-living-b1', E'lease', E'/liːs/', E'/liːs/', E'rental agreement', E'hợp đồng thuê', 'noun', E'We signed a one-year lease.', E'Chúng tôi ký hợp đồng thuê một năm.', ARRAY['contract']::text[], '{}', ARRAY['sign lease']::text[]) ON CONFLICT ("id") DO NOTHING;
INSERT INTO "VocabItem" ("id", "topicId", "word", "phonBr", "phonNAm", "meaning", "vietnameseMeaning", "partOfSpeech", "exampleSentence", "exampleTranslation", "synonyms", "antonyms", "collocations") VALUES ('daily-life-home-living-b1-utilities', 'daily-life-home-living-b1', E'utilities', E'/juːˈtɪlətiz/', E'/juːˈtɪlətiz/', E'electricity, gas, water services', E'tiện ích', 'noun', E'Utilities are included in rent.', E'Tiền điện nước đã bao gồm.', '{}', '{}', ARRAY['pay utilities']::text[]) ON CONFLICT ("id") DO NOTHING;

-- Topic: Home Living - B2 (10 words)
INSERT INTO "Topic" ("id", "title", "subtitle", "description", "level", "wordCount", "estimatedTime", "category", "subcategory", "order", "topicGroupId") VALUES ('daily-life-home-living-b2', 'Home Living - B2', 'Vocabulary about home living', 'Learn essential vocabulary about home living at B2 level.', 'B2', 10, 20, 'Daily Life', 'Home Living', 3, 'sf14b96fa138d5fd4b02c') ON CONFLICT ("id") DO NOTHING;
INSERT INTO "VocabItem" ("id", "topicId", "word", "phonBr", "phonNAm", "meaning", "vietnameseMeaning", "partOfSpeech", "exampleSentence", "exampleTranslation", "synonyms", "antonyms", "collocations") VALUES ('daily-life-home-living-b2-mortgage', 'daily-life-home-living-b2', E'mortgage', E'/ˈmɔːɡɪdʒ/', E'/ˈmɔːrɡɪdʒ/', E'loan to buy property', E'thế chấp', 'noun', E'We got a 30-year mortgage.', E'Chúng tôi vay thế chấp 30 năm.', ARRAY['loan']::text[], '{}', ARRAY['pay mortgage']::text[]) ON CONFLICT ("id") DO NOTHING;
INSERT INTO "VocabItem" ("id", "topicId", "word", "phonBr", "phonNAm", "meaning", "vietnameseMeaning", "partOfSpeech", "exampleSentence", "exampleTranslation", "synonyms", "antonyms", "collocations") VALUES ('daily-life-home-living-b2-insulation', 'daily-life-home-living-b2', E'insulation', E'/ˌɪnsjuˈleɪʃn/', E'/ˌɪnsəˈleɪʃn/', E'material preventing heat loss', E'vật liệu cách nhiệt', 'noun', E'Good insulation saves energy.', E'Cách nhiệt tốt tiết kiệm năng lượng.', '{}', '{}', ARRAY['thermal insulation']::text[]) ON CONFLICT ("id") DO NOTHING;
INSERT INTO "VocabItem" ("id", "topicId", "word", "phonBr", "phonNAm", "meaning", "vietnameseMeaning", "partOfSpeech", "exampleSentence", "exampleTranslation", "synonyms", "antonyms", "collocations") VALUES ('daily-life-home-living-b2-ventilation', 'daily-life-home-living-b2', E'ventilation', E'/ˌventɪˈleɪʃn/', E'/ˌventɪˈleɪʃn/', E'supply of fresh air', E'thông gió', 'noun', E'The room needs better ventilation.', E'Phòng cần thông gió tốt hơn.', '{}', '{}', ARRAY['proper ventilation']::text[]) ON CONFLICT ("id") DO NOTHING;
INSERT INTO "VocabItem" ("id", "topicId", "word", "phonBr", "phonNAm", "meaning", "vietnameseMeaning", "partOfSpeech", "exampleSentence", "exampleTranslation", "synonyms", "antonyms", "collocations") VALUES ('daily-life-home-living-b2-amenities', 'daily-life-home-living-b2', E'amenities', E'/əˈmiːnətiz/', E'/əˈmenətiz/', E'useful features of a place', E'tiện nghi', 'noun', E'The building has many amenities.', E'Tòa nhà có nhiều tiện nghi.', ARRAY['facilities']::text[], '{}', ARRAY['modern amenities']::text[]) ON CONFLICT ("id") DO NOTHING;
INSERT INTO "VocabItem" ("id", "topicId", "word", "phonBr", "phonNAm", "meaning", "vietnameseMeaning", "partOfSpeech", "exampleSentence", "exampleTranslation", "synonyms", "antonyms", "collocations") VALUES ('daily-life-home-living-b2-contemporary', 'daily-life-home-living-b2', E'contemporary', E'/kənˈtemprəri/', E'/kənˈtemprəri/', E'modern in style', E'hiện đại', 'adjective', E'I love contemporary design.', E'Tôi thích thiết kế hiện đại.', ARRAY['modern']::text[], ARRAY['traditional']::text[], ARRAY['contemporary style']::text[]) ON CONFLICT ("id") DO NOTHING;
INSERT INTO "VocabItem" ("id", "topicId", "word", "phonBr", "phonNAm", "meaning", "vietnameseMeaning", "partOfSpeech", "exampleSentence", "exampleTranslation", "synonyms", "antonyms", "collocations") VALUES ('daily-life-home-living-b2-minimalist', 'daily-life-home-living-b2', E'minimalist', E'/ˈmɪnɪməlɪst/', E'/ˈmɪnɪməlɪst/', E'simple, with few possessions', E'tối giản', 'adjective', E'She has a minimalist home.', E'Cô ấy có ngôi nhà tối giản.', ARRAY['simple']::text[], ARRAY['cluttered']::text[], ARRAY['minimalist design']::text[]) ON CONFLICT ("id") DO NOTHING;
INSERT INTO "VocabItem" ("id", "topicId", "word", "phonBr", "phonNAm", "meaning", "vietnameseMeaning", "partOfSpeech", "exampleSentence", "exampleTranslation", "synonyms", "antonyms", "collocations") VALUES ('daily-life-home-living-b2-refurbish', 'daily-life-home-living-b2', E'refurbish', E'/ˌriːˈfɜːbɪʃ/', E'/ˌriːˈfɜːrbɪʃ/', E'renovate and redecorate', E'tân trang', 'verb', E'They refurbished the old house.', E'Họ tân trang ngôi nhà cũ.', ARRAY['renovate']::text[], '{}', ARRAY['refurbish property']::text[]) ON CONFLICT ("id") DO NOTHING;
INSERT INTO "VocabItem" ("id", "topicId", "word", "phonBr", "phonNAm", "meaning", "vietnameseMeaning", "partOfSpeech", "exampleSentence", "exampleTranslation", "synonyms", "antonyms", "collocations") VALUES ('daily-life-home-living-b2-sustainable', 'daily-life-home-living-b2', E'sustainable', E'/səˈsteɪnəbl/', E'/səˈsteɪnəbl/', E'environmentally responsible', E'bền vững', 'adjective', E'We use sustainable materials.', E'Chúng tôi dùng vật liệu bền vững.', ARRAY['eco-friendly']::text[], '{}', ARRAY['sustainable living']::text[]) ON CONFLICT ("id") DO NOTHING;
INSERT INTO "VocabItem" ("id", "topicId", "word", "phonBr", "phonNAm", "meaning", "vietnameseMeaning", "partOfSpeech", "exampleSentence", "exampleTranslation", "synonyms", "antonyms", "collocations") VALUES ('daily-life-home-living-b2-detached', 'daily-life-home-living-b2', E'detached', E'/dɪˈtætʃt/', E'/dɪˈtætʃt/', E'not joined to another building', E'biệt lập', 'adjective', E'They live in a detached house.', E'Họ sống trong nhà biệt lập.', ARRAY['separate']::text[], ARRAY['attached']::text[], ARRAY['detached house']::text[]) ON CONFLICT ("id") DO NOTHING;
INSERT INTO "VocabItem" ("id", "topicId", "word", "phonBr", "phonNAm", "meaning", "vietnameseMeaning", "partOfSpeech", "exampleSentence", "exampleTranslation", "synonyms", "antonyms", "collocations") VALUES ('daily-life-home-living-b2-occupancy', 'daily-life-home-living-b2', E'occupancy', E'/ˈɒkjəpənsi/', E'/ˈɑːkjəpənsi/', E'the act of living in a place', E'sự chiếm hữu', 'noun', E'Occupancy is limited to two.', E'Giới hạn hai người ở.', '{}', '{}', ARRAY['full occupancy']::text[]) ON CONFLICT ("id") DO NOTHING;

-- Topic: Home Living - C1 (10 words)
INSERT INTO "Topic" ("id", "title", "subtitle", "description", "level", "wordCount", "estimatedTime", "category", "subcategory", "order", "topicGroupId") VALUES ('daily-life-home-living-c1', 'Home Living - C1', 'Vocabulary about home living', 'Learn essential vocabulary about home living at C1 level.', 'C1', 10, 20, 'Daily Life', 'Home Living', 4, 'sf14b96fa138d5fd4b02c') ON CONFLICT ("id") DO NOTHING;
INSERT INTO "VocabItem" ("id", "topicId", "word", "phonBr", "phonNAm", "meaning", "vietnameseMeaning", "partOfSpeech", "exampleSentence", "exampleTranslation", "synonyms", "antonyms", "collocations") VALUES ('daily-life-home-living-c1-dilapidated', 'daily-life-home-living-c1', E'dilapidated', E'/dɪˈlæpɪdeɪtɪd/', E'/dɪˈlæpɪdeɪtɪd/', E'in a state of disrepair', E'đổ nát', 'adjective', E'The dilapidated building was demolished.', E'Tòa nhà đổ nát đã bị phá.', ARRAY['rundown']::text[], ARRAY['pristine']::text[], ARRAY['dilapidated structure']::text[]) ON CONFLICT ("id") DO NOTHING;
INSERT INTO "VocabItem" ("id", "topicId", "word", "phonBr", "phonNAm", "meaning", "vietnameseMeaning", "partOfSpeech", "exampleSentence", "exampleTranslation", "synonyms", "antonyms", "collocations") VALUES ('daily-life-home-living-c1-refurbishment', 'daily-life-home-living-c1', E'refurbishment', E'/ˌriːˈfɜːbɪʃmənt/', E'/ˌriːˈfɜːrbɪʃmənt/', E'renovation and redecorating', E'sự tân trang', 'noun', E'The hotel is under refurbishment.', E'Khách sạn đang được tân trang.', ARRAY['renovation']::text[], '{}', ARRAY['major refurbishment']::text[]) ON CONFLICT ("id") DO NOTHING;
INSERT INTO "VocabItem" ("id", "topicId", "word", "phonBr", "phonNAm", "meaning", "vietnameseMeaning", "partOfSpeech", "exampleSentence", "exampleTranslation", "synonyms", "antonyms", "collocations") VALUES ('daily-life-home-living-c1-domicile', 'daily-life-home-living-c1', E'domicile', E'/ˈdɒmɪsaɪl/', E'/ˈdɑːmɪsaɪl/', E'permanent home', E'nơi cư trú', 'noun', E'His legal domicile is London.', E'Nơi cư trú pháp lý của anh là London.', ARRAY['residence']::text[], '{}', ARRAY['permanent domicile']::text[]) ON CONFLICT ("id") DO NOTHING;
INSERT INTO "VocabItem" ("id", "topicId", "word", "phonBr", "phonNAm", "meaning", "vietnameseMeaning", "partOfSpeech", "exampleSentence", "exampleTranslation", "synonyms", "antonyms", "collocations") VALUES ('daily-life-home-living-c1-abode', 'daily-life-home-living-c1', E'abode', E'/əˈbəʊd/', E'/əˈboʊd/', E'a place of residence', E'nơi ở', 'noun', E'Welcome to my humble abode.', E'Chào mừng đến nhà nhỏ của tôi.', ARRAY['dwelling']::text[], '{}', ARRAY['humble abode']::text[]) ON CONFLICT ("id") DO NOTHING;
INSERT INTO "VocabItem" ("id", "topicId", "word", "phonBr", "phonNAm", "meaning", "vietnameseMeaning", "partOfSpeech", "exampleSentence", "exampleTranslation", "synonyms", "antonyms", "collocations") VALUES ('daily-life-home-living-c1-retrofitting', 'daily-life-home-living-c1', E'retrofitting', E'/ˈretrəʊfɪtɪŋ/', E'/ˈretroʊfɪtɪŋ/', E'adding new features to old buildings', E'lắp đặt thêm', 'noun', E'Retrofitting improves energy efficiency.', E'Lắp đặt thêm cải thiện hiệu quả năng lượng.', '{}', '{}', ARRAY['energy retrofitting']::text[]) ON CONFLICT ("id") DO NOTHING;
INSERT INTO "VocabItem" ("id", "topicId", "word", "phonBr", "phonNAm", "meaning", "vietnameseMeaning", "partOfSpeech", "exampleSentence", "exampleTranslation", "synonyms", "antonyms", "collocations") VALUES ('daily-life-home-living-c1-gentrification', 'daily-life-home-living-c1', E'gentrification', E'/ˌdʒentrɪfɪˈkeɪʃn/', E'/ˌdʒentrɪfɪˈkeɪʃn/', E'renovation of deteriorating areas', E'sự quý tộc hóa', 'noun', E'Gentrification is changing the neighborhood.', E'Sự quý tộc hóa đang thay đổi khu phố.', '{}', '{}', ARRAY['urban gentrification']::text[]) ON CONFLICT ("id") DO NOTHING;
INSERT INTO "VocabItem" ("id", "topicId", "word", "phonBr", "phonNAm", "meaning", "vietnameseMeaning", "partOfSpeech", "exampleSentence", "exampleTranslation", "synonyms", "antonyms", "collocations") VALUES ('daily-life-home-living-c1-dwelling', 'daily-life-home-living-c1', E'dwelling', E'/ˈdwelɪŋ/', E'/ˈdwelɪŋ/', E'a place where someone lives', E'nơi cư ngụ', 'noun', E'This dwelling has three bedrooms.', E'Nơi cư ngụ này có ba phòng ngủ.', ARRAY['residence']::text[], '{}', ARRAY['private dwelling']::text[]) ON CONFLICT ("id") DO NOTHING;
INSERT INTO "VocabItem" ("id", "topicId", "word", "phonBr", "phonNAm", "meaning", "vietnameseMeaning", "partOfSpeech", "exampleSentence", "exampleTranslation", "synonyms", "antonyms", "collocations") VALUES ('daily-life-home-living-c1-habitation', 'daily-life-home-living-c1', E'habitation', E'/ˌhæbɪˈteɪʃn/', E'/ˌhæbɪˈteɪʃn/', E'the act of living in a place', E'sự cư trú', 'noun', E'The house is unfit for habitation.', E'Ngôi nhà không phù hợp để ở.', ARRAY['occupancy']::text[], '{}', ARRAY['human habitation']::text[]) ON CONFLICT ("id") DO NOTHING;
INSERT INTO "VocabItem" ("id", "topicId", "word", "phonBr", "phonNAm", "meaning", "vietnameseMeaning", "partOfSpeech", "exampleSentence", "exampleTranslation", "synonyms", "antonyms", "collocations") VALUES ('daily-life-home-living-c1-ramshackle', 'daily-life-home-living-c1', E'ramshackle', E'/ˈræmʃækl/', E'/ˈræmʃækl/', E'badly made and likely to collapse', E'xiêu vẹo', 'adjective', E'They lived in a ramshackle cottage.', E'Họ sống trong ngôi nhà xiêu vẹo.', ARRAY['dilapidated']::text[], ARRAY['sturdy']::text[], ARRAY['ramshackle building']::text[]) ON CONFLICT ("id") DO NOTHING;
INSERT INTO "VocabItem" ("id", "topicId", "word", "phonBr", "phonNAm", "meaning", "vietnameseMeaning", "partOfSpeech", "exampleSentence", "exampleTranslation", "synonyms", "antonyms", "collocations") VALUES ('daily-life-home-living-c1-edifice', 'daily-life-home-living-c1', E'edifice', E'/ˈedɪfɪs/', E'/ˈedɪfɪs/', E'a large impressive building', E'tòa nhà lớn', 'noun', E'The cathedral is a magnificent edifice.', E'Nhà thờ là một tòa nhà lớn tuyệt đẹp.', ARRAY['structure']::text[], '{}', ARRAY['grand edifice']::text[]) ON CONFLICT ("id") DO NOTHING;

-- Topic: Home Living - C2 (10 words)
INSERT INTO "Topic" ("id", "title", "subtitle", "description", "level", "wordCount", "estimatedTime", "category", "subcategory", "order", "topicGroupId") VALUES ('daily-life-home-living-c2', 'Home Living - C2', 'Vocabulary about home living', 'Learn essential vocabulary about home living at C2 level.', 'C2', 10, 20, 'Daily Life', 'Home Living', 5, 'sf14b96fa138d5fd4b02c') ON CONFLICT ("id") DO NOTHING;
INSERT INTO "VocabItem" ("id", "topicId", "word", "phonBr", "phonNAm", "meaning", "vietnameseMeaning", "partOfSpeech", "exampleSentence", "exampleTranslation", "synonyms", "antonyms", "collocations") VALUES ('daily-life-home-living-c2-commodious', 'daily-life-home-living-c2', E'commodious', E'/kəˈməʊdiəs/', E'/kəˈmoʊdiəs/', E'roomy and comfortable', E'rộng rãi tiện nghi', 'adjective', E'The commodious hall accommodated all guests.', E'Hội trường rộng rãi chứa được tất cả khách.', ARRAY['spacious']::text[], ARRAY['cramped']::text[], ARRAY['commodious quarters']::text[]) ON CONFLICT ("id") DO NOTHING;
INSERT INTO "VocabItem" ("id", "topicId", "word", "phonBr", "phonNAm", "meaning", "vietnameseMeaning", "partOfSpeech", "exampleSentence", "exampleTranslation", "synonyms", "antonyms", "collocations") VALUES ('daily-life-home-living-c2-outmoded', 'daily-life-home-living-c2', E'outmoded', E'/aʊtˈməʊdɪd/', E'/aʊtˈmoʊdɪd/', E'no longer fashionable or useful', E'lỗi thời', 'adjective', E'These outmoded fixtures need replacing.', E'Những thiết bị lỗi thời này cần thay thế.', ARRAY['obsolete']::text[], ARRAY['modern']::text[], ARRAY['outmoded design']::text[]) ON CONFLICT ("id") DO NOTHING;
INSERT INTO "VocabItem" ("id", "topicId", "word", "phonBr", "phonNAm", "meaning", "vietnameseMeaning", "partOfSpeech", "exampleSentence", "exampleTranslation", "synonyms", "antonyms", "collocations") VALUES ('daily-life-home-living-c2-decrepit', 'daily-life-home-living-c2', E'decrepit', E'/dɪˈkrepɪt/', E'/dɪˈkrepɪt/', E'worn out by age or neglect', E'già nua', 'adjective', E'The decrepit mansion was haunted.', E'Dinh thự già nua bị ma ám.', ARRAY['dilapidated']::text[], ARRAY['pristine']::text[], ARRAY['decrepit building']::text[]) ON CONFLICT ("id") DO NOTHING;
INSERT INTO "VocabItem" ("id", "topicId", "word", "phonBr", "phonNAm", "meaning", "vietnameseMeaning", "partOfSpeech", "exampleSentence", "exampleTranslation", "synonyms", "antonyms", "collocations") VALUES ('daily-life-home-living-c2-tenement', 'daily-life-home-living-c2', E'tenement', E'/ˈtenəmənt/', E'/ˈtenəmənt/', E'a run-down apartment building', E'nhà tập thể cũ', 'noun', E'They grew up in a tenement.', E'Họ lớn lên trong nhà tập thể cũ.', '{}', '{}', ARRAY['old tenement']::text[]) ON CONFLICT ("id") DO NOTHING;
INSERT INTO "VocabItem" ("id", "topicId", "word", "phonBr", "phonNAm", "meaning", "vietnameseMeaning", "partOfSpeech", "exampleSentence", "exampleTranslation", "synonyms", "antonyms", "collocations") VALUES ('daily-life-home-living-c2-curtilage', 'daily-life-home-living-c2', E'curtilage', E'/ˈkɜːtɪlɪdʒ/', E'/ˈkɜːrtɪlɪdʒ/', E'enclosed land around a house', E'đất bao quanh nhà', 'noun', E'The curtilage includes the garden.', E'Đất bao quanh nhà bao gồm vườn.', '{}', '{}', ARRAY['property curtilage']::text[]) ON CONFLICT ("id") DO NOTHING;
INSERT INTO "VocabItem" ("id", "topicId", "word", "phonBr", "phonNAm", "meaning", "vietnameseMeaning", "partOfSpeech", "exampleSentence", "exampleTranslation", "synonyms", "antonyms", "collocations") VALUES ('daily-life-home-living-c2-hearthside', 'daily-life-home-living-c2', E'hearthside', E'/ˈhɑːθsaɪd/', E'/ˈhɑːrθsaɪd/', E'area around a fireplace', E'bên lò sưởi', 'noun', E'We gathered at the hearthside.', E'Chúng tôi tụ họp bên lò sưởi.', '{}', '{}', ARRAY['cozy hearthside']::text[]) ON CONFLICT ("id") DO NOTHING;
INSERT INTO "VocabItem" ("id", "topicId", "word", "phonBr", "phonNAm", "meaning", "vietnameseMeaning", "partOfSpeech", "exampleSentence", "exampleTranslation", "synonyms", "antonyms", "collocations") VALUES ('daily-life-home-living-c2-vestibule', 'daily-life-home-living-c2', E'vestibule', E'/ˈvestɪbjuːl/', E'/ˈvestɪbjuːl/', E'entrance hall of a building', E'tiền sảnh', 'noun', E'Wait in the vestibule.', E'Đợi ở tiền sảnh.', ARRAY['foyer']::text[], '{}', ARRAY['building vestibule']::text[]) ON CONFLICT ("id") DO NOTHING;
INSERT INTO "VocabItem" ("id", "topicId", "word", "phonBr", "phonNAm", "meaning", "vietnameseMeaning", "partOfSpeech", "exampleSentence", "exampleTranslation", "synonyms", "antonyms", "collocations") VALUES ('daily-life-home-living-c2-homestead', 'daily-life-home-living-c2', E'homestead', E'/ˈhəʊmsted/', E'/ˈhoʊmsted/', E'house and land around it', E'trang trại', 'noun', E'The family homestead has been here for generations.', E'Trang trại gia đình đã ở đây nhiều thế hệ.', ARRAY['estate']::text[], '{}', ARRAY['family homestead']::text[]) ON CONFLICT ("id") DO NOTHING;
INSERT INTO "VocabItem" ("id", "topicId", "word", "phonBr", "phonNAm", "meaning", "vietnameseMeaning", "partOfSpeech", "exampleSentence", "exampleTranslation", "synonyms", "antonyms", "collocations") VALUES ('daily-life-home-living-c2-antechamber', 'daily-life-home-living-c2', E'antechamber', E'/ˈæntitʃeɪmbər/', E'/ˈæntitʃeɪmbər/', E'small room before main one', E'phòng chờ', 'noun', E'Guests waited in the antechamber.', E'Khách đợi ở phòng chờ.', ARRAY['anteroom']::text[], '{}', ARRAY['royal antechamber']::text[]) ON CONFLICT ("id") DO NOTHING;
INSERT INTO "VocabItem" ("id", "topicId", "word", "phonBr", "phonNAm", "meaning", "vietnameseMeaning", "partOfSpeech", "exampleSentence", "exampleTranslation", "synonyms", "antonyms", "collocations") VALUES ('daily-life-home-living-c2-domiciliary', 'daily-life-home-living-c2', E'domiciliary', E'/ˌdɒmɪˈsɪliəri/', E'/ˌdɑːmɪˈsɪlieri/', E'relating to someone''s home', E'thuộc về nhà ở', 'adjective', E'Domiciliary care is provided.', E'Dịch vụ chăm sóc tại nhà được cung cấp.', '{}', '{}', ARRAY['domiciliary services']::text[]) ON CONFLICT ("id") DO NOTHING;

-- Topic: Food & Drinks - A1 (10 words)
INSERT INTO "Topic" ("id", "title", "subtitle", "description", "level", "wordCount", "estimatedTime", "category", "subcategory", "order", "topicGroupId") VALUES ('daily-life-food-and-drinks-a1', 'Food & Drinks - A1', 'Vocabulary about food & drinks', 'Learn essential vocabulary about food & drinks at A1 level.', 'A1', 10, 20, 'Daily Life', 'Food & Drinks', 0, 'sf14b96fa138d5fd4b02c') ON CONFLICT ("id") DO NOTHING;
INSERT INTO "VocabItem" ("id", "topicId", "word", "phonBr", "phonNAm", "meaning", "vietnameseMeaning", "partOfSpeech", "exampleSentence", "exampleTranslation", "synonyms", "antonyms", "collocations") VALUES ('daily-life-food-and-drinks-a1-food', 'daily-life-food-and-drinks-a1', E'food', E'/fuːd/', E'/fuːd/', E'something people eat', E'đồ ăn', 'noun', E'I like good food.', E'Tôi thích đồ ăn ngon.', ARRAY['meal']::text[], '{}', ARRAY['fast food']::text[]) ON CONFLICT ("id") DO NOTHING;
INSERT INTO "VocabItem" ("id", "topicId", "word", "phonBr", "phonNAm", "meaning", "vietnameseMeaning", "partOfSpeech", "exampleSentence", "exampleTranslation", "synonyms", "antonyms", "collocations") VALUES ('daily-life-food-and-drinks-a1-drink', 'daily-life-food-and-drinks-a1', E'drink', E'/drɪŋk/', E'/drɪŋk/', E'liquid swallowed', E'đồ uống', 'noun', E'I want a cold drink.', E'Tôi muốn một đồ uống lạnh.', ARRAY['beverage']::text[], '{}', ARRAY['soft drink']::text[]) ON CONFLICT ("id") DO NOTHING;
INSERT INTO "VocabItem" ("id", "topicId", "word", "phonBr", "phonNAm", "meaning", "vietnameseMeaning", "partOfSpeech", "exampleSentence", "exampleTranslation", "synonyms", "antonyms", "collocations") VALUES ('daily-life-food-and-drinks-a1-water', 'daily-life-food-and-drinks-a1', E'water', E'/ˈwɔːtər/', E'/ˈwɔːtər/', E'clear liquid essential for life', E'nước', 'noun', E'Drink more water.', E'Uống nhiều nước hơn.', '{}', '{}', ARRAY['drink water']::text[]) ON CONFLICT ("id") DO NOTHING;
INSERT INTO "VocabItem" ("id", "topicId", "word", "phonBr", "phonNAm", "meaning", "vietnameseMeaning", "partOfSpeech", "exampleSentence", "exampleTranslation", "synonyms", "antonyms", "collocations") VALUES ('daily-life-food-and-drinks-a1-eat', 'daily-life-food-and-drinks-a1', E'eat', E'/iːt/', E'/iːt/', E'put food in mouth', E'ăn', 'verb', E'We eat dinner at 7.', E'Chúng tôi ăn tối lúc 7 giờ.', ARRAY['consume']::text[], '{}', ARRAY['eat healthy']::text[]) ON CONFLICT ("id") DO NOTHING;
INSERT INTO "VocabItem" ("id", "topicId", "word", "phonBr", "phonNAm", "meaning", "vietnameseMeaning", "partOfSpeech", "exampleSentence", "exampleTranslation", "synonyms", "antonyms", "collocations") VALUES ('daily-life-food-and-drinks-a1-fruit', 'daily-life-food-and-drinks-a1', E'fruit', E'/fruːt/', E'/fruːt/', E'edible part of plant', E'trái cây', 'noun', E'Eat fresh fruit.', E'Ăn trái cây tươi.', '{}', '{}', ARRAY['fresh fruit']::text[]) ON CONFLICT ("id") DO NOTHING;
INSERT INTO "VocabItem" ("id", "topicId", "word", "phonBr", "phonNAm", "meaning", "vietnameseMeaning", "partOfSpeech", "exampleSentence", "exampleTranslation", "synonyms", "antonyms", "collocations") VALUES ('daily-life-food-and-drinks-a1-bread', 'daily-life-food-and-drinks-a1', E'bread', E'/bred/', E'/bred/', E'food made from flour', E'bánh mì', 'noun', E'I eat bread for breakfast.', E'Tôi ăn bánh mì cho bữa sáng.', '{}', '{}', ARRAY['fresh bread']::text[]) ON CONFLICT ("id") DO NOTHING;
INSERT INTO "VocabItem" ("id", "topicId", "word", "phonBr", "phonNAm", "meaning", "vietnameseMeaning", "partOfSpeech", "exampleSentence", "exampleTranslation", "synonyms", "antonyms", "collocations") VALUES ('daily-life-food-and-drinks-a1-meat', 'daily-life-food-and-drinks-a1', E'meat', E'/miːt/', E'/miːt/', E'flesh of animals as food', E'thịt', 'noun', E'He doesn''t eat meat.', E'Anh ấy không ăn thịt.', '{}', ARRAY['vegetable']::text[], ARRAY['red meat']::text[]) ON CONFLICT ("id") DO NOTHING;
INSERT INTO "VocabItem" ("id", "topicId", "word", "phonBr", "phonNAm", "meaning", "vietnameseMeaning", "partOfSpeech", "exampleSentence", "exampleTranslation", "synonyms", "antonyms", "collocations") VALUES ('daily-life-food-and-drinks-a1-milk', 'daily-life-food-and-drinks-a1', E'milk', E'/mɪlk/', E'/mɪlk/', E'white liquid from cows', E'sữa', 'noun', E'Drink your milk.', E'Uống sữa của bạn đi.', '{}', '{}', ARRAY['fresh milk']::text[]) ON CONFLICT ("id") DO NOTHING;
INSERT INTO "VocabItem" ("id", "topicId", "word", "phonBr", "phonNAm", "meaning", "vietnameseMeaning", "partOfSpeech", "exampleSentence", "exampleTranslation", "synonyms", "antonyms", "collocations") VALUES ('daily-life-food-and-drinks-a1-coffee', 'daily-life-food-and-drinks-a1', E'coffee', E'/ˈkɒfi/', E'/ˈkɔːfi/', E'dark hot drink', E'cà phê', 'noun', E'I need morning coffee.', E'Tôi cần cà phê sáng.', '{}', '{}', ARRAY['black coffee']::text[]) ON CONFLICT ("id") DO NOTHING;
INSERT INTO "VocabItem" ("id", "topicId", "word", "phonBr", "phonNAm", "meaning", "vietnameseMeaning", "partOfSpeech", "exampleSentence", "exampleTranslation", "synonyms", "antonyms", "collocations") VALUES ('daily-life-food-and-drinks-a1-cook', 'daily-life-food-and-drinks-a1', E'cook', E'/kʊk/', E'/kʊk/', E'prepare food by heating', E'nấu ăn', 'verb', E'My dad cooks well.', E'Bố tôi nấu ăn giỏi.', ARRAY['prepare']::text[], '{}', ARRAY['cook dinner']::text[]) ON CONFLICT ("id") DO NOTHING;

-- Topic: Food & Drinks - B1 (10 words)
INSERT INTO "Topic" ("id", "title", "subtitle", "description", "level", "wordCount", "estimatedTime", "category", "subcategory", "order", "topicGroupId") VALUES ('daily-life-food-and-drinks-b1', 'Food & Drinks - B1', 'Vocabulary about food & drinks', 'Learn essential vocabulary about food & drinks at B1 level.', 'B1', 10, 20, 'Daily Life', 'Food & Drinks', 2, 'sf14b96fa138d5fd4b02c') ON CONFLICT ("id") DO NOTHING;
INSERT INTO "VocabItem" ("id", "topicId", "word", "phonBr", "phonNAm", "meaning", "vietnameseMeaning", "partOfSpeech", "exampleSentence", "exampleTranslation", "synonyms", "antonyms", "collocations") VALUES ('daily-life-food-and-drinks-b1-ingredient', 'daily-life-food-and-drinks-b1', E'ingredient', E'/ɪnˈɡriːdiənt/', E'/ɪnˈɡriːdiənt/', E'part of a mixture', E'nguyên liệu', 'noun', E'Mix all ingredients.', E'Trộn tất cả nguyên liệu.', ARRAY['component']::text[], '{}', ARRAY['key ingredient']::text[]) ON CONFLICT ("id") DO NOTHING;
INSERT INTO "VocabItem" ("id", "topicId", "word", "phonBr", "phonNAm", "meaning", "vietnameseMeaning", "partOfSpeech", "exampleSentence", "exampleTranslation", "synonyms", "antonyms", "collocations") VALUES ('daily-life-food-and-drinks-b1-recipe', 'daily-life-food-and-drinks-b1', E'recipe', E'/ˈresəpi/', E'/ˈresəpi/', E'instructions for cooking', E'công thức', 'noun', E'Follow the recipe.', E'Làm theo công thức.', '{}', '{}', ARRAY['family recipe']::text[]) ON CONFLICT ("id") DO NOTHING;
INSERT INTO "VocabItem" ("id", "topicId", "word", "phonBr", "phonNAm", "meaning", "vietnameseMeaning", "partOfSpeech", "exampleSentence", "exampleTranslation", "synonyms", "antonyms", "collocations") VALUES ('daily-life-food-and-drinks-b1-diet', 'daily-life-food-and-drinks-b1', E'diet', E'/ˈdaɪət/', E'/ˈdaɪət/', E'food regularly eaten', E'chế độ ăn', 'noun', E'She has a healthy diet.', E'Cô ấy có chế độ ăn lành mạnh.', '{}', '{}', ARRAY['balanced diet']::text[]) ON CONFLICT ("id") DO NOTHING;
INSERT INTO "VocabItem" ("id", "topicId", "word", "phonBr", "phonNAm", "meaning", "vietnameseMeaning", "partOfSpeech", "exampleSentence", "exampleTranslation", "synonyms", "antonyms", "collocations") VALUES ('daily-life-food-and-drinks-b1-flavour', 'daily-life-food-and-drinks-b1', E'flavour', E'/ˈfleɪvər/', E'/ˈfleɪvər/', E'taste of food', E'hương vị', 'noun', E'This has a spicy flavour.', E'Cái này có vị cay.', ARRAY['taste']::text[], '{}', ARRAY['rich flavour']::text[]) ON CONFLICT ("id") DO NOTHING;
INSERT INTO "VocabItem" ("id", "topicId", "word", "phonBr", "phonNAm", "meaning", "vietnameseMeaning", "partOfSpeech", "exampleSentence", "exampleTranslation", "synonyms", "antonyms", "collocations") VALUES ('daily-life-food-and-drinks-b1-portion', 'daily-life-food-and-drinks-b1', E'portion', E'/ˈpɔːʃn/', E'/ˈpɔːrʃn/', E'amount of food for one', E'khẩu phần', 'noun', E'The portions are large.', E'Khẩu phần ăn rất lớn.', ARRAY['serving']::text[], '{}', ARRAY['portion size']::text[]) ON CONFLICT ("id") DO NOTHING;
INSERT INTO "VocabItem" ("id", "topicId", "word", "phonBr", "phonNAm", "meaning", "vietnameseMeaning", "partOfSpeech", "exampleSentence", "exampleTranslation", "synonyms", "antonyms", "collocations") VALUES ('daily-life-food-and-drinks-b1-bitter', 'daily-life-food-and-drinks-b1', E'bitter', E'/ˈbɪtər/', E'/ˈbɪtər/', E'sharp unpleasant taste', E'đắng', 'adjective', E'The coffee is too bitter.', E'Cà phê đắng quá.', '{}', ARRAY['sweet']::text[], ARRAY['bitter taste']::text[]) ON CONFLICT ("id") DO NOTHING;
INSERT INTO "VocabItem" ("id", "topicId", "word", "phonBr", "phonNAm", "meaning", "vietnameseMeaning", "partOfSpeech", "exampleSentence", "exampleTranslation", "synonyms", "antonyms", "collocations") VALUES ('daily-life-food-and-drinks-b1-vegetarian', 'daily-life-food-and-drinks-b1', E'vegetarian', E'/ˌvedʒəˈteəriən/', E'/ˌvedʒəˈteriən/', E'eating no meat', E'chay', 'adjective', E'This is a vegetarian meal.', E'Đây là bữa ăn chay.', '{}', ARRAY['meat-eater']::text[], ARRAY['vegetarian diet']::text[]) ON CONFLICT ("id") DO NOTHING;
INSERT INTO "VocabItem" ("id", "topicId", "word", "phonBr", "phonNAm", "meaning", "vietnameseMeaning", "partOfSpeech", "exampleSentence", "exampleTranslation", "synonyms", "antonyms", "collocations") VALUES ('daily-life-food-and-drinks-b1-raw', 'daily-life-food-and-drinks-b1', E'raw', E'/rɔː/', E'/rɔː/', E'not cooked', E'sống', 'adjective', E'Sushi uses raw fish.', E'Sushi dùng cá sống.', ARRAY['uncooked']::text[], ARRAY['cooked']::text[], ARRAY['raw material']::text[]) ON CONFLICT ("id") DO NOTHING;
INSERT INTO "VocabItem" ("id", "topicId", "word", "phonBr", "phonNAm", "meaning", "vietnameseMeaning", "partOfSpeech", "exampleSentence", "exampleTranslation", "synonyms", "antonyms", "collocations") VALUES ('daily-life-food-and-drinks-b1-roast', 'daily-life-food-and-drinks-b1', E'roast', E'/rəʊst/', E'/roʊst/', E'cook in oven', E'quay/nướng', 'verb', E'We roast chicken on Sundays.', E'Chúng tôi quay gà vào Chủ nhật.', ARRAY['bake']::text[], '{}', ARRAY['roast beef']::text[]) ON CONFLICT ("id") DO NOTHING;
INSERT INTO "VocabItem" ("id", "topicId", "word", "phonBr", "phonNAm", "meaning", "vietnameseMeaning", "partOfSpeech", "exampleSentence", "exampleTranslation", "synonyms", "antonyms", "collocations") VALUES ('daily-life-food-and-drinks-b1-appetite', 'daily-life-food-and-drinks-b1', E'appetite', E'/ˈæpɪtaɪt/', E'/ˈæpɪtaɪt/', E'desire to eat', E'sự thèm ăn', 'noun', E'I have a big appetite.', E'Tôi rất thèm ăn.', ARRAY['hunger']::text[], '{}', ARRAY['loss of appetite']::text[]) ON CONFLICT ("id") DO NOTHING;

-- Topic: Food & Drinks - C1 (10 words)
INSERT INTO "Topic" ("id", "title", "subtitle", "description", "level", "wordCount", "estimatedTime", "category", "subcategory", "order", "topicGroupId") VALUES ('daily-life-food-and-drinks-c1', 'Food & Drinks - C1', 'Vocabulary about food & drinks', 'Learn essential vocabulary about food & drinks at C1 level.', 'C1', 10, 20, 'Daily Life', 'Food & Drinks', 4, 'sf14b96fa138d5fd4b02c') ON CONFLICT ("id") DO NOTHING;
INSERT INTO "VocabItem" ("id", "topicId", "word", "phonBr", "phonNAm", "meaning", "vietnameseMeaning", "partOfSpeech", "exampleSentence", "exampleTranslation", "synonyms", "antonyms", "collocations") VALUES ('daily-life-food-and-drinks-c1-cuisine', 'daily-life-food-and-drinks-c1', E'cuisine', E'/kwɪˈziːn/', E'/kwɪˈziːn/', E'style of cooking', E'ẩm thực', 'noun', E'I love Italian cuisine.', E'Tôi thích ẩm thực Ý.', ARRAY['cooking']::text[], '{}', ARRAY['local cuisine']::text[]) ON CONFLICT ("id") DO NOTHING;
INSERT INTO "VocabItem" ("id", "topicId", "word", "phonBr", "phonNAm", "meaning", "vietnameseMeaning", "partOfSpeech", "exampleSentence", "exampleTranslation", "synonyms", "antonyms", "collocations") VALUES ('daily-life-food-and-drinks-c1-culinary', 'daily-life-food-and-drinks-c1', E'culinary', E'/ˈkʌlɪnəri/', E'/ˈkʌlɪneri/', E'related to cooking', E'thuộc về nấu nướng', 'adjective', E'She has culinary skills.', E'Cô ấy có kỹ năng nấu nướng.', ARRAY['gastronomic']::text[], '{}', ARRAY['culinary arts']::text[]) ON CONFLICT ("id") DO NOTHING;
INSERT INTO "VocabItem" ("id", "topicId", "word", "phonBr", "phonNAm", "meaning", "vietnameseMeaning", "partOfSpeech", "exampleSentence", "exampleTranslation", "synonyms", "antonyms", "collocations") VALUES ('daily-life-food-and-drinks-c1-gourmet', 'daily-life-food-and-drinks-c1', E'gourmet', E'/ˈɡʊəmeɪ/', E'/ˈɡʊrmeɪ/', E'high quality food', E'sành ăn', 'adjective', E'They sell gourmet chocolates.', E'Họ bán sô cô la cao cấp.', '{}', '{}', ARRAY['gourmet food']::text[]) ON CONFLICT ("id") DO NOTHING;
INSERT INTO "VocabItem" ("id", "topicId", "word", "phonBr", "phonNAm", "meaning", "vietnameseMeaning", "partOfSpeech", "exampleSentence", "exampleTranslation", "synonyms", "antonyms", "collocations") VALUES ('daily-life-food-and-drinks-c1-palatable', 'daily-life-food-and-drinks-c1', E'palatable', E'/ˈpælətəbl/', E'/ˈpælətəbl/', E'pleasant to taste', E'ngon miệng', 'adjective', E'The meal was barely palatable.', E'Bữa ăn hầu như không nuốt trôi.', ARRAY['tasty']::text[], ARRAY['inedible']::text[], ARRAY['palatable food']::text[]) ON CONFLICT ("id") DO NOTHING;
INSERT INTO "VocabItem" ("id", "topicId", "word", "phonBr", "phonNAm", "meaning", "vietnameseMeaning", "partOfSpeech", "exampleSentence", "exampleTranslation", "synonyms", "antonyms", "collocations") VALUES ('daily-life-food-and-drinks-c1-sustenance', 'daily-life-food-and-drinks-c1', E'sustenance', E'/ˈsʌstənəns/', E'/ˈsʌstənəns/', E'food and drink', E'chất bổ dưỡng', 'noun', E'They need sustenance to survive.', E'Họ cần thức ăn để sống sót.', ARRAY['nourishment']::text[], '{}', ARRAY['daily sustenance']::text[]) ON CONFLICT ("id") DO NOTHING;
INSERT INTO "VocabItem" ("id", "topicId", "word", "phonBr", "phonNAm", "meaning", "vietnameseMeaning", "partOfSpeech", "exampleSentence", "exampleTranslation", "synonyms", "antonyms", "collocations") VALUES ('daily-life-food-and-drinks-c1-voracious', 'daily-life-food-and-drinks-c1', E'voracious', E'/vəˈreɪʃəs/', E'/vəˈreɪʃəs/', E'wanting a lot of food', E'phá mồi/tham ăn', 'adjective', E'He has a voracious appetite.', E'Anh ấy ăn rất khỏe.', ARRAY['insatiable']::text[], '{}', ARRAY['voracious eater']::text[]) ON CONFLICT ("id") DO NOTHING;
INSERT INTO "VocabItem" ("id", "topicId", "word", "phonBr", "phonNAm", "meaning", "vietnameseMeaning", "partOfSpeech", "exampleSentence", "exampleTranslation", "synonyms", "antonyms", "collocations") VALUES ('daily-life-food-and-drinks-c1-edible', 'daily-life-food-and-drinks-c1', E'edible', E'/ˈedɪbl/', E'/ˈedɪbl/', E'safe to eat', E'ăn được', 'adjective', E'Are these mushrooms edible?', E'Nấm này ăn được không?', ARRAY['eatable']::text[], ARRAY['poisonous']::text[], ARRAY['edible flowers']::text[]) ON CONFLICT ("id") DO NOTHING;
INSERT INTO "VocabItem" ("id", "topicId", "word", "phonBr", "phonNAm", "meaning", "vietnameseMeaning", "partOfSpeech", "exampleSentence", "exampleTranslation", "synonyms", "antonyms", "collocations") VALUES ('daily-life-food-and-drinks-c1-digestible', 'daily-life-food-and-drinks-c1', E'digestible', E'/daɪˈdʒestəbl/', E'/daɪˈdʒestəbl/', E'easy to digest', E'dễ tiêu', 'adjective', E'Rice is easily digestible.', E'Gạo dễ tiêu hóa.', '{}', '{}', ARRAY['digestible food']::text[]) ON CONFLICT ("id") DO NOTHING;
INSERT INTO "VocabItem" ("id", "topicId", "word", "phonBr", "phonNAm", "meaning", "vietnameseMeaning", "partOfSpeech", "exampleSentence", "exampleTranslation", "synonyms", "antonyms", "collocations") VALUES ('daily-life-food-and-drinks-c1-pastry', 'daily-life-food-and-drinks-c1', E'pastry', E'/ˈpeɪstri/', E'/ˈpeɪstri/', E'dough mix', E'bánh ngọt', 'noun', E'French pastry is famous.', E'Bánh ngọt Pháp rất nổi tiếng.', '{}', '{}', ARRAY['pastry chef']::text[]) ON CONFLICT ("id") DO NOTHING;
INSERT INTO "VocabItem" ("id", "topicId", "word", "phonBr", "phonNAm", "meaning", "vietnameseMeaning", "partOfSpeech", "exampleSentence", "exampleTranslation", "synonyms", "antonyms", "collocations") VALUES ('daily-life-food-and-drinks-c1-gluttony', 'daily-life-food-and-drinks-c1', E'gluttony', E'/ˈɡlʌtəni/', E'/ˈɡlʌtəni/', E'habit of eating too much', E'thói phàm ăn', 'noun', E'Gluttony is bad for health.', E'Phàm ăn hại sức khỏe.', ARRAY['greed']::text[], '{}', ARRAY['sin of gluttony']::text[]) ON CONFLICT ("id") DO NOTHING;

-- Topic: Shopping - A2 (10 words)
INSERT INTO "Topic" ("id", "title", "subtitle", "description", "level", "wordCount", "estimatedTime", "category", "subcategory", "order", "topicGroupId") VALUES ('daily-life-shopping-a2', 'Shopping - A2', 'Vocabulary about shopping', 'Learn essential vocabulary about shopping at A2 level.', 'A2', 10, 20, 'Daily Life', 'Shopping', 1, 'sf14b96fa138d5fd4b02c') ON CONFLICT ("id") DO NOTHING;
INSERT INTO "VocabItem" ("id", "topicId", "word", "phonBr", "phonNAm", "meaning", "vietnameseMeaning", "partOfSpeech", "exampleSentence", "exampleTranslation", "synonyms", "antonyms", "collocations") VALUES ('daily-life-shopping-a2-customer', 'daily-life-shopping-a2', E'customer', E'/ˈkʌstəmər/', E'/ˈkʌstəmər/', E'person buying things', E'khách hàng', 'noun', E'The customer is always right.', E'Khách hàng luôn đúng.', ARRAY['shopper']::text[], ARRAY['seller']::text[], ARRAY['loyal customer']::text[]) ON CONFLICT ("id") DO NOTHING;
INSERT INTO "VocabItem" ("id", "topicId", "word", "phonBr", "phonNAm", "meaning", "vietnameseMeaning", "partOfSpeech", "exampleSentence", "exampleTranslation", "synonyms", "antonyms", "collocations") VALUES ('daily-life-shopping-a2-supermarket', 'daily-life-shopping-a2', E'supermarket', E'/ˈsuːpəmɑːkɪt/', E'/ˈsuːpərmɑːrkɪt/', E'large food store', E'siêu thị', 'noun', E'I go to the supermarket weekly.', E'Tôi đi siêu thị hàng tuần.', ARRAY['grocery store']::text[], '{}', ARRAY['local supermarket']::text[]) ON CONFLICT ("id") DO NOTHING;
INSERT INTO "VocabItem" ("id", "topicId", "word", "phonBr", "phonNAm", "meaning", "vietnameseMeaning", "partOfSpeech", "exampleSentence", "exampleTranslation", "synonyms", "antonyms", "collocations") VALUES ('daily-life-shopping-a2-price', 'daily-life-shopping-a2', E'price', E'/praɪs/', E'/praɪs/', E'amount of money needed', E'giá cả', 'noun', E'What is the price?', E'Giá bao nhiêu?', ARRAY['cost']::text[], '{}', ARRAY['high price']::text[]) ON CONFLICT ("id") DO NOTHING;
INSERT INTO "VocabItem" ("id", "topicId", "word", "phonBr", "phonNAm", "meaning", "vietnameseMeaning", "partOfSpeech", "exampleSentence", "exampleTranslation", "synonyms", "antonyms", "collocations") VALUES ('daily-life-shopping-a2-cheap', 'daily-life-shopping-a2', E'cheap', E'/tʃiːp/', E'/tʃiːp/', E'low in price', E'rẻ', 'adjective', E'It is very cheap.', E'Nó rất rẻ.', ARRAY['inexpensive']::text[], ARRAY['expensive']::text[], ARRAY['cheap clothes']::text[]) ON CONFLICT ("id") DO NOTHING;
INSERT INTO "VocabItem" ("id", "topicId", "word", "phonBr", "phonNAm", "meaning", "vietnameseMeaning", "partOfSpeech", "exampleSentence", "exampleTranslation", "synonyms", "antonyms", "collocations") VALUES ('daily-life-shopping-a2-expensive', 'daily-life-shopping-a2', E'expensive', E'/ɪkˈspensɪv/', E'/ɪkˈspensɪv/', E'costing a lot', E'đắt', 'adjective', E'That car is expensive.', E'Xe đó đắt tiền.', ARRAY['costly']::text[], ARRAY['cheap']::text[], ARRAY['expensive watch']::text[]) ON CONFLICT ("id") DO NOTHING;
INSERT INTO "VocabItem" ("id", "topicId", "word", "phonBr", "phonNAm", "meaning", "vietnameseMeaning", "partOfSpeech", "exampleSentence", "exampleTranslation", "synonyms", "antonyms", "collocations") VALUES ('daily-life-shopping-a2-pay', 'daily-life-shopping-a2', E'pay', E'/peɪ/', E'/peɪ/', E'give money for goods', E'trả tiền', 'verb', E'I will pay by card.', E'Tôi sẽ trả bằng thẻ.', ARRAY['spend']::text[], '{}', ARRAY['pay bill']::text[]) ON CONFLICT ("id") DO NOTHING;
INSERT INTO "VocabItem" ("id", "topicId", "word", "phonBr", "phonNAm", "meaning", "vietnameseMeaning", "partOfSpeech", "exampleSentence", "exampleTranslation", "synonyms", "antonyms", "collocations") VALUES ('daily-life-shopping-a2-cash', 'daily-life-shopping-a2', E'cash', E'/kæʃ/', E'/kæʃ/', E'money in coins/notes', E'tiền mặt', 'noun', E'Do you have cash?', E'Bạn có tiền mặt không?', ARRAY['money']::text[], '{}', ARRAY['pay cash']::text[]) ON CONFLICT ("id") DO NOTHING;
INSERT INTO "VocabItem" ("id", "topicId", "word", "phonBr", "phonNAm", "meaning", "vietnameseMeaning", "partOfSpeech", "exampleSentence", "exampleTranslation", "synonyms", "antonyms", "collocations") VALUES ('daily-life-shopping-a2-wallet', 'daily-life-shopping-a2', E'wallet', E'/ˈwɒlɪt/', E'/ˈwɑːlɪt/', E'small case for money', E'ví nam', 'noun', E'I lost my wallet.', E'Tôi mất ví.', ARRAY['billfold']::text[], '{}', ARRAY['leather wallet']::text[]) ON CONFLICT ("id") DO NOTHING;
INSERT INTO "VocabItem" ("id", "topicId", "word", "phonBr", "phonNAm", "meaning", "vietnameseMeaning", "partOfSpeech", "exampleSentence", "exampleTranslation", "synonyms", "antonyms", "collocations") VALUES ('daily-life-shopping-a2-sale', 'daily-life-shopping-a2', E'sale', E'/seɪl/', E'/seɪl/', E'selling at lower price', E'giảm giá', 'noun', E'It is on sale.', E'Nó đang giảm giá.', ARRAY['discount']::text[], '{}', ARRAY['for sale']::text[]) ON CONFLICT ("id") DO NOTHING;
INSERT INTO "VocabItem" ("id", "topicId", "word", "phonBr", "phonNAm", "meaning", "vietnameseMeaning", "partOfSpeech", "exampleSentence", "exampleTranslation", "synonyms", "antonyms", "collocations") VALUES ('daily-life-shopping-a2-basket', 'daily-life-shopping-a2', E'basket', E'/ˈbɑːskɪt/', E'/ˈbæskɪt/', E'container for carrying', E'giỏ', 'noun', E'Put it in the basket.', E'Bỏ nó vào giỏ.', '{}', '{}', ARRAY['shopping basket']::text[]) ON CONFLICT ("id") DO NOTHING;

-- Topic: Shopping - B2 (10 words)
INSERT INTO "Topic" ("id", "title", "subtitle", "description", "level", "wordCount", "estimatedTime", "category", "subcategory", "order", "topicGroupId") VALUES ('daily-life-shopping-b2', 'Shopping - B2', 'Vocabulary about shopping', 'Learn essential vocabulary about shopping at B2 level.', 'B2', 10, 20, 'Daily Life', 'Shopping', 3, 'sf14b96fa138d5fd4b02c') ON CONFLICT ("id") DO NOTHING;
INSERT INTO "VocabItem" ("id", "topicId", "word", "phonBr", "phonNAm", "meaning", "vietnameseMeaning", "partOfSpeech", "exampleSentence", "exampleTranslation", "synonyms", "antonyms", "collocations") VALUES ('daily-life-shopping-b2-bargain', 'daily-life-shopping-b2', E'bargain', E'/ˈbɑːɡən/', E'/ˈbɑːrɡən/', E'something sold cheaply', E'món hời', 'noun', E'This shirt is a bargain.', E'Áo này là món hời.', ARRAY['deal']::text[], '{}', ARRAY['good bargain']::text[]) ON CONFLICT ("id") DO NOTHING;
INSERT INTO "VocabItem" ("id", "topicId", "word", "phonBr", "phonNAm", "meaning", "vietnameseMeaning", "partOfSpeech", "exampleSentence", "exampleTranslation", "synonyms", "antonyms", "collocations") VALUES ('daily-life-shopping-b2-consumer', 'daily-life-shopping-b2', E'consumer', E'/kənˈsuːmər/', E'/kənˈsuːmər/', E'person who buys/uses', E'người tiêu dùng', 'noun', E'Consumer rights are important.', E'Quyền lợi người tiêu dùng quan trọng.', ARRAY['user']::text[], ARRAY['producer']::text[], ARRAY['consumer protection']::text[]) ON CONFLICT ("id") DO NOTHING;
INSERT INTO "VocabItem" ("id", "topicId", "word", "phonBr", "phonNAm", "meaning", "vietnameseMeaning", "partOfSpeech", "exampleSentence", "exampleTranslation", "synonyms", "antonyms", "collocations") VALUES ('daily-life-shopping-b2-retail', 'daily-life-shopping-b2', E'retail', E'/ˈriːteɪl/', E'/ˈriːteɪl/', E'selling to public', E'bán lẻ', 'noun', E'I work in retail.', E'Tôi làm ngành bán lẻ.', '{}', ARRAY['wholesale']::text[], ARRAY['retail store']::text[]) ON CONFLICT ("id") DO NOTHING;
INSERT INTO "VocabItem" ("id", "topicId", "word", "phonBr", "phonNAm", "meaning", "vietnameseMeaning", "partOfSpeech", "exampleSentence", "exampleTranslation", "synonyms", "antonyms", "collocations") VALUES ('daily-life-shopping-b2-discount', 'daily-life-shopping-b2', E'discount', E'/ˈdɪskaʊnt/', E'/ˈdɪskaʊnt/', E'reduction in price', E'chiết khấu', 'noun', E'Can I get a discount?', E'Tôi được giảm giá không?', ARRAY['reduction']::text[], '{}', ARRAY['big discount']::text[]) ON CONFLICT ("id") DO NOTHING;
INSERT INTO "VocabItem" ("id", "topicId", "word", "phonBr", "phonNAm", "meaning", "vietnameseMeaning", "partOfSpeech", "exampleSentence", "exampleTranslation", "synonyms", "antonyms", "collocations") VALUES ('daily-life-shopping-b2-purchase', 'daily-life-shopping-b2', E'purchase', E'/ˈpɜːtʃəs/', E'/ˈpɜːrtʃəs/', E'act of buying', E'mua sắm', 'verb', E'I purchased a new laptop.', E'Tôi đã mua laptop mới.', ARRAY['buy']::text[], ARRAY['sell']::text[], ARRAY['make purchase']::text[]) ON CONFLICT ("id") DO NOTHING;
INSERT INTO "VocabItem" ("id", "topicId", "word", "phonBr", "phonNAm", "meaning", "vietnameseMeaning", "partOfSpeech", "exampleSentence", "exampleTranslation", "synonyms", "antonyms", "collocations") VALUES ('daily-life-shopping-b2-brand', 'daily-life-shopping-b2', E'brand', E'/brænd/', E'/brænd/', E'make of product', E'thương hiệu', 'noun', E'Which brand do you like?', E'Bạn thích hiệu nào?', ARRAY['label']::text[], '{}', ARRAY['luxury brand']::text[]) ON CONFLICT ("id") DO NOTHING;
INSERT INTO "VocabItem" ("id", "topicId", "word", "phonBr", "phonNAm", "meaning", "vietnameseMeaning", "partOfSpeech", "exampleSentence", "exampleTranslation", "synonyms", "antonyms", "collocations") VALUES ('daily-life-shopping-b2-refund', 'daily-life-shopping-b2', E'refund', E'/ˈriːfʌnd/', E'/ˈriːfʌnd/', E'money back', E'tiền hoàn lại', 'noun', E'I want a refund.', E'Tôi muốn hoàn tiền.', ARRAY['repayment']::text[], '{}', ARRAY['full refund']::text[]) ON CONFLICT ("id") DO NOTHING;
INSERT INTO "VocabItem" ("id", "topicId", "word", "phonBr", "phonNAm", "meaning", "vietnameseMeaning", "partOfSpeech", "exampleSentence", "exampleTranslation", "synonyms", "antonyms", "collocations") VALUES ('daily-life-shopping-b2-guarantee', 'daily-life-shopping-b2', E'guarantee', E'/ˌɡærənˈtiː/', E'/ˌɡærənˈtiː/', E'promise of quality', E'bảo hành', 'noun', E'It has a 2-year guarantee.', E'Nó có bảo hành 2 năm.', ARRAY['warranty']::text[], '{}', ARRAY['under guarantee']::text[]) ON CONFLICT ("id") DO NOTHING;
INSERT INTO "VocabItem" ("id", "topicId", "word", "phonBr", "phonNAm", "meaning", "vietnameseMeaning", "partOfSpeech", "exampleSentence", "exampleTranslation", "synonyms", "antonyms", "collocations") VALUES ('daily-life-shopping-b2-boutique', 'daily-life-shopping-b2', E'boutique', E'/buːˈtiːk/', E'/buːˈtiːk/', E'small fashion shop', E'cửa hàng thời trang', 'noun', E'She shops at a boutique.', E'Cô ấy mua ở cửa hàng thời trang.', ARRAY['shop']::text[], '{}', ARRAY['fashion boutique']::text[]) ON CONFLICT ("id") DO NOTHING;
INSERT INTO "VocabItem" ("id", "topicId", "word", "phonBr", "phonNAm", "meaning", "vietnameseMeaning", "partOfSpeech", "exampleSentence", "exampleTranslation", "synonyms", "antonyms", "collocations") VALUES ('daily-life-shopping-b2-browse', 'daily-life-shopping-b2', E'browse', E'/braʊz/', E'/braʊz/', E'look at goods', E'xem hàng', 'verb', E'I''m just browsing.', E'Tôi chỉ đang xem thôi.', ARRAY['look']::text[], '{}', ARRAY['browse shop']::text[]) ON CONFLICT ("id") DO NOTHING;

-- Topic: Shopping - C2 (10 words)
INSERT INTO "Topic" ("id", "title", "subtitle", "description", "level", "wordCount", "estimatedTime", "category", "subcategory", "order", "topicGroupId") VALUES ('daily-life-shopping-c2', 'Shopping - C2', 'Vocabulary about shopping', 'Learn essential vocabulary about shopping at C2 level.', 'C2', 10, 20, 'Daily Life', 'Shopping', 5, 'sf14b96fa138d5fd4b02c') ON CONFLICT ("id") DO NOTHING;
INSERT INTO "VocabItem" ("id", "topicId", "word", "phonBr", "phonNAm", "meaning", "vietnameseMeaning", "partOfSpeech", "exampleSentence", "exampleTranslation", "synonyms", "antonyms", "collocations") VALUES ('daily-life-shopping-c2-exorbitant', 'daily-life-shopping-c2', E'exorbitant', E'/ɪɡˈzɔːbɪtənt/', E'/ɪɡˈzɔːrbɪtənt/', E'much too expensive', E'cắt cổ (giá)', 'adjective', E'The prices are exorbitant.', E'Giá cả quá cắt cổ.', ARRAY['excessive']::text[], ARRAY['reasonable']::text[], ARRAY['exorbitant fee']::text[]) ON CONFLICT ("id") DO NOTHING;
INSERT INTO "VocabItem" ("id", "topicId", "word", "phonBr", "phonNAm", "meaning", "vietnameseMeaning", "partOfSpeech", "exampleSentence", "exampleTranslation", "synonyms", "antonyms", "collocations") VALUES ('daily-life-shopping-c2-acquisition', 'daily-life-shopping-c2', E'acquisition', E'/ˌækwɪˈzɪʃn/', E'/ˌækwɪˈzɪʃn/', E'act of getting something', E'sự mua lại', 'noun', E'His latest acquisition is a painting.', E'Thứ anh ấy mới tậu là bức tranh.', ARRAY['purchase']::text[], '{}', ARRAY['recent acquisition']::text[]) ON CONFLICT ("id") DO NOTHING;
INSERT INTO "VocabItem" ("id", "topicId", "word", "phonBr", "phonNAm", "meaning", "vietnameseMeaning", "partOfSpeech", "exampleSentence", "exampleTranslation", "synonyms", "antonyms", "collocations") VALUES ('daily-life-shopping-c2-commodity', 'daily-life-shopping-c2', E'commodity', E'/kəˈmɒdəti/', E'/kəˈmɑːdəti/', E'product that is bought/sold', E'hàng hóa', 'noun', E'Oil is a valuable commodity.', E'Dầu là hàng hóa giá trị.', ARRAY['goods']::text[], '{}', ARRAY['basic commodity']::text[]) ON CONFLICT ("id") DO NOTHING;
INSERT INTO "VocabItem" ("id", "topicId", "word", "phonBr", "phonNAm", "meaning", "vietnameseMeaning", "partOfSpeech", "exampleSentence", "exampleTranslation", "synonyms", "antonyms", "collocations") VALUES ('daily-life-shopping-c2-merchandise', 'daily-life-shopping-c2', E'merchandise', E'/ˈmɜːtʃəndaɪs/', E'/ˈmɜːrtʃəndaɪs/', E'goods for sale', E'hàng hóa (bán)', 'noun', E'They display the merchandise well.', E'Họ trưng bày hàng hóa tốt.', ARRAY['goods']::text[], '{}', ARRAY['branded merchandise']::text[]) ON CONFLICT ("id") DO NOTHING;
INSERT INTO "VocabItem" ("id", "topicId", "word", "phonBr", "phonNAm", "meaning", "vietnameseMeaning", "partOfSpeech", "exampleSentence", "exampleTranslation", "synonyms", "antonyms", "collocations") VALUES ('daily-life-shopping-c2-vendor', 'daily-life-shopping-c2', E'vendor', E'/ˈvendər/', E'/ˈvendər/', E'person who sells', E'nhà cung cấp/người bán', 'noun', E'Street vendors sell food.', E'Người bán hàng rong bán đồ ăn.', ARRAY['seller']::text[], ARRAY['buyer']::text[], ARRAY['street vendor']::text[]) ON CONFLICT ("id") DO NOTHING;
INSERT INTO "VocabItem" ("id", "topicId", "word", "phonBr", "phonNAm", "meaning", "vietnameseMeaning", "partOfSpeech", "exampleSentence", "exampleTranslation", "synonyms", "antonyms", "collocations") VALUES ('daily-life-shopping-c2-proprietor', 'daily-life-shopping-c2', E'proprietor', E'/prəˈpaɪətər/', E'/prəˈpaɪətər/', E'owner of a business', E'chủ sở hữu', 'noun', E'The proprietor is very kind.', E'Ông chủ rất tốt bụng.', ARRAY['owner']::text[], '{}', ARRAY['store proprietor']::text[]) ON CONFLICT ("id") DO NOTHING;
INSERT INTO "VocabItem" ("id", "topicId", "word", "phonBr", "phonNAm", "meaning", "vietnameseMeaning", "partOfSpeech", "exampleSentence", "exampleTranslation", "synonyms", "antonyms", "collocations") VALUES ('daily-life-shopping-c2-clientele', 'daily-life-shopping-c2', E'clientele', E'/ˌkliːənˈtel/', E'/ˌklaɪənˈtel/', E'all the customers', E'nhóm khách hàng', 'noun', E'The shop has a wealthy clientele.', E'Cửa hàng có nhóm khách giàu có.', ARRAY['customers']::text[], '{}', ARRAY['loyal clientele']::text[]) ON CONFLICT ("id") DO NOTHING;
INSERT INTO "VocabItem" ("id", "topicId", "word", "phonBr", "phonNAm", "meaning", "vietnameseMeaning", "partOfSpeech", "exampleSentence", "exampleTranslation", "synonyms", "antonyms", "collocations") VALUES ('daily-life-shopping-c2-lucrative', 'daily-life-shopping-c2', E'lucrative', E'/ˈluːkrətɪv/', E'/ˈluːkrətɪv/', E'making a lot of money', E'sinh lợi', 'adjective', E'It is a lucrative business.', E'Nó là việc kinh doanh sinh lợi.', ARRAY['profitable']::text[], ARRAY['unprofitable']::text[], ARRAY['lucrative deal']::text[]) ON CONFLICT ("id") DO NOTHING;
INSERT INTO "VocabItem" ("id", "topicId", "word", "phonBr", "phonNAm", "meaning", "vietnameseMeaning", "partOfSpeech", "exampleSentence", "exampleTranslation", "synonyms", "antonyms", "collocations") VALUES ('daily-life-shopping-c2-barter', 'daily-life-shopping-c2', E'barter', E'/ˈbɑːtər/', E'/ˈbɑːrtər/', E'exchange goods for goods', E'trao đổi hàng', 'verb', E'They used to barter food.', E'Họ từng trao đổi thức ăn.', ARRAY['trade']::text[], '{}', ARRAY['barter system']::text[]) ON CONFLICT ("id") DO NOTHING;
INSERT INTO "VocabItem" ("id", "topicId", "word", "phonBr", "phonNAm", "meaning", "vietnameseMeaning", "partOfSpeech", "exampleSentence", "exampleTranslation", "synonyms", "antonyms", "collocations") VALUES ('daily-life-shopping-c2-emporium', 'daily-life-shopping-c2', E'emporium', E'/emˈpɔːriəm/', E'/emˈpɔːriəm/', E'large shop', E'trung tâm mua sắm', 'noun', E'London has famous emporiums.', E'London có các trung tâm mua sắm nổi tiếng.', ARRAY['store']::text[], '{}', ARRAY['fashion emporium']::text[]) ON CONFLICT ("id") DO NOTHING;

-- Topic: Transportation - A1 (10 words)
INSERT INTO "Topic" ("id", "title", "subtitle", "description", "level", "wordCount", "estimatedTime", "category", "subcategory", "order", "topicGroupId") VALUES ('daily-life-transportation-a1', 'Transportation - A1', 'Vocabulary about transportation', 'Learn essential vocabulary about transportation at A1 level.', 'A1', 10, 20, 'Daily Life', 'Transportation', 0, 'sf14b96fa138d5fd4b02c') ON CONFLICT ("id") DO NOTHING;
INSERT INTO "VocabItem" ("id", "topicId", "word", "phonBr", "phonNAm", "meaning", "vietnameseMeaning", "partOfSpeech", "exampleSentence", "exampleTranslation", "synonyms", "antonyms", "collocations") VALUES ('daily-life-transportation-a1-car', 'daily-life-transportation-a1', E'car', E'/kɑːr/', E'/kɑːr/', E'road vehicle with 4 wheels', E'ô tô', 'noun', E'I drive a car.', E'Tôi lái xe ô tô.', ARRAY['automobile']::text[], '{}', ARRAY['fast car']::text[]) ON CONFLICT ("id") DO NOTHING;
INSERT INTO "VocabItem" ("id", "topicId", "word", "phonBr", "phonNAm", "meaning", "vietnameseMeaning", "partOfSpeech", "exampleSentence", "exampleTranslation", "synonyms", "antonyms", "collocations") VALUES ('daily-life-transportation-a1-bus', 'daily-life-transportation-a1', E'bus', E'/bʌs/', E'/bʌs/', E'large vehicle for many', E'xe buýt', 'noun', E'Take the bus home.', E'Bắt xe buýt về nhà.', ARRAY['coach']::text[], '{}', ARRAY['school bus']::text[]) ON CONFLICT ("id") DO NOTHING;
INSERT INTO "VocabItem" ("id", "topicId", "word", "phonBr", "phonNAm", "meaning", "vietnameseMeaning", "partOfSpeech", "exampleSentence", "exampleTranslation", "synonyms", "antonyms", "collocations") VALUES ('daily-life-transportation-a1-train', 'daily-life-transportation-a1', E'train', E'/treɪn/', E'/treɪn/', E'railway vehicle', E'tàu hỏa', 'noun', E'The train is late.', E'Tàu đến muộn.', '{}', '{}', ARRAY['catch train']::text[]) ON CONFLICT ("id") DO NOTHING;
INSERT INTO "VocabItem" ("id", "topicId", "word", "phonBr", "phonNAm", "meaning", "vietnameseMeaning", "partOfSpeech", "exampleSentence", "exampleTranslation", "synonyms", "antonyms", "collocations") VALUES ('daily-life-transportation-a1-bike', 'daily-life-transportation-a1', E'bike', E'/baɪk/', E'/baɪk/', E'vehicle with 2 wheels', E'xe đạp', 'noun', E'I ride my bike.', E'Tôi đạp xe.', ARRAY['bicycle']::text[], '{}', ARRAY['ride bike']::text[]) ON CONFLICT ("id") DO NOTHING;
INSERT INTO "VocabItem" ("id", "topicId", "word", "phonBr", "phonNAm", "meaning", "vietnameseMeaning", "partOfSpeech", "exampleSentence", "exampleTranslation", "synonyms", "antonyms", "collocations") VALUES ('daily-life-transportation-a1-plane', 'daily-life-transportation-a1', E'plane', E'/pleɪn/', E'/pleɪn/', E'flying vehicle', E'máy bay', 'noun', E'The plane flies high.', E'Máy bay bay cao.', ARRAY['airplane']::text[], '{}', ARRAY['by plane']::text[]) ON CONFLICT ("id") DO NOTHING;
INSERT INTO "VocabItem" ("id", "topicId", "word", "phonBr", "phonNAm", "meaning", "vietnameseMeaning", "partOfSpeech", "exampleSentence", "exampleTranslation", "synonyms", "antonyms", "collocations") VALUES ('daily-life-transportation-a1-ticket', 'daily-life-transportation-a1', E'ticket', E'/ˈtɪkɪt/', E'/ˈtɪkɪt/', E'paper allowing travel', E'vé', 'noun', E'I need a bus ticket.', E'Tôi cần vé xe buýt.', '{}', '{}', ARRAY['buy ticket']::text[]) ON CONFLICT ("id") DO NOTHING;
INSERT INTO "VocabItem" ("id", "topicId", "word", "phonBr", "phonNAm", "meaning", "vietnameseMeaning", "partOfSpeech", "exampleSentence", "exampleTranslation", "synonyms", "antonyms", "collocations") VALUES ('daily-life-transportation-a1-drive', 'daily-life-transportation-a1', E'drive', E'/draɪv/', E'/draɪv/', E'operate a car', E'lái xe', 'verb', E'He drives to work.', E'Anh ấy lái xe đi làm.', '{}', ARRAY['walk']::text[], ARRAY['drive safely']::text[]) ON CONFLICT ("id") DO NOTHING;
INSERT INTO "VocabItem" ("id", "topicId", "word", "phonBr", "phonNAm", "meaning", "vietnameseMeaning", "partOfSpeech", "exampleSentence", "exampleTranslation", "synonyms", "antonyms", "collocations") VALUES ('daily-life-transportation-a1-road', 'daily-life-transportation-a1', E'road', E'/rəʊd/', E'/roʊd/', E'way for cars', E'con đường', 'noun', E'The road is long.', E'Con đường rất dài.', ARRAY['street']::text[], '{}', ARRAY['main road']::text[]) ON CONFLICT ("id") DO NOTHING;
INSERT INTO "VocabItem" ("id", "topicId", "word", "phonBr", "phonNAm", "meaning", "vietnameseMeaning", "partOfSpeech", "exampleSentence", "exampleTranslation", "synonyms", "antonyms", "collocations") VALUES ('daily-life-transportation-a1-stop', 'daily-life-transportation-a1', E'stop', E'/stɒp/', E'/stɑːp/', E'place to get on bus', E'trạm dừng', 'noun', E'Wait at the bus stop.', E'Đợi ở trạm xe buýt.', ARRAY['station']::text[], '{}', ARRAY['bus stop']::text[]) ON CONFLICT ("id") DO NOTHING;
INSERT INTO "VocabItem" ("id", "topicId", "word", "phonBr", "phonNAm", "meaning", "vietnameseMeaning", "partOfSpeech", "exampleSentence", "exampleTranslation", "synonyms", "antonyms", "collocations") VALUES ('daily-life-transportation-a1-go', 'daily-life-transportation-a1', E'go', E'/ɡəʊ/', E'/ɡoʊ/', E'move travel', E'đi', 'verb', E'We go by car.', E'Chúng tôi đi bằng ô tô.', ARRAY['travel']::text[], ARRAY['stay']::text[], ARRAY['go home']::text[]) ON CONFLICT ("id") DO NOTHING;

-- Topic: Transportation - B2 (10 words)
INSERT INTO "Topic" ("id", "title", "subtitle", "description", "level", "wordCount", "estimatedTime", "category", "subcategory", "order", "topicGroupId") VALUES ('daily-life-transportation-b2', 'Transportation - B2', 'Vocabulary about transportation', 'Learn essential vocabulary about transportation at B2 level.', 'B2', 10, 20, 'Daily Life', 'Transportation', 3, 'sf14b96fa138d5fd4b02c') ON CONFLICT ("id") DO NOTHING;
INSERT INTO "VocabItem" ("id", "topicId", "word", "phonBr", "phonNAm", "meaning", "vietnameseMeaning", "partOfSpeech", "exampleSentence", "exampleTranslation", "synonyms", "antonyms", "collocations") VALUES ('daily-life-transportation-b2-commute', 'daily-life-transportation-b2', E'commute', E'/kəˈmjuːt/', E'/kəˈmjuːt/', E'travel to work', E'đi làm', 'verb', E'I commute by train.', E'Tôi đi làm bằng tàu.', ARRAY['travel']::text[], '{}', ARRAY['daily commute']::text[]) ON CONFLICT ("id") DO NOTHING;
INSERT INTO "VocabItem" ("id", "topicId", "word", "phonBr", "phonNAm", "meaning", "vietnameseMeaning", "partOfSpeech", "exampleSentence", "exampleTranslation", "synonyms", "antonyms", "collocations") VALUES ('daily-life-transportation-b2-congestion', 'daily-life-transportation-b2', E'congestion', E'/kənˈdʒestʃən/', E'/kənˈdʒestʃən/', E'too much traffic', E'tắc nghẽn', 'noun', E'Traffic congestion is bad.', E'Tắc đường rất tệ.', ARRAY['jam']::text[], '{}', ARRAY['traffic congestion']::text[]) ON CONFLICT ("id") DO NOTHING;
INSERT INTO "VocabItem" ("id", "topicId", "word", "phonBr", "phonNAm", "meaning", "vietnameseMeaning", "partOfSpeech", "exampleSentence", "exampleTranslation", "synonyms", "antonyms", "collocations") VALUES ('daily-life-transportation-b2-vehicle', 'daily-life-transportation-b2', E'vehicle', E'/ˈviːəkl/', E'/ˈviːəkl/', E'machine for travel', E'phương tiện', 'noun', E'Do not leave vehicle unattended.', E'Không để phương tiện không trông coi.', ARRAY['transport']::text[], '{}', ARRAY['motor vehicle']::text[]) ON CONFLICT ("id") DO NOTHING;
INSERT INTO "VocabItem" ("id", "topicId", "word", "phonBr", "phonNAm", "meaning", "vietnameseMeaning", "partOfSpeech", "exampleSentence", "exampleTranslation", "synonyms", "antonyms", "collocations") VALUES ('daily-life-transportation-b2-passenger', 'daily-life-transportation-b2', E'passenger', E'/ˈpæsɪndʒər/', E'/ˈpæsɪndʒər/', E'person travelling', E'hành khách', 'noun', E'The bus was full of passengers.', E'Xe buýt đầy hành khách.', ARRAY['traveller']::text[], ARRAY['driver']::text[], ARRAY['train passenger']::text[]) ON CONFLICT ("id") DO NOTHING;
INSERT INTO "VocabItem" ("id", "topicId", "word", "phonBr", "phonNAm", "meaning", "vietnameseMeaning", "partOfSpeech", "exampleSentence", "exampleTranslation", "synonyms", "antonyms", "collocations") VALUES ('daily-life-transportation-b2-depart', 'daily-life-transportation-b2', E'depart', E'/dɪˈpɑːt/', E'/dɪˈpɑːrt/', E'leave a place', E'khởi hành', 'verb', E'Values depart at 9.', E'Chuyến tàu đi lúc 9 giờ.', ARRAY['leave']::text[], ARRAY['arrive']::text[], ARRAY['depart for']::text[]) ON CONFLICT ("id") DO NOTHING;
INSERT INTO "VocabItem" ("id", "topicId", "word", "phonBr", "phonNAm", "meaning", "vietnameseMeaning", "partOfSpeech", "exampleSentence", "exampleTranslation", "synonyms", "antonyms", "collocations") VALUES ('daily-life-transportation-b2-arrival', 'daily-life-transportation-b2', E'arrival', E'/əˈraɪvl/', E'/əˈraɪvl/', E'reaching a place', E'sự đến', 'noun', E'Check arrival time.', E'Kiểm tra giờ đến.', ARRAY['coming']::text[], ARRAY['departure']::text[], ARRAY['estimated arrival']::text[]) ON CONFLICT ("id") DO NOTHING;
INSERT INTO "VocabItem" ("id", "topicId", "word", "phonBr", "phonNAm", "meaning", "vietnameseMeaning", "partOfSpeech", "exampleSentence", "exampleTranslation", "synonyms", "antonyms", "collocations") VALUES ('daily-life-transportation-b2-fare', 'daily-life-transportation-b2', E'fare', E'/feər/', E'/fer/', E'cost of travel', E'giá vé', 'noun', E'Bus fares increased.', E'Giá vé xe buýt tăng.', ARRAY['price']::text[], '{}', ARRAY['pay fare']::text[]) ON CONFLICT ("id") DO NOTHING;
INSERT INTO "VocabItem" ("id", "topicId", "word", "phonBr", "phonNAm", "meaning", "vietnameseMeaning", "partOfSpeech", "exampleSentence", "exampleTranslation", "synonyms", "antonyms", "collocations") VALUES ('daily-life-transportation-b2-pedestrian', 'daily-life-transportation-b2', E'pedestrian', E'/pəˈdestriən/', E'/pəˈdestriən/', E'person walking', E'người đi bộ', 'noun', E'Watch out for pedestrians.', E'Cẩn thận người đi bộ.', ARRAY['walker']::text[], ARRAY['driver']::text[], ARRAY['pedestrian crossing']::text[]) ON CONFLICT ("id") DO NOTHING;
INSERT INTO "VocabItem" ("id", "topicId", "word", "phonBr", "phonNAm", "meaning", "vietnameseMeaning", "partOfSpeech", "exampleSentence", "exampleTranslation", "synonyms", "antonyms", "collocations") VALUES ('daily-life-transportation-b2-route', 'daily-life-transportation-b2', E'route', E'/ruːt/', E'/ruːt/', E'way to go', E'lộ trình', 'noun', E'This is the fastest route.', E'Đây là lộ trình nhanh nhất.', ARRAY['path']::text[], '{}', ARRAY['planned route']::text[]) ON CONFLICT ("id") DO NOTHING;
INSERT INTO "VocabItem" ("id", "topicId", "word", "phonBr", "phonNAm", "meaning", "vietnameseMeaning", "partOfSpeech", "exampleSentence", "exampleTranslation", "synonyms", "antonyms", "collocations") VALUES ('daily-life-transportation-b2-transfer', 'daily-life-transportation-b2', E'transfer', E'/trænsˈfɜːr/', E'/trænsˈfɜːr/', E'change to another bus/train', E'chuyển xe', 'verb', E'Transfer at the next station.', E'Chuyển xe ở trạm tới.', ARRAY['switch']::text[], '{}', ARRAY['transfer flight']::text[]) ON CONFLICT ("id") DO NOTHING;

-- Topic: Transportation - C1 (10 words)
INSERT INTO "Topic" ("id", "title", "subtitle", "description", "level", "wordCount", "estimatedTime", "category", "subcategory", "order", "topicGroupId") VALUES ('daily-life-transportation-c1', 'Transportation - C1', 'Vocabulary about transportation', 'Learn essential vocabulary about transportation at C1 level.', 'C1', 10, 20, 'Daily Life', 'Transportation', 4, 'sf14b96fa138d5fd4b02c') ON CONFLICT ("id") DO NOTHING;
INSERT INTO "VocabItem" ("id", "topicId", "word", "phonBr", "phonNAm", "meaning", "vietnameseMeaning", "partOfSpeech", "exampleSentence", "exampleTranslation", "synonyms", "antonyms", "collocations") VALUES ('daily-life-transportation-c1-itinerary', 'daily-life-transportation-c1', E'itinerary', E'/aɪˈtɪnərəri/', E'/aɪˈtɪnərəri/', E'plan of a journey', E'lịch trình', 'noun', E'Send me your itinerary.', E'Gửi tôi lịch trình của bạn.', ARRAY['schedule']::text[], '{}', ARRAY['travel itinerary']::text[]) ON CONFLICT ("id") DO NOTHING;
INSERT INTO "VocabItem" ("id", "topicId", "word", "phonBr", "phonNAm", "meaning", "vietnameseMeaning", "partOfSpeech", "exampleSentence", "exampleTranslation", "synonyms", "antonyms", "collocations") VALUES ('daily-life-transportation-c1-logistics', 'daily-life-transportation-c1', E'logistics', E'/ləˈdʒɪstɪks/', E'/ləˈdʒɪstɪks/', E'organization of complex operation', E'hậu cần', 'noun', E'Transport logistics are complex.', E'Hậu cần vận tải rất phức tạp.', '{}', '{}', ARRAY['supply logistics']::text[]) ON CONFLICT ("id") DO NOTHING;
INSERT INTO "VocabItem" ("id", "topicId", "word", "phonBr", "phonNAm", "meaning", "vietnameseMeaning", "partOfSpeech", "exampleSentence", "exampleTranslation", "synonyms", "antonyms", "collocations") VALUES ('daily-life-transportation-c1-freight', 'daily-life-transportation-c1', E'freight', E'/freɪt/', E'/freɪt/', E'goods carried by transport', E'hàng hóa chuyên chở', 'noun', E'The train carries heavy freight.', E'Tàu chở hàng nặng.', ARRAY['cargo']::text[], '{}', ARRAY['freight train']::text[]) ON CONFLICT ("id") DO NOTHING;
INSERT INTO "VocabItem" ("id", "topicId", "word", "phonBr", "phonNAm", "meaning", "vietnameseMeaning", "partOfSpeech", "exampleSentence", "exampleTranslation", "synonyms", "antonyms", "collocations") VALUES ('daily-life-transportation-c1-gridlock', 'daily-life-transportation-c1', E'gridlock', E'/ˈɡrɪdlɒk/', E'/ˈɡrɪdlɑːk/', E'severe traffic jam', E'tắc nghẽn hoàn toàn', 'noun', E'The city is in gridlock.', E'Thành phố bị tắc nghẽn hoàn toàn.', ARRAY['jam']::text[], ARRAY['flow']::text[], ARRAY['traffic gridlock']::text[]) ON CONFLICT ("id") DO NOTHING;
INSERT INTO "VocabItem" ("id", "topicId", "word", "phonBr", "phonNAm", "meaning", "vietnameseMeaning", "partOfSpeech", "exampleSentence", "exampleTranslation", "synonyms", "antonyms", "collocations") VALUES ('daily-life-transportation-c1-infrastructure', 'daily-life-transportation-c1', E'infrastructure', E'/ˈɪnfrəstrʌktʃər/', E'/ˈɪnfrəstrʌktʃər/', E'basic systems', E'cơ sở hạ tầng', 'noun', E'Improve transport infrastructure.', E'Cải thiện cơ sở hạ tầng giao thông.', ARRAY['system']::text[], '{}', ARRAY['public infrastructure']::text[]) ON CONFLICT ("id") DO NOTHING;
INSERT INTO "VocabItem" ("id", "topicId", "word", "phonBr", "phonNAm", "meaning", "vietnameseMeaning", "partOfSpeech", "exampleSentence", "exampleTranslation", "synonyms", "antonyms", "collocations") VALUES ('daily-life-transportation-c1-terminal', 'daily-life-transportation-c1', E'terminal', E'/ˈtɜːmɪnl/', E'/ˈtɜːrmɪnl/', E'end station', E'nhà ga cuối/bến', 'noun', E'Go to Terminal 2.', E'Đến Nhà ga số 2.', ARRAY['station']::text[], '{}', ARRAY['airport terminal']::text[]) ON CONFLICT ("id") DO NOTHING;
INSERT INTO "VocabItem" ("id", "topicId", "word", "phonBr", "phonNAm", "meaning", "vietnameseMeaning", "partOfSpeech", "exampleSentence", "exampleTranslation", "synonyms", "antonyms", "collocations") VALUES ('daily-life-transportation-c1-shuttle', 'daily-life-transportation-c1', E'shuttle', E'/ˈʃʌtl/', E'/ˈʃʌtl/', E'regular short journey vehicle', E'xe trung chuyển', 'noun', E'Take the airport shuttle.', E'Bắt xe trung chuyển sân bay.', '{}', '{}', ARRAY['shuttle bus']::text[]) ON CONFLICT ("id") DO NOTHING;
INSERT INTO "VocabItem" ("id", "topicId", "word", "phonBr", "phonNAm", "meaning", "vietnameseMeaning", "partOfSpeech", "exampleSentence", "exampleTranslation", "synonyms", "antonyms", "collocations") VALUES ('daily-life-transportation-c1-transit', 'daily-life-transportation-c1', E'transit', E'/ˈtrænzɪt/', E'/ˈtrænzɪt/', E'carrying people/goods', E'quá cảnh/vận chuyển', 'noun', E'Goods are in transit.', E'Hàng hóa đang trên đường vận chuyển.', ARRAY['transport']::text[], '{}', ARRAY['mass transit']::text[]) ON CONFLICT ("id") DO NOTHING;
INSERT INTO "VocabItem" ("id", "topicId", "word", "phonBr", "phonNAm", "meaning", "vietnameseMeaning", "partOfSpeech", "exampleSentence", "exampleTranslation", "synonyms", "antonyms", "collocations") VALUES ('daily-life-transportation-c1-embark', 'daily-life-transportation-c1', E'embark', E'/ɪmˈbɑːk/', E'/ɪmˈbɑːrk/', E'go on board', E'lên tàu/xe', 'verb', E'We embarked on the ship.', E'Chúng tôi lên tàu.', ARRAY['board']::text[], ARRAY['disembark']::text[], ARRAY['embark on journey']::text[]) ON CONFLICT ("id") DO NOTHING;
INSERT INTO "VocabItem" ("id", "topicId", "word", "phonBr", "phonNAm", "meaning", "vietnameseMeaning", "partOfSpeech", "exampleSentence", "exampleTranslation", "synonyms", "antonyms", "collocations") VALUES ('daily-life-transportation-c1-divert', 'daily-life-transportation-c1', E'divert', E'/daɪˈvɜːt/', E'/daɪˈvɜːrt/', E'change direction', E'chuyển hướng', 'verb', E'Traffic was diverted.', E'Giao thông bị chuyển hướng.', ARRAY['redirect']::text[], '{}', ARRAY['divert flight']::text[]) ON CONFLICT ("id") DO NOTHING;

-- ══════════════════════════════════════════════════
-- VOCAB: Work & Career
-- ══════════════════════════════════════════════════
INSERT INTO "TopicGroup" ("id", "name", "order", "hubType", "subcategories") VALUES ('s45d8a7eefc6fa16ccb5b', 'Work & Career', 2, 'vocab', ARRAY['Office Basics','Job Hunting','Meetings','Business Terms']::text[]) ON CONFLICT ("name", "hubType") DO NOTHING;

-- Topic: Office Basics - A1 (10 words)
INSERT INTO "Topic" ("id", "title", "subtitle", "description", "level", "wordCount", "estimatedTime", "category", "subcategory", "order", "topicGroupId") VALUES ('work-and-career-office-basics-a1', 'Office Basics - A1', 'Vocabulary about office basics', 'Learn essential vocabulary about office basics at A1 level.', 'A1', 10, 20, 'Work & Career', 'Office Basics', 0, 's45d8a7eefc6fa16ccb5b') ON CONFLICT ("id") DO NOTHING;
INSERT INTO "VocabItem" ("id", "topicId", "word", "phonBr", "phonNAm", "meaning", "vietnameseMeaning", "partOfSpeech", "exampleSentence", "exampleTranslation", "synonyms", "antonyms", "collocations") VALUES ('work-and-career-office-basics-a1-office', 'work-and-career-office-basics-a1', E'office', E'/ˈɒfɪs/', E'/ˈɑːfɪs/', E'place for work', E'văn phòng', 'noun', E'I work in an office.', E'Tôi làm việc ở văn phòng.', ARRAY['workplace']::text[], '{}', ARRAY['office worker']::text[]) ON CONFLICT ("id") DO NOTHING;
INSERT INTO "VocabItem" ("id", "topicId", "word", "phonBr", "phonNAm", "meaning", "vietnameseMeaning", "partOfSpeech", "exampleSentence", "exampleTranslation", "synonyms", "antonyms", "collocations") VALUES ('work-and-career-office-basics-a1-desk', 'work-and-career-office-basics-a1', E'desk', E'/desk/', E'/desk/', E'table for work', E'bàn làm việc', 'noun', E'My desk is clean.', E'Bàn của tôi sạch sẽ.', ARRAY['table']::text[], '{}', ARRAY['office desk']::text[]) ON CONFLICT ("id") DO NOTHING;
INSERT INTO "VocabItem" ("id", "topicId", "word", "phonBr", "phonNAm", "meaning", "vietnameseMeaning", "partOfSpeech", "exampleSentence", "exampleTranslation", "synonyms", "antonyms", "collocations") VALUES ('work-and-career-office-basics-a1-boss', 'work-and-career-office-basics-a1', E'boss', E'/bɒs/', E'/bɔːs/', E'person in charge', E'sếp', 'noun', E'My boss is nice.', E'Sếp tôi tốt bụng.', ARRAY['manager']::text[], ARRAY['employee']::text[], ARRAY['big boss']::text[]) ON CONFLICT ("id") DO NOTHING;
INSERT INTO "VocabItem" ("id", "topicId", "word", "phonBr", "phonNAm", "meaning", "vietnameseMeaning", "partOfSpeech", "exampleSentence", "exampleTranslation", "synonyms", "antonyms", "collocations") VALUES ('work-and-career-office-basics-a1-email', 'work-and-career-office-basics-a1', E'email', E'/ˈiːmeɪl/', E'/ˈiːmeɪl/', E'electronic letter', E'thư điện tử', 'noun', E'Send me an email.', E'Gửi email cho tôi.', '{}', '{}', ARRAY['send email']::text[]) ON CONFLICT ("id") DO NOTHING;
INSERT INTO "VocabItem" ("id", "topicId", "word", "phonBr", "phonNAm", "meaning", "vietnameseMeaning", "partOfSpeech", "exampleSentence", "exampleTranslation", "synonyms", "antonyms", "collocations") VALUES ('work-and-career-office-basics-a1-call', 'work-and-career-office-basics-a1', E'call', E'/kɔːl/', E'/kɔːl/', E'speak on phone', E'gọi điện', 'verb', E'Call me later.', E'Gọi tôi sau nhé.', ARRAY['phone']::text[], '{}', ARRAY['phone call']::text[]) ON CONFLICT ("id") DO NOTHING;
INSERT INTO "VocabItem" ("id", "topicId", "word", "phonBr", "phonNAm", "meaning", "vietnameseMeaning", "partOfSpeech", "exampleSentence", "exampleTranslation", "synonyms", "antonyms", "collocations") VALUES ('work-and-career-office-basics-a1-paper', 'work-and-career-office-basics-a1', E'paper', E'/ˈpeɪpər/', E'/ˈpeɪpər/', E'material for writing', E'giấy', 'noun', E'I need some paper.', E'Tôi cần ít giấy.', '{}', '{}', ARRAY['white paper']::text[]) ON CONFLICT ("id") DO NOTHING;
INSERT INTO "VocabItem" ("id", "topicId", "word", "phonBr", "phonNAm", "meaning", "vietnameseMeaning", "partOfSpeech", "exampleSentence", "exampleTranslation", "synonyms", "antonyms", "collocations") VALUES ('work-and-career-office-basics-a1-pen', 'work-and-career-office-basics-a1', E'pen', E'/pen/', E'/pen/', E'tool for writing', E'cây bút', 'noun', E'Do you have a pen?', E'Bạn có bút không?', '{}', '{}', ARRAY['blue pen']::text[]) ON CONFLICT ("id") DO NOTHING;
INSERT INTO "VocabItem" ("id", "topicId", "word", "phonBr", "phonNAm", "meaning", "vietnameseMeaning", "partOfSpeech", "exampleSentence", "exampleTranslation", "synonyms", "antonyms", "collocations") VALUES ('work-and-career-office-basics-a1-computer', 'work-and-career-office-basics-a1', E'computer', E'/kəmˈpjuːtər/', E'/kəmˈpjuːtər/', E'electronic machine', E'máy tính', 'noun', E'I use a computer.', E'Tôi dùng máy tính.', ARRAY['PC']::text[], '{}', ARRAY['laptop computer']::text[]) ON CONFLICT ("id") DO NOTHING;
INSERT INTO "VocabItem" ("id", "topicId", "word", "phonBr", "phonNAm", "meaning", "vietnameseMeaning", "partOfSpeech", "exampleSentence", "exampleTranslation", "synonyms", "antonyms", "collocations") VALUES ('work-and-career-office-basics-a1-job', 'work-and-career-office-basics-a1', E'job', E'/dʒɒb/', E'/dʒɑːb/', E'work you do', E'công việc', 'noun', E'I love my job.', E'Tôi yêu công việc của mình.', ARRAY['work']::text[], '{}', ARRAY['new job']::text[]) ON CONFLICT ("id") DO NOTHING;
INSERT INTO "VocabItem" ("id", "topicId", "word", "phonBr", "phonNAm", "meaning", "vietnameseMeaning", "partOfSpeech", "exampleSentence", "exampleTranslation", "synonyms", "antonyms", "collocations") VALUES ('work-and-career-office-basics-a1-work', 'work-and-career-office-basics-a1', E'work', E'/wɜːk/', E'/wɜːrk/', E'do a job', E'làm việc', 'verb', E'I work hard.', E'Tôi làm việc chăm chỉ.', ARRAY['labor']::text[], ARRAY['rest']::text[], ARRAY['hard work']::text[]) ON CONFLICT ("id") DO NOTHING;

-- Topic: Office Basics - B1 (10 words)
INSERT INTO "Topic" ("id", "title", "subtitle", "description", "level", "wordCount", "estimatedTime", "category", "subcategory", "order", "topicGroupId") VALUES ('work-and-career-office-basics-b1', 'Office Basics - B1', 'Vocabulary about office basics', 'Learn essential vocabulary about office basics at B1 level.', 'B1', 10, 20, 'Work & Career', 'Office Basics', 2, 's45d8a7eefc6fa16ccb5b') ON CONFLICT ("id") DO NOTHING;
INSERT INTO "VocabItem" ("id", "topicId", "word", "phonBr", "phonNAm", "meaning", "vietnameseMeaning", "partOfSpeech", "exampleSentence", "exampleTranslation", "synonyms", "antonyms", "collocations") VALUES ('work-and-career-office-basics-b1-colleague', 'work-and-career-office-basics-b1', E'colleague', E'/ˈkɒliːɡ/', E'/ˈkɑːliːɡ/', E'person you work with', E'đồng nghiệp', 'noun', E'My colleagues are helpful.', E'Đồng nghiệp tôi hay giúp đỡ.', ARRAY['coworker']::text[], '{}', ARRAY['senior colleague']::text[]) ON CONFLICT ("id") DO NOTHING;
INSERT INTO "VocabItem" ("id", "topicId", "word", "phonBr", "phonNAm", "meaning", "vietnameseMeaning", "partOfSpeech", "exampleSentence", "exampleTranslation", "synonyms", "antonyms", "collocations") VALUES ('work-and-career-office-basics-b1-schedule', 'work-and-career-office-basics-b1', E'schedule', E'/ˈʃedjuːl/', E'/ˈskedʒuːl/', E'plan of times', E'lịch trình', 'noun', E'Check the schedule.', E'Kiểm tra lịch trình.', ARRAY['timetable']::text[], '{}', ARRAY['busy schedule']::text[]) ON CONFLICT ("id") DO NOTHING;
INSERT INTO "VocabItem" ("id", "topicId", "word", "phonBr", "phonNAm", "meaning", "vietnameseMeaning", "partOfSpeech", "exampleSentence", "exampleTranslation", "synonyms", "antonyms", "collocations") VALUES ('work-and-career-office-basics-b1-deadline', 'work-and-career-office-basics-b1', E'deadline', E'/ˈdedlaɪn/', E'/ˈdedlaɪn/', E'time limit', E'hạn chót', 'noun', E'The deadline is tomorrow.', E'Hạn chót là ngày mai.', '{}', '{}', ARRAY['meet deadline']::text[]) ON CONFLICT ("id") DO NOTHING;
INSERT INTO "VocabItem" ("id", "topicId", "word", "phonBr", "phonNAm", "meaning", "vietnameseMeaning", "partOfSpeech", "exampleSentence", "exampleTranslation", "synonyms", "antonyms", "collocations") VALUES ('work-and-career-office-basics-b1-report', 'work-and-career-office-basics-b1', E'report', E'/rɪˈpɔːt/', E'/rɪˈpɔːrt/', E'written document', E'báo cáo', 'noun', E'Write a report.', E'Viết báo cáo.', '{}', '{}', ARRAY['monthly report']::text[]) ON CONFLICT ("id") DO NOTHING;
INSERT INTO "VocabItem" ("id", "topicId", "word", "phonBr", "phonNAm", "meaning", "vietnameseMeaning", "partOfSpeech", "exampleSentence", "exampleTranslation", "synonyms", "antonyms", "collocations") VALUES ('work-and-career-office-basics-b1-salary', 'work-and-career-office-basics-b1', E'salary', E'/ˈsæləri/', E'/ˈsæləri/', E'money for work', E'lương', 'noun', E'She gets a good salary.', E'Cô ấy nhận lương cao.', ARRAY['wage']::text[], '{}', ARRAY['high salary']::text[]) ON CONFLICT ("id") DO NOTHING;
INSERT INTO "VocabItem" ("id", "topicId", "word", "phonBr", "phonNAm", "meaning", "vietnameseMeaning", "partOfSpeech", "exampleSentence", "exampleTranslation", "synonyms", "antonyms", "collocations") VALUES ('work-and-career-office-basics-b1-task', 'work-and-career-office-basics-b1', E'task', E'/tɑːsk/', E'/tæsk/', E'piece of work', E'nhiệm vụ', 'noun', E'Finish the task.', E'Hoàn thành nhiệm vụ.', ARRAY['job']::text[], '{}', ARRAY['daily task']::text[]) ON CONFLICT ("id") DO NOTHING;
INSERT INTO "VocabItem" ("id", "topicId", "word", "phonBr", "phonNAm", "meaning", "vietnameseMeaning", "partOfSpeech", "exampleSentence", "exampleTranslation", "synonyms", "antonyms", "collocations") VALUES ('work-and-career-office-basics-b1-meeting', 'work-and-career-office-basics-b1', E'meeting', E'/ˈmiːtɪŋ/', E'/ˈmiːtɪŋ/', E'gathering of people', E'cuộc họp', 'noun', E'We have a meeting.', E'Chúng tôi có cuộc họp.', '{}', '{}', ARRAY['staff meeting']::text[]) ON CONFLICT ("id") DO NOTHING;
INSERT INTO "VocabItem" ("id", "topicId", "word", "phonBr", "phonNAm", "meaning", "vietnameseMeaning", "partOfSpeech", "exampleSentence", "exampleTranslation", "synonyms", "antonyms", "collocations") VALUES ('work-and-career-office-basics-b1-assistant', 'work-and-career-office-basics-b1', E'assistant', E'/əˈsɪstənt/', E'/əˈsɪstənt/', E'helper', E'trợ lý', 'noun', E'He is my assistant.', E'Anh ấy là trợ lý của tôi.', ARRAY['helper']::text[], '{}', ARRAY['personal assistant']::text[]) ON CONFLICT ("id") DO NOTHING;
INSERT INTO "VocabItem" ("id", "topicId", "word", "phonBr", "phonNAm", "meaning", "vietnameseMeaning", "partOfSpeech", "exampleSentence", "exampleTranslation", "synonyms", "antonyms", "collocations") VALUES ('work-and-career-office-basics-b1-document', 'work-and-career-office-basics-b1', E'document', E'/ˈdɒkjumənt/', E'/ˈdɑːkjumənt/', E'official paper', E'tài liệu', 'noun', E'Sign the document.', E'Ký tài liệu.', ARRAY['paper']::text[], '{}', ARRAY['legal document']::text[]) ON CONFLICT ("id") DO NOTHING;
INSERT INTO "VocabItem" ("id", "topicId", "word", "phonBr", "phonNAm", "meaning", "vietnameseMeaning", "partOfSpeech", "exampleSentence", "exampleTranslation", "synonyms", "antonyms", "collocations") VALUES ('work-and-career-office-basics-b1-client', 'work-and-career-office-basics-b1', E'client', E'/ˈklaɪənt/', E'/ˈklaɪənt/', E'customer using service', E'khách hàng', 'noun', E'We have a new client.', E'Chúng ta có khách hàng mới.', ARRAY['customer']::text[], '{}', ARRAY['important client']::text[]) ON CONFLICT ("id") DO NOTHING;

-- Topic: Office Basics - C1 (10 words)
INSERT INTO "Topic" ("id", "title", "subtitle", "description", "level", "wordCount", "estimatedTime", "category", "subcategory", "order", "topicGroupId") VALUES ('work-and-career-office-basics-c1', 'Office Basics - C1', 'Vocabulary about office basics', 'Learn essential vocabulary about office basics at C1 level.', 'C1', 10, 20, 'Work & Career', 'Office Basics', 4, 's45d8a7eefc6fa16ccb5b') ON CONFLICT ("id") DO NOTHING;
INSERT INTO "VocabItem" ("id", "topicId", "word", "phonBr", "phonNAm", "meaning", "vietnameseMeaning", "partOfSpeech", "exampleSentence", "exampleTranslation", "synonyms", "antonyms", "collocations") VALUES ('work-and-career-office-basics-c1-bureaucracy', 'work-and-career-office-basics-c1', E'bureaucracy', E'/bjʊəˈrɒkrəsi/', E'/bjʊˈrɑːkrəsi/', E'complicated rules', E'quan liêu', 'noun', E'Too much bureaucracy slows us down.', E'Quá nhiều thủ tục quan liêu làm chậm chúng ta.', ARRAY['red tape']::text[], '{}', ARRAY['government bureaucracy']::text[]) ON CONFLICT ("id") DO NOTHING;
INSERT INTO "VocabItem" ("id", "topicId", "word", "phonBr", "phonNAm", "meaning", "vietnameseMeaning", "partOfSpeech", "exampleSentence", "exampleTranslation", "synonyms", "antonyms", "collocations") VALUES ('work-and-career-office-basics-c1-workflow', 'work-and-career-office-basics-c1', E'workflow', E'/ˈwɜːkfləʊ/', E'/ˈwɜːrkfloʊ/', E'sequence of processes', E'quy trình làm việc', 'noun', E'Improve the workflow.', E'Cải thiện quy trình làm việc.', '{}', '{}', ARRAY['efficient workflow']::text[]) ON CONFLICT ("id") DO NOTHING;
INSERT INTO "VocabItem" ("id", "topicId", "word", "phonBr", "phonNAm", "meaning", "vietnameseMeaning", "partOfSpeech", "exampleSentence", "exampleTranslation", "synonyms", "antonyms", "collocations") VALUES ('work-and-career-office-basics-c1-collaborate', 'work-and-career-office-basics-c1', E'collaborate', E'/kəˈlæbəreɪt/', E'/kəˈlæbəreɪt/', E'work together', E'cộng tác', 'verb', E'We collaborate on projects.', E'Chúng tôi cộng tác trong các dự án.', ARRAY['cooperate']::text[], '{}', ARRAY['collaborate with']::text[]) ON CONFLICT ("id") DO NOTHING;
INSERT INTO "VocabItem" ("id", "topicId", "word", "phonBr", "phonNAm", "meaning", "vietnameseMeaning", "partOfSpeech", "exampleSentence", "exampleTranslation", "synonyms", "antonyms", "collocations") VALUES ('work-and-career-office-basics-c1-productive', 'work-and-career-office-basics-c1', E'productive', E'/prəˈdʌktɪv/', E'/prəˈdʌktɪv/', E'producing good results', E'năng suất', 'adjective', E'It was a productive day.', E'Đó là một ngày năng suất.', ARRAY['efficient']::text[], ARRAY['unproductive']::text[], ARRAY['highly productive']::text[]) ON CONFLICT ("id") DO NOTHING;
INSERT INTO "VocabItem" ("id", "topicId", "word", "phonBr", "phonNAm", "meaning", "vietnameseMeaning", "partOfSpeech", "exampleSentence", "exampleTranslation", "synonyms", "antonyms", "collocations") VALUES ('work-and-career-office-basics-c1-workload', 'work-and-career-office-basics-c1', E'workload', E'/ˈwɜːkləʊd/', E'/ˈwɜːrkloʊd/', E'amount of work', E'khối lượng công việc', 'noun', E'The workload is heavy.', E'Khối lượng công việc rất nặng.', '{}', '{}', ARRAY['manage workload']::text[]) ON CONFLICT ("id") DO NOTHING;
INSERT INTO "VocabItem" ("id", "topicId", "word", "phonBr", "phonNAm", "meaning", "vietnameseMeaning", "partOfSpeech", "exampleSentence", "exampleTranslation", "synonyms", "antonyms", "collocations") VALUES ('work-and-career-office-basics-c1-delegate', 'work-and-career-office-basics-c1', E'delegate', E'/ˈdelɪɡeɪt/', E'/ˈdelɪɡeɪt/', E'give work to others', E'ủy quyền/giao việc', 'verb', E'Learn to delegate tasks.', E'Học cách giao việc.', ARRAY['assign']::text[], '{}', ARRAY['delegate authority']::text[]) ON CONFLICT ("id") DO NOTHING;
INSERT INTO "VocabItem" ("id", "topicId", "word", "phonBr", "phonNAm", "meaning", "vietnameseMeaning", "partOfSpeech", "exampleSentence", "exampleTranslation", "synonyms", "antonyms", "collocations") VALUES ('work-and-career-office-basics-c1-executive', 'work-and-career-office-basics-c1', E'executive', E'/ɪɡˈzekjətɪv/', E'/ɪɡˈzekjətɪv/', E'senior manager', E'người điều hành', 'noun', E'He is a top executive.', E'Ông ấy là lãnh đạo cấp cao.', ARRAY['manager']::text[], '{}', ARRAY['chief executive']::text[]) ON CONFLICT ("id") DO NOTHING;
INSERT INTO "VocabItem" ("id", "topicId", "word", "phonBr", "phonNAm", "meaning", "vietnameseMeaning", "partOfSpeech", "exampleSentence", "exampleTranslation", "synonyms", "antonyms", "collocations") VALUES ('work-and-career-office-basics-c1-cubicle', 'work-and-career-office-basics-c1', E'cubicle', E'/ˈkjuːbɪkl/', E'/ˈkjuːbɪkl/', E'small workspace', E'vách ngăn làm việc', 'noun', E'I work in a cubicle.', E'Tôi làm việc trong vách ngăn.', '{}', '{}', ARRAY['office cubicle']::text[]) ON CONFLICT ("id") DO NOTHING;
INSERT INTO "VocabItem" ("id", "topicId", "word", "phonBr", "phonNAm", "meaning", "vietnameseMeaning", "partOfSpeech", "exampleSentence", "exampleTranslation", "synonyms", "antonyms", "collocations") VALUES ('work-and-career-office-basics-c1-stationery', 'work-and-career-office-basics-c1', E'stationery', E'/ˈsteɪʃənri/', E'/ˈsteɪʃəneri/', E'office supplies', E'văn phòng phẩm', 'noun', E'Order more stationery.', E'Đặt thêm văn phòng phẩm.', '{}', '{}', ARRAY['stationery cupboard']::text[]) ON CONFLICT ("id") DO NOTHING;
INSERT INTO "VocabItem" ("id", "topicId", "word", "phonBr", "phonNAm", "meaning", "vietnameseMeaning", "partOfSpeech", "exampleSentence", "exampleTranslation", "synonyms", "antonyms", "collocations") VALUES ('work-and-career-office-basics-c1-archive', 'work-and-career-office-basics-c1', E'archive', E'/ˈɑːkaɪv/', E'/ˈɑːrkaɪv/', E'collection of records', E'lưu trữ', 'noun', E'Check the archive.', E'Kiểm tra kho lưu trữ.', ARRAY['record']::text[], '{}', ARRAY['digital archive']::text[]) ON CONFLICT ("id") DO NOTHING;

-- Topic: Job Hunting - A2 (10 words)
INSERT INTO "Topic" ("id", "title", "subtitle", "description", "level", "wordCount", "estimatedTime", "category", "subcategory", "order", "topicGroupId") VALUES ('work-and-career-job-hunting-a2', 'Job Hunting - A2', 'Vocabulary about job hunting', 'Learn essential vocabulary about job hunting at A2 level.', 'A2', 10, 20, 'Work & Career', 'Job Hunting', 1, 's45d8a7eefc6fa16ccb5b') ON CONFLICT ("id") DO NOTHING;
INSERT INTO "VocabItem" ("id", "topicId", "word", "phonBr", "phonNAm", "meaning", "vietnameseMeaning", "partOfSpeech", "exampleSentence", "exampleTranslation", "synonyms", "antonyms", "collocations") VALUES ('work-and-career-job-hunting-a2-resume', 'work-and-career-job-hunting-a2', E'resume', E'/ˈrezjuːmeɪ/', E'/ˈrezəmeɪ/', E'document of experience', E'sơ yếu lý lịch', 'noun', E'Send your resume.', E'Gửi CV của bạn.', ARRAY['CV']::text[], '{}', ARRAY['send resume']::text[]) ON CONFLICT ("id") DO NOTHING;
INSERT INTO "VocabItem" ("id", "topicId", "word", "phonBr", "phonNAm", "meaning", "vietnameseMeaning", "partOfSpeech", "exampleSentence", "exampleTranslation", "synonyms", "antonyms", "collocations") VALUES ('work-and-career-job-hunting-a2-interview', 'work-and-career-job-hunting-a2', E'interview', E'/ˈɪntəvjuː/', E'/ˈɪntərvjuː/', E'meeting for job', E'phỏng vấn', 'noun', E'I have a job interview.', E'Tôi có buổi phỏng vấn.', '{}', '{}', ARRAY['job interview']::text[]) ON CONFLICT ("id") DO NOTHING;
INSERT INTO "VocabItem" ("id", "topicId", "word", "phonBr", "phonNAm", "meaning", "vietnameseMeaning", "partOfSpeech", "exampleSentence", "exampleTranslation", "synonyms", "antonyms", "collocations") VALUES ('work-and-career-job-hunting-a2-apply', 'work-and-career-job-hunting-a2', E'apply', E'/əˈplaɪ/', E'/əˈplaɪ/', E'ask for job', E'ứng tuyển', 'verb', E'Apply for the job.', E'Ứng tuyển công việc.', '{}', '{}', ARRAY['apply online']::text[]) ON CONFLICT ("id") DO NOTHING;
INSERT INTO "VocabItem" ("id", "topicId", "word", "phonBr", "phonNAm", "meaning", "vietnameseMeaning", "partOfSpeech", "exampleSentence", "exampleTranslation", "synonyms", "antonyms", "collocations") VALUES ('work-and-career-job-hunting-a2-hired', 'work-and-career-job-hunting-a2', E'hired', E'/ˈhaɪəd/', E'/ˈhaɪərd/', E'given a job', E'được thuê', 'adjective', E'You are hired!', E'Bạn đã được thuê!', ARRAY['employed']::text[], ARRAY['fired']::text[], ARRAY['get hired']::text[]) ON CONFLICT ("id") DO NOTHING;
INSERT INTO "VocabItem" ("id", "topicId", "word", "phonBr", "phonNAm", "meaning", "vietnameseMeaning", "partOfSpeech", "exampleSentence", "exampleTranslation", "synonyms", "antonyms", "collocations") VALUES ('work-and-career-job-hunting-a2-skill', 'work-and-career-job-hunting-a2', E'skill', E'/skɪl/', E'/skɪl/', E'ability to do something', E'kỹ năng', 'noun', E'She has many skills.', E'Cô ấy có nhiều kỹ năng.', ARRAY['ability']::text[], '{}', ARRAY['new skill']::text[]) ON CONFLICT ("id") DO NOTHING;
INSERT INTO "VocabItem" ("id", "topicId", "word", "phonBr", "phonNAm", "meaning", "vietnameseMeaning", "partOfSpeech", "exampleSentence", "exampleTranslation", "synonyms", "antonyms", "collocations") VALUES ('work-and-career-job-hunting-a2-experience', 'work-and-career-job-hunting-a2', E'experience', E'/ɪkˈspɪəriəns/', E'/ɪkˈspɪriəns/', E'knowledge from doing', E'kinh nghiệm', 'noun', E'Do you have experience?', E'Bạn có kinh nghiệm không?', '{}', '{}', ARRAY['work experience']::text[]) ON CONFLICT ("id") DO NOTHING;
INSERT INTO "VocabItem" ("id", "topicId", "word", "phonBr", "phonNAm", "meaning", "vietnameseMeaning", "partOfSpeech", "exampleSentence", "exampleTranslation", "synonyms", "antonyms", "collocations") VALUES ('work-and-career-job-hunting-a2-manager', 'work-and-career-job-hunting-a2', E'manager', E'/ˈmænɪdʒər/', E'/ˈmænɪdʒər/', E'person who controls', E'quản lý', 'noun', E'Talk to the manager.', E'Nói chuyện với quản lý.', ARRAY['boss']::text[], '{}', ARRAY['project manager']::text[]) ON CONFLICT ("id") DO NOTHING;
INSERT INTO "VocabItem" ("id", "topicId", "word", "phonBr", "phonNAm", "meaning", "vietnameseMeaning", "partOfSpeech", "exampleSentence", "exampleTranslation", "synonyms", "antonyms", "collocations") VALUES ('work-and-career-job-hunting-a2-company', 'work-and-career-job-hunting-a2', E'company', E'/ˈkʌmpəni/', E'/ˈkʌmpəni/', E'business organization', E'công ty', 'noun', E'It is a big company.', E'Đó là công ty lớn.', ARRAY['firm']::text[], '{}', ARRAY['tech company']::text[]) ON CONFLICT ("id") DO NOTHING;
INSERT INTO "VocabItem" ("id", "topicId", "word", "phonBr", "phonNAm", "meaning", "vietnameseMeaning", "partOfSpeech", "exampleSentence", "exampleTranslation", "synonyms", "antonyms", "collocations") VALUES ('work-and-career-job-hunting-a2-contract', 'work-and-career-job-hunting-a2', E'contract', E'/ˈkɒntrækt/', E'/ˈkɑːntrækt/', E'legal agreement', E'hợp đồng', 'noun', E'Sign the contract.', E'Ký hợp đồng.', ARRAY['agreement']::text[], '{}', ARRAY['sign contract']::text[]) ON CONFLICT ("id") DO NOTHING;
INSERT INTO "VocabItem" ("id", "topicId", "word", "phonBr", "phonNAm", "meaning", "vietnameseMeaning", "partOfSpeech", "exampleSentence", "exampleTranslation", "synonyms", "antonyms", "collocations") VALUES ('work-and-career-job-hunting-a2-full-time', 'work-and-career-job-hunting-a2', E'full-time', E'/ˌfʊl ˈtaɪm/', E'/ˌfʊl ˈtaɪm/', E'working all hours', E'toàn thời gian', 'adjective', E'It is a full-time job.', E'Việc làm toàn thời gian.', '{}', ARRAY['part-time']::text[], ARRAY['full-time job']::text[]) ON CONFLICT ("id") DO NOTHING;

-- Topic: Job Hunting - B2 (10 words)
INSERT INTO "Topic" ("id", "title", "subtitle", "description", "level", "wordCount", "estimatedTime", "category", "subcategory", "order", "topicGroupId") VALUES ('work-and-career-job-hunting-b2', 'Job Hunting - B2', 'Vocabulary about job hunting', 'Learn essential vocabulary about job hunting at B2 level.', 'B2', 10, 20, 'Work & Career', 'Job Hunting', 3, 's45d8a7eefc6fa16ccb5b') ON CONFLICT ("id") DO NOTHING;
INSERT INTO "VocabItem" ("id", "topicId", "word", "phonBr", "phonNAm", "meaning", "vietnameseMeaning", "partOfSpeech", "exampleSentence", "exampleTranslation", "synonyms", "antonyms", "collocations") VALUES ('work-and-career-job-hunting-b2-qualification', 'work-and-career-job-hunting-b2', E'qualification', E'/ˌkwɒlɪfɪˈkeɪʃn/', E'/ˌkwɑːlɪfɪˈkeɪʃn/', E'exam passed/skill', E'bằng cấp/trình độ', 'noun', E'List your qualifications.', E'Liệt kê bằng cấp của bạn.', ARRAY['credential']::text[], '{}', ARRAY['academic qualification']::text[]) ON CONFLICT ("id") DO NOTHING;
INSERT INTO "VocabItem" ("id", "topicId", "word", "phonBr", "phonNAm", "meaning", "vietnameseMeaning", "partOfSpeech", "exampleSentence", "exampleTranslation", "synonyms", "antonyms", "collocations") VALUES ('work-and-career-job-hunting-b2-vacancy', 'work-and-career-job-hunting-b2', E'vacancy', E'/ˈveɪkənsi/', E'/ˈveɪkənsi/', E'available job', E'vị trí trống', 'noun', E'There is a vacancy.', E'Có một vị trí trống.', ARRAY['opening']::text[], '{}', ARRAY['job vacancy']::text[]) ON CONFLICT ("id") DO NOTHING;
INSERT INTO "VocabItem" ("id", "topicId", "word", "phonBr", "phonNAm", "meaning", "vietnameseMeaning", "partOfSpeech", "exampleSentence", "exampleTranslation", "synonyms", "antonyms", "collocations") VALUES ('work-and-career-job-hunting-b2-recruit', 'work-and-career-job-hunting-b2', E'recruit', E'/rɪˈkruːt/', E'/rɪˈkruːt/', E'find new people', E'tuyển dụng', 'verb', E'They are recruiting now.', E'Họ đang tuyển dụng.', ARRAY['hire']::text[], '{}', ARRAY['recruit staff']::text[]) ON CONFLICT ("id") DO NOTHING;
INSERT INTO "VocabItem" ("id", "topicId", "word", "phonBr", "phonNAm", "meaning", "vietnameseMeaning", "partOfSpeech", "exampleSentence", "exampleTranslation", "synonyms", "antonyms", "collocations") VALUES ('work-and-career-job-hunting-b2-reference', 'work-and-career-job-hunting-b2', E'reference', E'/ˈrefrəns/', E'/ˈrefrəns/', E'letter focusing on you', E'thư giới thiệu', 'noun', E'Provide two references.', E'Cung cấp 2 người tham khảo.', ARRAY['recommendation']::text[], '{}', ARRAY['character reference']::text[]) ON CONFLICT ("id") DO NOTHING;
INSERT INTO "VocabItem" ("id", "topicId", "word", "phonBr", "phonNAm", "meaning", "vietnameseMeaning", "partOfSpeech", "exampleSentence", "exampleTranslation", "synonyms", "antonyms", "collocations") VALUES ('work-and-career-job-hunting-b2-candidate', 'work-and-career-job-hunting-b2', E'candidate', E'/ˈkændɪdət/', E'/ˈkændɪdeɪt/', E'person applying', E'ứng viên', 'noun', E'He is a strong candidate.', E'Anh ấy là ứng viên mạnh.', ARRAY['applicant']::text[], '{}', ARRAY['job candidate']::text[]) ON CONFLICT ("id") DO NOTHING;
INSERT INTO "VocabItem" ("id", "topicId", "word", "phonBr", "phonNAm", "meaning", "vietnameseMeaning", "partOfSpeech", "exampleSentence", "exampleTranslation", "synonyms", "antonyms", "collocations") VALUES ('work-and-career-job-hunting-b2-opportunity', 'work-and-career-job-hunting-b2', E'opportunity', E'/ˌɒpəˈtjuːnəti/', E'/ˌɑːpərˈtuːnəti/', E'chance to do specific', E'cơ hội', 'noun', E'This is a great opportunity.', E'Đây là cơ hội tuyệt vời.', ARRAY['chance']::text[], '{}', ARRAY['career opportunity']::text[]) ON CONFLICT ("id") DO NOTHING;
INSERT INTO "VocabItem" ("id", "topicId", "word", "phonBr", "phonNAm", "meaning", "vietnameseMeaning", "partOfSpeech", "exampleSentence", "exampleTranslation", "synonyms", "antonyms", "collocations") VALUES ('work-and-career-job-hunting-b2-promotion', 'work-and-career-job-hunting-b2', E'promotion', E'/prəˈməʊʃn/', E'/prəˈmoʊʃn/', E'better job level', E'thăng chức', 'noun', E'She got a promotion.', E'Cô ấy được thăng chức.', ARRAY['advancement']::text[], ARRAY['demotion']::text[], ARRAY['get promotion']::text[]) ON CONFLICT ("id") DO NOTHING;
INSERT INTO "VocabItem" ("id", "topicId", "word", "phonBr", "phonNAm", "meaning", "vietnameseMeaning", "partOfSpeech", "exampleSentence", "exampleTranslation", "synonyms", "antonyms", "collocations") VALUES ('work-and-career-job-hunting-b2-temporary', 'work-and-career-job-hunting-b2', E'temporary', E'/ˈtemprəri/', E'/ˈtempəreri/', E'not permanent', E'tạm thời', 'adjective', E'It is a temporary role.', E'Đây là vai trò tạm thời.', ARRAY['short-term']::text[], ARRAY['permanent']::text[], ARRAY['temporary job']::text[]) ON CONFLICT ("id") DO NOTHING;
INSERT INTO "VocabItem" ("id", "topicId", "word", "phonBr", "phonNAm", "meaning", "vietnameseMeaning", "partOfSpeech", "exampleSentence", "exampleTranslation", "synonyms", "antonyms", "collocations") VALUES ('work-and-career-job-hunting-b2-career', 'work-and-career-job-hunting-b2', E'career', E'/kəˈrɪər/', E'/kəˈrɪr/', E'working life', E'sự nghiệp', 'noun', E'Build a career.', E'Xây dựng sự nghiệp.', ARRAY['profession']::text[], '{}', ARRAY['career path']::text[]) ON CONFLICT ("id") DO NOTHING;
INSERT INTO "VocabItem" ("id", "topicId", "word", "phonBr", "phonNAm", "meaning", "vietnameseMeaning", "partOfSpeech", "exampleSentence", "exampleTranslation", "synonyms", "antonyms", "collocations") VALUES ('work-and-career-job-hunting-b2-probation', 'work-and-career-job-hunting-b2', E'probation', E'/prəˈbeɪʃn/', E'/proʊˈbeɪʃn/', E'trial period', E'tập sự/thử việc', 'noun', E'He is on probation.', E'Anh ấy đang thử việc.', '{}', '{}', ARRAY['probation period']::text[]) ON CONFLICT ("id") DO NOTHING;

-- Topic: Job Hunting - C2 (10 words)
INSERT INTO "Topic" ("id", "title", "subtitle", "description", "level", "wordCount", "estimatedTime", "category", "subcategory", "order", "topicGroupId") VALUES ('work-and-career-job-hunting-c2', 'Job Hunting - C2', 'Vocabulary about job hunting', 'Learn essential vocabulary about job hunting at C2 level.', 'C2', 10, 20, 'Work & Career', 'Job Hunting', 5, 's45d8a7eefc6fa16ccb5b') ON CONFLICT ("id") DO NOTHING;
INSERT INTO "VocabItem" ("id", "topicId", "word", "phonBr", "phonNAm", "meaning", "vietnameseMeaning", "partOfSpeech", "exampleSentence", "exampleTranslation", "synonyms", "antonyms", "collocations") VALUES ('work-and-career-job-hunting-c2-headhunter', 'work-and-career-job-hunting-c2', E'headhunter', E'/ˈhedhʌntər/', E'/ˈhedhʌntər/', E'recruiter of top staff', E'nhà tuyển dụng cấp cao', 'noun', E'A headhunter called me.', E'Một người săn đầu người gọi tôi.', ARRAY['recruiter']::text[], '{}', ARRAY['executive headhunter']::text[]) ON CONFLICT ("id") DO NOTHING;
INSERT INTO "VocabItem" ("id", "topicId", "word", "phonBr", "phonNAm", "meaning", "vietnameseMeaning", "partOfSpeech", "exampleSentence", "exampleTranslation", "synonyms", "antonyms", "collocations") VALUES ('work-and-career-job-hunting-c2-remuneration', 'work-and-career-job-hunting-c2', E'remuneration', E'/rɪˌmjuːnəˈreɪʃn/', E'/rɪˌmjuːnəˈreɪʃn/', E'pay and benefits', E'thù lao', 'noun', E'The remuneration is generous.', E'Thù lao rất hậu hĩnh.', ARRAY['compensation']::text[], '{}', ARRAY['annual remuneration']::text[]) ON CONFLICT ("id") DO NOTHING;
INSERT INTO "VocabItem" ("id", "topicId", "word", "phonBr", "phonNAm", "meaning", "vietnameseMeaning", "partOfSpeech", "exampleSentence", "exampleTranslation", "synonyms", "antonyms", "collocations") VALUES ('work-and-career-job-hunting-c2-tenure', 'work-and-career-job-hunting-c2', E'tenure', E'/ˈtenjər/', E'/ˈtenjər/', E'permanent job status', E'biên chế/nhiệm kỳ', 'noun', E'Professors get tenure.', E'Giáo sư được vào biên chế.', '{}', '{}', ARRAY['grant tenure']::text[]) ON CONFLICT ("id") DO NOTHING;
INSERT INTO "VocabItem" ("id", "topicId", "word", "phonBr", "phonNAm", "meaning", "vietnameseMeaning", "partOfSpeech", "exampleSentence", "exampleTranslation", "synonyms", "antonyms", "collocations") VALUES ('work-and-career-job-hunting-c2-dismissal', 'work-and-career-job-hunting-c2', E'dismissal', E'/dɪsˈmɪsl/', E'/dɪsˈmɪsl/', E'being fired', E'sự sa thải', 'noun', E'Constructive dismissal is illegal.', E'Sa thải ép buộc là phạm pháp.', ARRAY['firing']::text[], ARRAY['hiring']::text[], ARRAY['unfair dismissal']::text[]) ON CONFLICT ("id") DO NOTHING;
INSERT INTO "VocabItem" ("id", "topicId", "word", "phonBr", "phonNAm", "meaning", "vietnameseMeaning", "partOfSpeech", "exampleSentence", "exampleTranslation", "synonyms", "antonyms", "collocations") VALUES ('work-and-career-job-hunting-c2-resignation', 'work-and-career-job-hunting-c2', E'resignation', E'/ˌrezɪɡˈneɪʃn/', E'/ˌrezɪɡˈneɪʃn/', E'act of quitting', E'sự từ chức', 'noun', E'Hand in resignation.', E'Nộp đơn từ chức.', '{}', '{}', ARRAY['letter of resignation']::text[]) ON CONFLICT ("id") DO NOTHING;
INSERT INTO "VocabItem" ("id", "topicId", "word", "phonBr", "phonNAm", "meaning", "vietnameseMeaning", "partOfSpeech", "exampleSentence", "exampleTranslation", "synonyms", "antonyms", "collocations") VALUES ('work-and-career-job-hunting-c2-poach', 'work-and-career-job-hunting-c2', E'poach', E'/pəʊtʃ/', E'/poʊtʃ/', E'steal staff', E'câu kéo nhân sự', 'verb', E'Competitors poached our staff.', E'Đối thủ câu kéo nhân viên chúng tôi.', ARRAY['steal']::text[], '{}', ARRAY['poach talent']::text[]) ON CONFLICT ("id") DO NOTHING;
INSERT INTO "VocabItem" ("id", "topicId", "word", "phonBr", "phonNAm", "meaning", "vietnameseMeaning", "partOfSpeech", "exampleSentence", "exampleTranslation", "synonyms", "antonyms", "collocations") VALUES ('work-and-career-job-hunting-c2-redundancy', 'work-and-career-job-hunting-c2', E'redundancy', E'/rɪˈdʌndənsi/', E'/rɪˈdʌndənsi/', E'losing job due to cuts', E'sự giảm biên chế', 'noun', E'Face redundancy.', E'Đối mặt với giảm biên chế.', ARRAY['layoff']::text[], '{}', ARRAY['voluntary redundancy']::text[]) ON CONFLICT ("id") DO NOTHING;
INSERT INTO "VocabItem" ("id", "topicId", "word", "phonBr", "phonNAm", "meaning", "vietnameseMeaning", "partOfSpeech", "exampleSentence", "exampleTranslation", "synonyms", "antonyms", "collocations") VALUES ('work-and-career-job-hunting-c2-sabbatical', 'work-and-career-job-hunting-c2', E'sabbatical', E'/səˈbætɪkl/', E'/səˈbætɪkl/', E'break from work', E'kỳ nghỉ phép dài hạn', 'noun', E'Take a sabbatical year.', E'Nghỉ phép một năm.', ARRAY['leave']::text[], '{}', ARRAY['on sabbatical']::text[]) ON CONFLICT ("id") DO NOTHING;
INSERT INTO "VocabItem" ("id", "topicId", "word", "phonBr", "phonNAm", "meaning", "vietnameseMeaning", "partOfSpeech", "exampleSentence", "exampleTranslation", "synonyms", "antonyms", "collocations") VALUES ('work-and-career-job-hunting-c2-apprentice', 'work-and-career-job-hunting-c2', E'apprentice', E'/əˈprentɪs/', E'/əˈprentɪs/', E'learner of trade', E'người học việc', 'noun', E'He is an apprentice plumber.', E'Anh ấy là thợ sửa ống nước học việc.', ARRAY['trainee']::text[], '{}', ARRAY['join as apprentice']::text[]) ON CONFLICT ("id") DO NOTHING;
INSERT INTO "VocabItem" ("id", "topicId", "word", "phonBr", "phonNAm", "meaning", "vietnameseMeaning", "partOfSpeech", "exampleSentence", "exampleTranslation", "synonyms", "antonyms", "collocations") VALUES ('work-and-career-job-hunting-c2-cover-letter', 'work-and-career-job-hunting-c2', E'cover letter', E'/ˈkʌvər letər/', E'/ˈkʌvər letər/', E'letter with resume', E'thu xin việc', 'noun', E'Write a cover letter.', E'Viết thư xin việc.', '{}', '{}', ARRAY['send cover letter']::text[]) ON CONFLICT ("id") DO NOTHING;

-- Topic: Meetings - A1 (10 words)
INSERT INTO "Topic" ("id", "title", "subtitle", "description", "level", "wordCount", "estimatedTime", "category", "subcategory", "order", "topicGroupId") VALUES ('work-and-career-meetings-a1', 'Meetings - A1', 'Vocabulary about meetings', 'Learn essential vocabulary about meetings at A1 level.', 'A1', 10, 20, 'Work & Career', 'Meetings', 0, 's45d8a7eefc6fa16ccb5b') ON CONFLICT ("id") DO NOTHING;
INSERT INTO "VocabItem" ("id", "topicId", "word", "phonBr", "phonNAm", "meaning", "vietnameseMeaning", "partOfSpeech", "exampleSentence", "exampleTranslation", "synonyms", "antonyms", "collocations") VALUES ('work-and-career-meetings-a1-meet', 'work-and-career-meetings-a1', E'meet', E'/miːt/', E'/miːt/', E'come together', E'gặp gỡ', 'verb', E'Let''s meet tomorrow.', E'Gặp nhau ngày mai nhé.', '{}', '{}', ARRAY['meet friends']::text[]) ON CONFLICT ("id") DO NOTHING;
INSERT INTO "VocabItem" ("id", "topicId", "word", "phonBr", "phonNAm", "meaning", "vietnameseMeaning", "partOfSpeech", "exampleSentence", "exampleTranslation", "synonyms", "antonyms", "collocations") VALUES ('work-and-career-meetings-a1-talk', 'work-and-career-meetings-a1', E'talk', E'/tɔːk/', E'/tɔːk/', E'speak', E'nói chuyện', 'verb', E'We need to talk.', E'Chúng ta cần nói chuyện.', ARRAY['speak']::text[], '{}', ARRAY['talk about']::text[]) ON CONFLICT ("id") DO NOTHING;
INSERT INTO "VocabItem" ("id", "topicId", "word", "phonBr", "phonNAm", "meaning", "vietnameseMeaning", "partOfSpeech", "exampleSentence", "exampleTranslation", "synonyms", "antonyms", "collocations") VALUES ('work-and-career-meetings-a1-listen', 'work-and-career-meetings-a1', E'listen', E'/ˈlɪsn/', E'/ˈlɪsn/', E'hear with attention', E'lắng nghe', 'verb', E'Please listen.', E'Làm ơn hãy nghe.', ARRAY['hear']::text[], '{}', ARRAY['listen carefully']::text[]) ON CONFLICT ("id") DO NOTHING;
INSERT INTO "VocabItem" ("id", "topicId", "word", "phonBr", "phonNAm", "meaning", "vietnameseMeaning", "partOfSpeech", "exampleSentence", "exampleTranslation", "synonyms", "antonyms", "collocations") VALUES ('work-and-career-meetings-a1-ask', 'work-and-career-meetings-a1', E'ask', E'/ɑːsk/', E'/æsk/', E'question', E'hỏi', 'verb', E'Ask a question.', E'Đặt câu hỏi.', ARRAY['inquire']::text[], '{}', ARRAY['ask for']::text[]) ON CONFLICT ("id") DO NOTHING;
INSERT INTO "VocabItem" ("id", "topicId", "word", "phonBr", "phonNAm", "meaning", "vietnameseMeaning", "partOfSpeech", "exampleSentence", "exampleTranslation", "synonyms", "antonyms", "collocations") VALUES ('work-and-career-meetings-a1-answer', 'work-and-career-meetings-a1', E'answer', E'/ˈɑːnsər/', E'/ˈænsər/', E'reply', E'trả lời', 'verb', E'Answer me.', E'Trả lời tôi đi.', ARRAY['reply']::text[], '{}', ARRAY['answer question']::text[]) ON CONFLICT ("id") DO NOTHING;
INSERT INTO "VocabItem" ("id", "topicId", "word", "phonBr", "phonNAm", "meaning", "vietnameseMeaning", "partOfSpeech", "exampleSentence", "exampleTranslation", "synonyms", "antonyms", "collocations") VALUES ('work-and-career-meetings-a1-time', 'work-and-career-meetings-a1', E'time', E'/taɪm/', E'/taɪm/', E'when something happens', E'thời gian', 'noun', E'What time is it?', E'Mấy giờ rồi?', '{}', '{}', ARRAY['on time']::text[]) ON CONFLICT ("id") DO NOTHING;
INSERT INTO "VocabItem" ("id", "topicId", "word", "phonBr", "phonNAm", "meaning", "vietnameseMeaning", "partOfSpeech", "exampleSentence", "exampleTranslation", "synonyms", "antonyms", "collocations") VALUES ('work-and-career-meetings-a1-late', 'work-and-career-meetings-a1', E'late', E'/leɪt/', E'/leɪt/', E'not on time', E'muộn', 'adjective', E'Don''t be late.', E'Đừng đến muộn.', '{}', ARRAY['early']::text[], ARRAY['too late']::text[]) ON CONFLICT ("id") DO NOTHING;
INSERT INTO "VocabItem" ("id", "topicId", "word", "phonBr", "phonNAm", "meaning", "vietnameseMeaning", "partOfSpeech", "exampleSentence", "exampleTranslation", "synonyms", "antonyms", "collocations") VALUES ('work-and-career-meetings-a1-plan', 'work-and-career-meetings-a1', E'plan', E'/plæn/', E'/plæn/', E'idea for doing', E'kế hoạch', 'noun', E'It is a good plan.', E'Đó là kế hoạch tốt.', '{}', '{}', ARRAY['make plan']::text[]) ON CONFLICT ("id") DO NOTHING;
INSERT INTO "VocabItem" ("id", "topicId", "word", "phonBr", "phonNAm", "meaning", "vietnameseMeaning", "partOfSpeech", "exampleSentence", "exampleTranslation", "synonyms", "antonyms", "collocations") VALUES ('work-and-career-meetings-a1-idea', 'work-and-career-meetings-a1', E'idea', E'/aɪˈdɪə/', E'/aɪˈdiːə/', E'thought', E'ý tưởng', 'noun', E'I have an idea.', E'Tôi có ý tưởng.', ARRAY['thought']::text[], '{}', ARRAY['good idea']::text[]) ON CONFLICT ("id") DO NOTHING;
INSERT INTO "VocabItem" ("id", "topicId", "word", "phonBr", "phonNAm", "meaning", "vietnameseMeaning", "partOfSpeech", "exampleSentence", "exampleTranslation", "synonyms", "antonyms", "collocations") VALUES ('work-and-career-meetings-a1-team', 'work-and-career-meetings-a1', E'team', E'/tiːm/', E'/tiːm/', E'group of people', E'nhóm/đội', 'noun', E'We are a team.', E'Chúng ta là một đội.', ARRAY['group']::text[], '{}', ARRAY['team member']::text[]) ON CONFLICT ("id") DO NOTHING;

-- Topic: Meetings - B1 (10 words)
INSERT INTO "Topic" ("id", "title", "subtitle", "description", "level", "wordCount", "estimatedTime", "category", "subcategory", "order", "topicGroupId") VALUES ('work-and-career-meetings-b1', 'Meetings - B1', 'Vocabulary about meetings', 'Learn essential vocabulary about meetings at B1 level.', 'B1', 10, 20, 'Work & Career', 'Meetings', 2, 's45d8a7eefc6fa16ccb5b') ON CONFLICT ("id") DO NOTHING;
INSERT INTO "VocabItem" ("id", "topicId", "word", "phonBr", "phonNAm", "meaning", "vietnameseMeaning", "partOfSpeech", "exampleSentence", "exampleTranslation", "synonyms", "antonyms", "collocations") VALUES ('work-and-career-meetings-b1-agenda', 'work-and-career-meetings-b1', E'agenda', E'/əˈdʒendə/', E'/əˈdʒendə/', E'list of topics', E'chương trình nghị sự', 'noun', E'What is on the agenda?', E'Trong chương trình có gì?', ARRAY['schedule']::text[], '{}', ARRAY['meeting agenda']::text[]) ON CONFLICT ("id") DO NOTHING;
INSERT INTO "VocabItem" ("id", "topicId", "word", "phonBr", "phonNAm", "meaning", "vietnameseMeaning", "partOfSpeech", "exampleSentence", "exampleTranslation", "synonyms", "antonyms", "collocations") VALUES ('work-and-career-meetings-b1-present', 'work-and-career-meetings-b1', E'present', E'/prɪˈzent/', E'/prɪˈzent/', E'show and explain', E'trình bày', 'verb', E'Present your work.', E'Trình bày công việc của bạn.', ARRAY['show']::text[], '{}', ARRAY['present ideas']::text[]) ON CONFLICT ("id") DO NOTHING;
INSERT INTO "VocabItem" ("id", "topicId", "word", "phonBr", "phonNAm", "meaning", "vietnameseMeaning", "partOfSpeech", "exampleSentence", "exampleTranslation", "synonyms", "antonyms", "collocations") VALUES ('work-and-career-meetings-b1-discuss', 'work-and-career-meetings-b1', E'discuss', E'/dɪˈskʌs/', E'/dɪˈskʌs/', E'talk about', E'thảo luận', 'verb', E'Let''s discuss this.', E'Hãy thảo luận việc này.', ARRAY['talk']::text[], '{}', ARRAY['discuss problem']::text[]) ON CONFLICT ("id") DO NOTHING;
INSERT INTO "VocabItem" ("id", "topicId", "word", "phonBr", "phonNAm", "meaning", "vietnameseMeaning", "partOfSpeech", "exampleSentence", "exampleTranslation", "synonyms", "antonyms", "collocations") VALUES ('work-and-career-meetings-b1-minutes', 'work-and-career-meetings-b1', E'minutes', E'/ˈmɪnɪts/', E'/ˈmɪnɪts/', E'written record', E'biên bản cuộc họp', 'noun', E'Take the minutes.', E'Ghi biên bản.', ARRAY['notes']::text[], '{}', ARRAY['meeting minutes']::text[]) ON CONFLICT ("id") DO NOTHING;
INSERT INTO "VocabItem" ("id", "topicId", "word", "phonBr", "phonNAm", "meaning", "vietnameseMeaning", "partOfSpeech", "exampleSentence", "exampleTranslation", "synonyms", "antonyms", "collocations") VALUES ('work-and-career-meetings-b1-chair', 'work-and-career-meetings-b1', E'chair', E'/tʃeər/', E'/tʃer/', E'person leading', E'chủ trì', 'verb', E'She will chair the meeting.', E'Cô ấy sẽ chủ trì cuộc họp.', ARRAY['lead']::text[], '{}', ARRAY['chair meeting']::text[]) ON CONFLICT ("id") DO NOTHING;
INSERT INTO "VocabItem" ("id", "topicId", "word", "phonBr", "phonNAm", "meaning", "vietnameseMeaning", "partOfSpeech", "exampleSentence", "exampleTranslation", "synonyms", "antonyms", "collocations") VALUES ('work-and-career-meetings-b1-attend', 'work-and-career-meetings-b1', E'attend', E'/əˈtend/', E'/əˈtend/', E'go to', E'tham dự', 'verb', E'Attend the conference.', E'Tham dự hội nghị.', ARRAY['go to']::text[], '{}', ARRAY['attend meeting']::text[]) ON CONFLICT ("id") DO NOTHING;
INSERT INTO "VocabItem" ("id", "topicId", "word", "phonBr", "phonNAm", "meaning", "vietnameseMeaning", "partOfSpeech", "exampleSentence", "exampleTranslation", "synonyms", "antonyms", "collocations") VALUES ('work-and-career-meetings-b1-apology', 'work-and-career-meetings-b1', E'apology', E'/əˈpɒlədʒi/', E'/əˈpɑːlədʒi/', E'saying sorry for absence', E'lời cáo lỗi', 'noun', E'Send apologies.', E'Gửi lời cáo lỗi vắng mặt.', '{}', '{}', ARRAY['accept apology']::text[]) ON CONFLICT ("id") DO NOTHING;
INSERT INTO "VocabItem" ("id", "topicId", "word", "phonBr", "phonNAm", "meaning", "vietnameseMeaning", "partOfSpeech", "exampleSentence", "exampleTranslation", "synonyms", "antonyms", "collocations") VALUES ('work-and-career-meetings-b1-propose', 'work-and-career-meetings-b1', E'propose', E'/prəˈpəʊz/', E'/prəˈpoʊz/', E'suggest', E'đề xuất', 'verb', E'I propose a change.', E'Tôi đề xuất thay đổi.', ARRAY['suggest']::text[], '{}', ARRAY['propose plan']::text[]) ON CONFLICT ("id") DO NOTHING;
INSERT INTO "VocabItem" ("id", "topicId", "word", "phonBr", "phonNAm", "meaning", "vietnameseMeaning", "partOfSpeech", "exampleSentence", "exampleTranslation", "synonyms", "antonyms", "collocations") VALUES ('work-and-career-meetings-b1-agree', 'work-and-career-meetings-b1', E'agree', E'/əˈɡriː/', E'/əˈɡriː/', E'say yes', E'đồng ý', 'verb', E'We agree with you.', E'Chúng tôi đồng ý với bạn.', ARRAY['concur']::text[], ARRAY['disagree']::text[], ARRAY['fully agree']::text[]) ON CONFLICT ("id") DO NOTHING;
INSERT INTO "VocabItem" ("id", "topicId", "word", "phonBr", "phonNAm", "meaning", "vietnameseMeaning", "partOfSpeech", "exampleSentence", "exampleTranslation", "synonyms", "antonyms", "collocations") VALUES ('work-and-career-meetings-b1-vote', 'work-and-career-meetings-b1', E'vote', E'/vəʊt/', E'/voʊt/', E'choose', E'bỏ phiếu', 'verb', E'Let''s vote.', E'Hãy bỏ phiếu.', ARRAY['elect']::text[], '{}', ARRAY['cast vote']::text[]) ON CONFLICT ("id") DO NOTHING;

-- Topic: Meetings - C2 (10 words)
INSERT INTO "Topic" ("id", "title", "subtitle", "description", "level", "wordCount", "estimatedTime", "category", "subcategory", "order", "topicGroupId") VALUES ('work-and-career-meetings-c2', 'Meetings - C2', 'Vocabulary about meetings', 'Learn essential vocabulary about meetings at C2 level.', 'C2', 10, 20, 'Work & Career', 'Meetings', 5, 's45d8a7eefc6fa16ccb5b') ON CONFLICT ("id") DO NOTHING;
INSERT INTO "VocabItem" ("id", "topicId", "word", "phonBr", "phonNAm", "meaning", "vietnameseMeaning", "partOfSpeech", "exampleSentence", "exampleTranslation", "synonyms", "antonyms", "collocations") VALUES ('work-and-career-meetings-c2-consensus', 'work-and-career-meetings-c2', E'consensus', E'/kənˈsensəs/', E'/kənˈsensəs/', E'general agreement', E'sự đồng thuận', 'noun', E'Reach a consensus.', E'Đạt được sự đồng thuận.', ARRAY['agreement']::text[], ARRAY['disagreement']::text[], ARRAY['general consensus']::text[]) ON CONFLICT ("id") DO NOTHING;
INSERT INTO "VocabItem" ("id", "topicId", "word", "phonBr", "phonNAm", "meaning", "vietnameseMeaning", "partOfSpeech", "exampleSentence", "exampleTranslation", "synonyms", "antonyms", "collocations") VALUES ('work-and-career-meetings-c2-unanimous', 'work-and-career-meetings-c2', E'unanimous', E'/juˈnænɪməs/', E'/juˈnænɪməs/', E'all agreeing', E'nhất trí', 'adjective', E'The decision was unanimous.', E'Quyết định là nhất trí.', ARRAY['united']::text[], '{}', ARRAY['unanimous vote']::text[]) ON CONFLICT ("id") DO NOTHING;
INSERT INTO "VocabItem" ("id", "topicId", "word", "phonBr", "phonNAm", "meaning", "vietnameseMeaning", "partOfSpeech", "exampleSentence", "exampleTranslation", "synonyms", "antonyms", "collocations") VALUES ('work-and-career-meetings-c2-quorum', 'work-and-career-meetings-c2', E'quorum', E'/ˈkwɔːrəm/', E'/ˈkwɔːrəm/', E'min number of people', E'số lượng ối thiểu', 'noun', E'We do not have a quorum.', E'Chúng ta không đủ số lượng tối thiểu.', '{}', '{}', ARRAY['establish quorum']::text[]) ON CONFLICT ("id") DO NOTHING;
INSERT INTO "VocabItem" ("id", "topicId", "word", "phonBr", "phonNAm", "meaning", "vietnameseMeaning", "partOfSpeech", "exampleSentence", "exampleTranslation", "synonyms", "antonyms", "collocations") VALUES ('work-and-career-meetings-c2-motion', 'work-and-career-meetings-c2', E'motion', E'/ˈməʊʃn/', E'/ˈmoʊʃn/', E'proposal', E'kiến nghị', 'noun', E'Second the motion.', E'Tán thành kiến nghị.', ARRAY['proposal']::text[], '{}', ARRAY['pass motion']::text[]) ON CONFLICT ("id") DO NOTHING;
INSERT INTO "VocabItem" ("id", "topicId", "word", "phonBr", "phonNAm", "meaning", "vietnameseMeaning", "partOfSpeech", "exampleSentence", "exampleTranslation", "synonyms", "antonyms", "collocations") VALUES ('work-and-career-meetings-c2-adjourn', 'work-and-career-meetings-c2', E'adjourn', E'/əˈdʒɜːn/', E'/əˈdʒɜːrn/', E'stop meeting', E'hoãn/kết thúc', 'verb', E'The meeting adjourned.', E'Cuộc họp kết thúc.', ARRAY['close']::text[], '{}', ARRAY['adjourn meeting']::text[]) ON CONFLICT ("id") DO NOTHING;
INSERT INTO "VocabItem" ("id", "topicId", "word", "phonBr", "phonNAm", "meaning", "vietnameseMeaning", "partOfSpeech", "exampleSentence", "exampleTranslation", "synonyms", "antonyms", "collocations") VALUES ('work-and-career-meetings-c2-brainstorm', 'work-and-career-meetings-c2', E'brainstorm', E'/ˈbreɪnstɔːm/', E'/ˈbreɪnstɔːrm/', E'think of ideas', E'động não', 'verb', E'Brainstorm solutions.', E'Động não tìm giải pháp.', '{}', '{}', ARRAY['brainstorm session']::text[]) ON CONFLICT ("id") DO NOTHING;
INSERT INTO "VocabItem" ("id", "topicId", "word", "phonBr", "phonNAm", "meaning", "vietnameseMeaning", "partOfSpeech", "exampleSentence", "exampleTranslation", "synonyms", "antonyms", "collocations") VALUES ('work-and-career-meetings-c2-negotiate', 'work-and-career-meetings-c2', E'negotiate', E'/nɪˈɡəʊʃieɪt/', E'/nɪˈɡoʊʃieɪt/', E'bargain for agreement', E'đàm phán', 'verb', E'Negotiate a deal.', E'Đàm phán thỏa thuận.', ARRAY['bargain']::text[], '{}', ARRAY['negotiate terms']::text[]) ON CONFLICT ("id") DO NOTHING;
INSERT INTO "VocabItem" ("id", "topicId", "word", "phonBr", "phonNAm", "meaning", "vietnameseMeaning", "partOfSpeech", "exampleSentence", "exampleTranslation", "synonyms", "antonyms", "collocations") VALUES ('work-and-career-meetings-c2-standpoint', 'work-and-career-meetings-c2', E'standpoint', E'/ˈstændpɔɪnt/', E'/ˈstændpɔɪnt/', E'point of view', E'quan điểm', 'noun', E'From my standpoint.', E'Từ quan điểm của tôi.', ARRAY['perspective']::text[], '{}', ARRAY['personal standpoint']::text[]) ON CONFLICT ("id") DO NOTHING;
INSERT INTO "VocabItem" ("id", "topicId", "word", "phonBr", "phonNAm", "meaning", "vietnameseMeaning", "partOfSpeech", "exampleSentence", "exampleTranslation", "synonyms", "antonyms", "collocations") VALUES ('work-and-career-meetings-c2-deadlock', 'work-and-career-meetings-c2', E'deadlock', E'/ˈdedlɒk/', E'/ˈdedlɑːk/', E'no agreement possible', E'sự bế tắc', 'noun', E'Negotiations reached a deadlock.', E'Đàm phán đi vào bế tắc.', ARRAY['stalemate']::text[], '{}', ARRAY['break deadlock']::text[]) ON CONFLICT ("id") DO NOTHING;
INSERT INTO "VocabItem" ("id", "topicId", "word", "phonBr", "phonNAm", "meaning", "vietnameseMeaning", "partOfSpeech", "exampleSentence", "exampleTranslation", "synonyms", "antonyms", "collocations") VALUES ('work-and-career-meetings-c2-agm', 'work-and-career-meetings-c2', E'AGM', E'/ˌeɪ dʒiː ˈem/', E'/ˌeɪ dʒiː ˈem/', E'Annual General Meeting', E'đại hội cổ đông thường niên', 'noun', E'Attend the AGM.', E'Tham dự đại hội cổ đông.', '{}', '{}', ARRAY['company AGM']::text[]) ON CONFLICT ("id") DO NOTHING;

-- Topic: Business Terms - B1 (10 words)
INSERT INTO "Topic" ("id", "title", "subtitle", "description", "level", "wordCount", "estimatedTime", "category", "subcategory", "order", "topicGroupId") VALUES ('work-and-career-business-terms-b1', 'Business Terms - B1', 'Vocabulary about business terms', 'Learn essential vocabulary about business terms at B1 level.', 'B1', 10, 20, 'Work & Career', 'Business Terms', 2, 's45d8a7eefc6fa16ccb5b') ON CONFLICT ("id") DO NOTHING;
INSERT INTO "VocabItem" ("id", "topicId", "word", "phonBr", "phonNAm", "meaning", "vietnameseMeaning", "partOfSpeech", "exampleSentence", "exampleTranslation", "synonyms", "antonyms", "collocations") VALUES ('work-and-career-business-terms-b1-profit', 'work-and-career-business-terms-b1', E'profit', E'/ˈprɒfɪt/', E'/ˈprɑːfɪt/', E'money made', E'lợi nhuận', 'noun', E'Make a profit.', E'Tạo ra lợi nhuận.', ARRAY['gain']::text[], ARRAY['loss']::text[], ARRAY['net profit']::text[]) ON CONFLICT ("id") DO NOTHING;
INSERT INTO "VocabItem" ("id", "topicId", "word", "phonBr", "phonNAm", "meaning", "vietnameseMeaning", "partOfSpeech", "exampleSentence", "exampleTranslation", "synonyms", "antonyms", "collocations") VALUES ('work-and-career-business-terms-b1-loss', 'work-and-career-business-terms-b1', E'loss', E'/lɒs/', E'/lɔːs/', E'money lost', E'thua lỗ', 'noun', E'Avoid a loss.', E'Tránh thua lỗ.', '{}', ARRAY['profit']::text[], ARRAY['big loss']::text[]) ON CONFLICT ("id") DO NOTHING;
INSERT INTO "VocabItem" ("id", "topicId", "word", "phonBr", "phonNAm", "meaning", "vietnameseMeaning", "partOfSpeech", "exampleSentence", "exampleTranslation", "synonyms", "antonyms", "collocations") VALUES ('work-and-career-business-terms-b1-market', 'work-and-career-business-terms-b1', E'market', E'/ˈmɑːkɪt/', E'/ˈmɑːrkɪt/', E'place for trade', E'thị trường', 'noun', E'The global market.', E'Thị trường toàn cầu.', '{}', '{}', ARRAY['stock market']::text[]) ON CONFLICT ("id") DO NOTHING;
INSERT INTO "VocabItem" ("id", "topicId", "word", "phonBr", "phonNAm", "meaning", "vietnameseMeaning", "partOfSpeech", "exampleSentence", "exampleTranslation", "synonyms", "antonyms", "collocations") VALUES ('work-and-career-business-terms-b1-product', 'work-and-career-business-terms-b1', E'product', E'/ˈprɒdʌkt/', E'/ˈprɑːdʌkt/', E'thing made to sell', E'sản phẩm', 'noun', E'Launch a new product.', E'Ra mắt sản phẩm mới.', ARRAY['goods']::text[], '{}', ARRAY['quality product']::text[]) ON CONFLICT ("id") DO NOTHING;
INSERT INTO "VocabItem" ("id", "topicId", "word", "phonBr", "phonNAm", "meaning", "vietnameseMeaning", "partOfSpeech", "exampleSentence", "exampleTranslation", "synonyms", "antonyms", "collocations") VALUES ('work-and-career-business-terms-b1-service', 'work-and-career-business-terms-b1', E'service', E'/ˈsɜːvɪs/', E'/ˈsɜːrvɪs/', E'help provided', E'dịch vụ', 'noun', E'Customer service.', E'Dịch vụ khách hàng.', '{}', '{}', ARRAY['good service']::text[]) ON CONFLICT ("id") DO NOTHING;
INSERT INTO "VocabItem" ("id", "topicId", "word", "phonBr", "phonNAm", "meaning", "vietnameseMeaning", "partOfSpeech", "exampleSentence", "exampleTranslation", "synonyms", "antonyms", "collocations") VALUES ('work-and-career-business-terms-b1-invest', 'work-and-career-business-terms-b1', E'invest', E'/ɪnˈvest/', E'/ɪnˈvest/', E'put money in', E'đầu tư', 'verb', E'Invest in shares.', E'Đầu tư vào cổ phiếu.', '{}', '{}', ARRAY['invest money']::text[]) ON CONFLICT ("id") DO NOTHING;
INSERT INTO "VocabItem" ("id", "topicId", "word", "phonBr", "phonNAm", "meaning", "vietnameseMeaning", "partOfSpeech", "exampleSentence", "exampleTranslation", "synonyms", "antonyms", "collocations") VALUES ('work-and-career-business-terms-b1-budget', 'work-and-career-business-terms-b1', E'budget', E'/ˈbʌdʒɪt/', E'/ˈbʌdʒɪt/', E'plan for money', E'ngân sách', 'noun', E'Within the budget.', E'Trong ngân sách.', '{}', '{}', ARRAY['tight budget']::text[]) ON CONFLICT ("id") DO NOTHING;
INSERT INTO "VocabItem" ("id", "topicId", "word", "phonBr", "phonNAm", "meaning", "vietnameseMeaning", "partOfSpeech", "exampleSentence", "exampleTranslation", "synonyms", "antonyms", "collocations") VALUES ('work-and-career-business-terms-b1-tax', 'work-and-career-business-terms-b1', E'tax', E'/tæks/', E'/tæks/', E'money to government', E'thuế', 'noun', E'Pay tax.', E'Nộp thuế.', '{}', '{}', ARRAY['income tax']::text[]) ON CONFLICT ("id") DO NOTHING;
INSERT INTO "VocabItem" ("id", "topicId", "word", "phonBr", "phonNAm", "meaning", "vietnameseMeaning", "partOfSpeech", "exampleSentence", "exampleTranslation", "synonyms", "antonyms", "collocations") VALUES ('work-and-career-business-terms-b1-economy', 'work-and-career-business-terms-b1', E'economy', E'/ɪˈkɒnəmi/', E'/ɪˈkɑːnəmi/', E'system of money', E'nền kinh tế', 'noun', E'The economy is growing.', E'Kinh tế đang tăng trưởng.', '{}', '{}', ARRAY['global economy']::text[]) ON CONFLICT ("id") DO NOTHING;
INSERT INTO "VocabItem" ("id", "topicId", "word", "phonBr", "phonNAm", "meaning", "vietnameseMeaning", "partOfSpeech", "exampleSentence", "exampleTranslation", "synonyms", "antonyms", "collocations") VALUES ('work-and-career-business-terms-b1-growth', 'work-and-career-business-terms-b1', E'growth', E'/ɡrəʊθ/', E'/ɡroʊθ/', E'getting bigger', E'sự tăng trưởng', 'noun', E'Business growth.', E'Tăng trưởng kinh doanh.', ARRAY['expansion']::text[], '{}', ARRAY['economic growth']::text[]) ON CONFLICT ("id") DO NOTHING;

-- Topic: Business Terms - B2 (10 words)
INSERT INTO "Topic" ("id", "title", "subtitle", "description", "level", "wordCount", "estimatedTime", "category", "subcategory", "order", "topicGroupId") VALUES ('work-and-career-business-terms-b2', 'Business Terms - B2', 'Vocabulary about business terms', 'Learn essential vocabulary about business terms at B2 level.', 'B2', 10, 20, 'Work & Career', 'Business Terms', 3, 's45d8a7eefc6fa16ccb5b') ON CONFLICT ("id") DO NOTHING;
INSERT INTO "VocabItem" ("id", "topicId", "word", "phonBr", "phonNAm", "meaning", "vietnameseMeaning", "partOfSpeech", "exampleSentence", "exampleTranslation", "synonyms", "antonyms", "collocations") VALUES ('work-and-career-business-terms-b2-shareholder', 'work-and-career-business-terms-b2', E'shareholder', E'/ˈʃeəhəʊldər/', E'/ˈʃerhoʊldər/', E'person owning shares', E'cổ đông', 'noun', E'Shareholders want profit.', E'Cổ đông muốn lợi nhuận.', ARRAY['stockholder']::text[], '{}', ARRAY['major shareholder']::text[]) ON CONFLICT ("id") DO NOTHING;
INSERT INTO "VocabItem" ("id", "topicId", "word", "phonBr", "phonNAm", "meaning", "vietnameseMeaning", "partOfSpeech", "exampleSentence", "exampleTranslation", "synonyms", "antonyms", "collocations") VALUES ('work-and-career-business-terms-b2-merger', 'work-and-career-business-terms-b2', E'merger', E'/ˈmɜːdʒər/', E'/ˈmɜːrdʒər/', E'joining of companies', E'sự sáp nhập', 'noun', E'A merger between banks.', E'Sáp nhập giữa các ngân hàng.', ARRAY['union']::text[], '{}', ARRAY['merger and acquisition']::text[]) ON CONFLICT ("id") DO NOTHING;
INSERT INTO "VocabItem" ("id", "topicId", "word", "phonBr", "phonNAm", "meaning", "vietnameseMeaning", "partOfSpeech", "exampleSentence", "exampleTranslation", "synonyms", "antonyms", "collocations") VALUES ('work-and-career-business-terms-b2-competitor', 'work-and-career-business-terms-b2', E'competitor', E'/kəmˈpetɪtər/', E'/kəmˈpetɪtər/', E'business rival', E'đối thủ cạnh tranh', 'noun', E'Beat the competitor.', E'Đánh bại đối thủ.', ARRAY['rival']::text[], '{}', ARRAY['main competitor']::text[]) ON CONFLICT ("id") DO NOTHING;
INSERT INTO "VocabItem" ("id", "topicId", "word", "phonBr", "phonNAm", "meaning", "vietnameseMeaning", "partOfSpeech", "exampleSentence", "exampleTranslation", "synonyms", "antonyms", "collocations") VALUES ('work-and-career-business-terms-b2-expansion', 'work-and-career-business-terms-b2', E'expansion', E'/ɪkˈspænʃn/', E'/ɪkˈspænʃn/', E'getting larger', E'sự mở rộng', 'noun', E'Expansion into new markets.', E'Mở rộng sang thị trường mới.', ARRAY['growth']::text[], '{}', ARRAY['rapid expansion']::text[]) ON CONFLICT ("id") DO NOTHING;
INSERT INTO "VocabItem" ("id", "topicId", "word", "phonBr", "phonNAm", "meaning", "vietnameseMeaning", "partOfSpeech", "exampleSentence", "exampleTranslation", "synonyms", "antonyms", "collocations") VALUES ('work-and-career-business-terms-b2-turnover', 'work-and-career-business-terms-b2', E'turnover', E'/ˈtɜːnəʊvər/', E'/ˈtɜːrnoʊvər/', E'total sales', E'doanh thu', 'noun', E'Annual turnover.', E'Doanh thu hàng năm.', ARRAY['revenue']::text[], '{}', ARRAY['high turnover']::text[]) ON CONFLICT ("id") DO NOTHING;
INSERT INTO "VocabItem" ("id", "topicId", "word", "phonBr", "phonNAm", "meaning", "vietnameseMeaning", "partOfSpeech", "exampleSentence", "exampleTranslation", "synonyms", "antonyms", "collocations") VALUES ('work-and-career-business-terms-b2-stake', 'work-and-career-business-terms-b2', E'stake', E'/steɪk/', E'/steɪk/', E'share in business', E'cổ phần', 'noun', E'Hold a stake.', E'Nắm giữ cổ phần.', ARRAY['share']::text[], '{}', ARRAY['majority stake']::text[]) ON CONFLICT ("id") DO NOTHING;
INSERT INTO "VocabItem" ("id", "topicId", "word", "phonBr", "phonNAm", "meaning", "vietnameseMeaning", "partOfSpeech", "exampleSentence", "exampleTranslation", "synonyms", "antonyms", "collocations") VALUES ('work-and-career-business-terms-b2-bankrupt', 'work-and-career-business-terms-b2', E'bankrupt', E'/ˈbæŋkrʌpt/', E'/ˈbæŋkrʌpt/', E'no money left', E'phá sản', 'adjective', E'Go bankrupt.', E'Bị phá sản.', ARRAY['insolvent']::text[], '{}', ARRAY['declare bankrupt']::text[]) ON CONFLICT ("id") DO NOTHING;
INSERT INTO "VocabItem" ("id", "topicId", "word", "phonBr", "phonNAm", "meaning", "vietnameseMeaning", "partOfSpeech", "exampleSentence", "exampleTranslation", "synonyms", "antonyms", "collocations") VALUES ('work-and-career-business-terms-b2-currency', 'work-and-career-business-terms-b2', E'currency', E'/ˈkʌrənsi/', E'/ˈkɜːrənsi/', E'type of money', E'tiền tệ', 'noun', E'Foreign currency.', E'Ngoại tệ.', ARRAY['money']::text[], '{}', ARRAY['strong currency']::text[]) ON CONFLICT ("id") DO NOTHING;
INSERT INTO "VocabItem" ("id", "topicId", "word", "phonBr", "phonNAm", "meaning", "vietnameseMeaning", "partOfSpeech", "exampleSentence", "exampleTranslation", "synonyms", "antonyms", "collocations") VALUES ('work-and-career-business-terms-b2-asset', 'work-and-career-business-terms-b2', E'asset', E'/ˈæset/', E'/ˈæset/', E'something valuable', E'tài sản', 'noun', E'Protect your assets.', E'Bảo vệ tài sản.', ARRAY['property']::text[], ARRAY['liability']::text[], ARRAY['liquid asset']::text[]) ON CONFLICT ("id") DO NOTHING;
INSERT INTO "VocabItem" ("id", "topicId", "word", "phonBr", "phonNAm", "meaning", "vietnameseMeaning", "partOfSpeech", "exampleSentence", "exampleTranslation", "synonyms", "antonyms", "collocations") VALUES ('work-and-career-business-terms-b2-liability', 'work-and-career-business-terms-b2', E'liability', E'/ˌlaɪəˈbɪləti/', E'/ˌlaɪəˈbɪləti/', E'debt/responsibility', E'nghĩa vụ/khoản nợ', 'noun', E'Limit liability.', E'Giới hạn trách nhiệm pháp lý.', ARRAY['debt']::text[], ARRAY['asset']::text[], ARRAY['legal liability']::text[]) ON CONFLICT ("id") DO NOTHING;

-- Topic: Business Terms - C1 (10 words)
INSERT INTO "Topic" ("id", "title", "subtitle", "description", "level", "wordCount", "estimatedTime", "category", "subcategory", "order", "topicGroupId") VALUES ('work-and-career-business-terms-c1', 'Business Terms - C1', 'Vocabulary about business terms', 'Learn essential vocabulary about business terms at C1 level.', 'C1', 10, 20, 'Work & Career', 'Business Terms', 4, 's45d8a7eefc6fa16ccb5b') ON CONFLICT ("id") DO NOTHING;
INSERT INTO "VocabItem" ("id", "topicId", "word", "phonBr", "phonNAm", "meaning", "vietnameseMeaning", "partOfSpeech", "exampleSentence", "exampleTranslation", "synonyms", "antonyms", "collocations") VALUES ('work-and-career-business-terms-c1-monopoly', 'work-and-career-business-terms-c1', E'monopoly', E'/məˈnɒpəli/', E'/məˈnɑːpəli/', E'one seller control', E'độc quyền', 'noun', E'Break the monopoly.', E'Phá vỡ thế độc quyền.', '{}', '{}', ARRAY['state monopoly']::text[]) ON CONFLICT ("id") DO NOTHING;
INSERT INTO "VocabItem" ("id", "topicId", "word", "phonBr", "phonNAm", "meaning", "vietnameseMeaning", "partOfSpeech", "exampleSentence", "exampleTranslation", "synonyms", "antonyms", "collocations") VALUES ('work-and-career-business-terms-c1-subsidiary', 'work-and-career-business-terms-c1', E'subsidiary', E'/səbˈsɪdiəri/', E'/səbˈsɪdieri/', E'company owned by another', E'công ty con', 'noun', E'A subsidiary of a large firm.', E'Công ty con của tập đoàn lớn.', ARRAY['branch']::text[], ARRAY['parent company']::text[], ARRAY['local subsidiary']::text[]) ON CONFLICT ("id") DO NOTHING;
INSERT INTO "VocabItem" ("id", "topicId", "word", "phonBr", "phonNAm", "meaning", "vietnameseMeaning", "partOfSpeech", "exampleSentence", "exampleTranslation", "synonyms", "antonyms", "collocations") VALUES ('work-and-career-business-terms-c1-entrepreneur', 'work-and-career-business-terms-c1', E'entrepreneur', E'/ˌɒntrəprəˈnɜːr/', E'/ˌɑːntrəprəˈnɜːr/', E'business creator', E'doanh nhân', 'noun', E'Successful entrepreneur.', E'Doanh nhân thành đạt.', ARRAY['businessperson']::text[], '{}', ARRAY['tech entrepreneur']::text[]) ON CONFLICT ("id") DO NOTHING;
INSERT INTO "VocabItem" ("id", "topicId", "word", "phonBr", "phonNAm", "meaning", "vietnameseMeaning", "partOfSpeech", "exampleSentence", "exampleTranslation", "synonyms", "antonyms", "collocations") VALUES ('work-and-career-business-terms-c1-dividend', 'work-and-career-business-terms-c1', E'dividend', E'/ˈdɪvɪdend/', E'/ˈdɪvɪdend/', E'profit share', E'cổ tức', 'noun', E'Pay dividends.', E'Trả cổ tức.', '{}', '{}', ARRAY['annual dividend']::text[]) ON CONFLICT ("id") DO NOTHING;
INSERT INTO "VocabItem" ("id", "topicId", "word", "phonBr", "phonNAm", "meaning", "vietnameseMeaning", "partOfSpeech", "exampleSentence", "exampleTranslation", "synonyms", "antonyms", "collocations") VALUES ('work-and-career-business-terms-c1-outsourcing', 'work-and-career-business-terms-c1', E'outsourcing', E'/ˈaʊtsɔːsɪŋ/', E'/ˈaʊtsɔːrsɪŋ/', E'using outside workers', E'thuê ngoài', 'noun', E'Save money by outsourcing.', E'Tiết kiệm tiền bằng cách thuê ngoài.', ARRAY['contracting']::text[], '{}', ARRAY['offshore outsourcing']::text[]) ON CONFLICT ("id") DO NOTHING;
INSERT INTO "VocabItem" ("id", "topicId", "word", "phonBr", "phonNAm", "meaning", "vietnameseMeaning", "partOfSpeech", "exampleSentence", "exampleTranslation", "synonyms", "antonyms", "collocations") VALUES ('work-and-career-business-terms-c1-franchise', 'work-and-career-business-terms-c1', E'franchise', E'/ˈfræntʃaɪz/', E'/ˈfræntʃaɪz/', E'business license', E'nhượng quyền', 'noun', E'Buy a franchise.', E'Mua nhượng quyền.', '{}', '{}', ARRAY['fast food franchise']::text[]) ON CONFLICT ("id") DO NOTHING;
INSERT INTO "VocabItem" ("id", "topicId", "word", "phonBr", "phonNAm", "meaning", "vietnameseMeaning", "partOfSpeech", "exampleSentence", "exampleTranslation", "synonyms", "antonyms", "collocations") VALUES ('work-and-career-business-terms-c1-audit', 'work-and-career-business-terms-c1', E'audit', E'/ˈɔːdɪt/', E'/ˈɔːdɪt/', E'check of accounts', E'kiểm toán', 'noun', E'Internal audit.', E'Kiểm toán nội bộ.', ARRAY['inspection']::text[], '{}', ARRAY['financial audit']::text[]) ON CONFLICT ("id") DO NOTHING;
INSERT INTO "VocabItem" ("id", "topicId", "word", "phonBr", "phonNAm", "meaning", "vietnameseMeaning", "partOfSpeech", "exampleSentence", "exampleTranslation", "synonyms", "antonyms", "collocations") VALUES ('work-and-career-business-terms-c1-deficit', 'work-and-career-business-terms-c1', E'deficit', E'/ˈdefɪsɪt/', E'/ˈdefɪsɪt/', E'loss of money', E'thâm hụt', 'noun', E'Budget deficit.', E'Thâm hụt ngân sách.', ARRAY['shortfall']::text[], ARRAY['surplus']::text[], ARRAY['trade deficit']::text[]) ON CONFLICT ("id") DO NOTHING;
INSERT INTO "VocabItem" ("id", "topicId", "word", "phonBr", "phonNAm", "meaning", "vietnameseMeaning", "partOfSpeech", "exampleSentence", "exampleTranslation", "synonyms", "antonyms", "collocations") VALUES ('work-and-career-business-terms-c1-surplus', 'work-and-career-business-terms-c1', E'surplus', E'/ˈsɜːpləs/', E'/ˈsɜːrpləs/', E'extra amount', E'thặng dư', 'noun', E'Trade surplus.', E'Thặng dư thương mại.', ARRAY['excess']::text[], ARRAY['deficit']::text[], ARRAY['budget surplus']::text[]) ON CONFLICT ("id") DO NOTHING;
INSERT INTO "VocabItem" ("id", "topicId", "word", "phonBr", "phonNAm", "meaning", "vietnameseMeaning", "partOfSpeech", "exampleSentence", "exampleTranslation", "synonyms", "antonyms", "collocations") VALUES ('work-and-career-business-terms-c1-inflation', 'work-and-career-business-terms-c1', E'inflation', E'/ɪnˈfleɪʃn/', E'/ɪnˈfleɪʃn/', E'rising prices', E'lạm phát', 'noun', E'High inflation.', E'Lạm phát cao.', '{}', ARRAY['deflation']::text[], ARRAY['rate of inflation']::text[]) ON CONFLICT ("id") DO NOTHING;

-- ══════════════════════════════════════════════════
-- VOCAB: Health
-- ══════════════════════════════════════════════════
INSERT INTO "TopicGroup" ("id", "name", "order", "hubType", "subcategories") VALUES ('s6ddbd7ad7c88ac21d808', 'Health', 3, 'vocab', ARRAY['Body Parts','Medical Care','Fitness','Mental Health']::text[]) ON CONFLICT ("name", "hubType") DO NOTHING;

-- Topic: Body Parts - A1 (10 words)
INSERT INTO "Topic" ("id", "title", "subtitle", "description", "level", "wordCount", "estimatedTime", "category", "subcategory", "order", "topicGroupId") VALUES ('health-body-parts-a1', 'Body Parts - A1', 'Vocabulary about body parts', 'Learn essential vocabulary about body parts at A1 level.', 'A1', 10, 20, 'Health', 'Body Parts', 0, 's6ddbd7ad7c88ac21d808') ON CONFLICT ("id") DO NOTHING;
INSERT INTO "VocabItem" ("id", "topicId", "word", "phonBr", "phonNAm", "meaning", "vietnameseMeaning", "partOfSpeech", "exampleSentence", "exampleTranslation", "synonyms", "antonyms", "collocations") VALUES ('health-body-parts-a1-head', 'health-body-parts-a1', E'head', E'/hed/', E'/hed/', E'top part of body', E'đầu', 'noun', E'My head hurts.', E'Đầu tôi đau.', '{}', '{}', ARRAY['shake head']::text[]) ON CONFLICT ("id") DO NOTHING;
INSERT INTO "VocabItem" ("id", "topicId", "word", "phonBr", "phonNAm", "meaning", "vietnameseMeaning", "partOfSpeech", "exampleSentence", "exampleTranslation", "synonyms", "antonyms", "collocations") VALUES ('health-body-parts-a1-eye', 'health-body-parts-a1', E'eye', E'/aɪ/', E'/aɪ/', E'organ for seeing', E'mắt', 'noun', E'Close your eyes.', E'Nhắm mắt lại.', '{}', '{}', ARRAY['open eyes']::text[]) ON CONFLICT ("id") DO NOTHING;
INSERT INTO "VocabItem" ("id", "topicId", "word", "phonBr", "phonNAm", "meaning", "vietnameseMeaning", "partOfSpeech", "exampleSentence", "exampleTranslation", "synonyms", "antonyms", "collocations") VALUES ('health-body-parts-a1-hand', 'health-body-parts-a1', E'hand', E'/hænd/', E'/hænd/', E'end of arm', E'bàn tay', 'noun', E'Wash your hands.', E'Rửa tay đi.', '{}', '{}', ARRAY['shake hands']::text[]) ON CONFLICT ("id") DO NOTHING;
INSERT INTO "VocabItem" ("id", "topicId", "word", "phonBr", "phonNAm", "meaning", "vietnameseMeaning", "partOfSpeech", "exampleSentence", "exampleTranslation", "synonyms", "antonyms", "collocations") VALUES ('health-body-parts-a1-leg', 'health-body-parts-a1', E'leg', E'/leɡ/', E'/leɡ/', E'limb for walking', E'kết chân', 'noun', E'I broke my leg.', E'Tôi bị gãy chân.', '{}', '{}', ARRAY['long legs']::text[]) ON CONFLICT ("id") DO NOTHING;
INSERT INTO "VocabItem" ("id", "topicId", "word", "phonBr", "phonNAm", "meaning", "vietnameseMeaning", "partOfSpeech", "exampleSentence", "exampleTranslation", "synonyms", "antonyms", "collocations") VALUES ('health-body-parts-a1-face', 'health-body-parts-a1', E'face', E'/feɪs/', E'/feɪs/', E'front of head', E'khuôn mặt', 'noun', E'Wash your face.', E'Rửa mặt đi.', '{}', '{}', ARRAY['beautiful face']::text[]) ON CONFLICT ("id") DO NOTHING;
INSERT INTO "VocabItem" ("id", "topicId", "word", "phonBr", "phonNAm", "meaning", "vietnameseMeaning", "partOfSpeech", "exampleSentence", "exampleTranslation", "synonyms", "antonyms", "collocations") VALUES ('health-body-parts-a1-mouth', 'health-body-parts-a1', E'mouth', E'/maʊθ/', E'/maʊθ/', E'part for eating', E'miệng', 'noun', E'Open your mouth.', E'Há miệng ra.', '{}', '{}', ARRAY['shut mouth']::text[]) ON CONFLICT ("id") DO NOTHING;
INSERT INTO "VocabItem" ("id", "topicId", "word", "phonBr", "phonNAm", "meaning", "vietnameseMeaning", "partOfSpeech", "exampleSentence", "exampleTranslation", "synonyms", "antonyms", "collocations") VALUES ('health-body-parts-a1-foot', 'health-body-parts-a1', E'foot', E'/fʊt/', E'/fʊt/', E'bottom of leg', E'bàn chân', 'noun', E'My foot is sore.', E'Chân tôi đau.', '{}', '{}', ARRAY['on foot']::text[]) ON CONFLICT ("id") DO NOTHING;
INSERT INTO "VocabItem" ("id", "topicId", "word", "phonBr", "phonNAm", "meaning", "vietnameseMeaning", "partOfSpeech", "exampleSentence", "exampleTranslation", "synonyms", "antonyms", "collocations") VALUES ('health-body-parts-a1-arm', 'health-body-parts-a1', E'arm', E'/ɑːm/', E'/ɑːrm/', E'upper limb', E'cánh tay', 'noun', E'Raise your arm.', E'Giơ tay lên.', '{}', '{}', ARRAY['strong arm']::text[]) ON CONFLICT ("id") DO NOTHING;
INSERT INTO "VocabItem" ("id", "topicId", "word", "phonBr", "phonNAm", "meaning", "vietnameseMeaning", "partOfSpeech", "exampleSentence", "exampleTranslation", "synonyms", "antonyms", "collocations") VALUES ('health-body-parts-a1-ear', 'health-body-parts-a1', E'ear', E'/ɪər/', E'/ɪr/', E'organ for hearing', E'tai', 'noun', E'I have two ears.', E'Tôi có hai cái tai.', '{}', '{}', ARRAY['listen ear']::text[]) ON CONFLICT ("id") DO NOTHING;
INSERT INTO "VocabItem" ("id", "topicId", "word", "phonBr", "phonNAm", "meaning", "vietnameseMeaning", "partOfSpeech", "exampleSentence", "exampleTranslation", "synonyms", "antonyms", "collocations") VALUES ('health-body-parts-a1-hair', 'health-body-parts-a1', E'hair', E'/heər/', E'/her/', E'stuff on head', E'tóc', 'noun', E'Brush your hair.', E'Chải tóc đi.', '{}', '{}', ARRAY['long hair']::text[]) ON CONFLICT ("id") DO NOTHING;

-- Topic: Body Parts - B1 (10 words)
INSERT INTO "Topic" ("id", "title", "subtitle", "description", "level", "wordCount", "estimatedTime", "category", "subcategory", "order", "topicGroupId") VALUES ('health-body-parts-b1', 'Body Parts - B1', 'Vocabulary about body parts', 'Learn essential vocabulary about body parts at B1 level.', 'B1', 10, 20, 'Health', 'Body Parts', 2, 's6ddbd7ad7c88ac21d808') ON CONFLICT ("id") DO NOTHING;
INSERT INTO "VocabItem" ("id", "topicId", "word", "phonBr", "phonNAm", "meaning", "vietnameseMeaning", "partOfSpeech", "exampleSentence", "exampleTranslation", "synonyms", "antonyms", "collocations") VALUES ('health-body-parts-b1-stomach', 'health-body-parts-b1', E'stomach', E'/ˈstʌmək/', E'/ˈstʌmək/', E'organ for food', E'dạ dày/bụng', 'noun', E'My stomach aches.', E'Bụng tôi đau.', ARRAY['belly']::text[], '{}', ARRAY['stomach ache']::text[]) ON CONFLICT ("id") DO NOTHING;
INSERT INTO "VocabItem" ("id", "topicId", "word", "phonBr", "phonNAm", "meaning", "vietnameseMeaning", "partOfSpeech", "exampleSentence", "exampleTranslation", "synonyms", "antonyms", "collocations") VALUES ('health-body-parts-b1-muscle', 'health-body-parts-b1', E'muscle', E'/ˈmʌsl/', E'/ˈmʌsl/', E'tissue for movement', E'cơ bắp', 'noun', E'Build muscle.', E'Xây dựng cơ bắp.', '{}', '{}', ARRAY['strong muscle']::text[]) ON CONFLICT ("id") DO NOTHING;
INSERT INTO "VocabItem" ("id", "topicId", "word", "phonBr", "phonNAm", "meaning", "vietnameseMeaning", "partOfSpeech", "exampleSentence", "exampleTranslation", "synonyms", "antonyms", "collocations") VALUES ('health-body-parts-b1-bone', 'health-body-parts-b1', E'bone', E'/bəʊn/', E'/boʊn/', E'hard part of body', E'xương', 'noun', E'Broken bone.', E'Gãy xương.', '{}', '{}', ARRAY['bone structure']::text[]) ON CONFLICT ("id") DO NOTHING;
INSERT INTO "VocabItem" ("id", "topicId", "word", "phonBr", "phonNAm", "meaning", "vietnameseMeaning", "partOfSpeech", "exampleSentence", "exampleTranslation", "synonyms", "antonyms", "collocations") VALUES ('health-body-parts-b1-brain', 'health-body-parts-b1', E'brain', E'/breɪn/', E'/breɪn/', E'organ for thinking', E'não', 'noun', E'Use your brain.', E'Dùng não đi.', '{}', '{}', ARRAY['brain power']::text[]) ON CONFLICT ("id") DO NOTHING;
INSERT INTO "VocabItem" ("id", "topicId", "word", "phonBr", "phonNAm", "meaning", "vietnameseMeaning", "partOfSpeech", "exampleSentence", "exampleTranslation", "synonyms", "antonyms", "collocations") VALUES ('health-body-parts-b1-heart', 'health-body-parts-b1', E'heart', E'/hɑːt/', E'/hɑːrt/', E'organ pumping blood', E'tim', 'noun', E'My heart beats fast.', E'Tim tôi đập nhanh.', '{}', '{}', ARRAY['heart attack']::text[]) ON CONFLICT ("id") DO NOTHING;
INSERT INTO "VocabItem" ("id", "topicId", "word", "phonBr", "phonNAm", "meaning", "vietnameseMeaning", "partOfSpeech", "exampleSentence", "exampleTranslation", "synonyms", "antonyms", "collocations") VALUES ('health-body-parts-b1-skin', 'health-body-parts-b1', E'skin', E'/skɪn/', E'/skɪn/', E'outer covering', E'da', 'noun', E'Protect your skin.', E'Bảo vệ da bạn.', '{}', '{}', ARRAY['skin care']::text[]) ON CONFLICT ("id") DO NOTHING;
INSERT INTO "VocabItem" ("id", "topicId", "word", "phonBr", "phonNAm", "meaning", "vietnameseMeaning", "partOfSpeech", "exampleSentence", "exampleTranslation", "synonyms", "antonyms", "collocations") VALUES ('health-body-parts-b1-throat', 'health-body-parts-b1', E'throat', E'/θrəʊt/', E'/θroʊt/', E'passage in neck', E'cổ họng', 'noun', E'Sore throat.', E'Đau họng.', '{}', '{}', ARRAY['throat infection']::text[]) ON CONFLICT ("id") DO NOTHING;
INSERT INTO "VocabItem" ("id", "topicId", "word", "phonBr", "phonNAm", "meaning", "vietnameseMeaning", "partOfSpeech", "exampleSentence", "exampleTranslation", "synonyms", "antonyms", "collocations") VALUES ('health-body-parts-b1-tongue', 'health-body-parts-b1', E'tongue', E'/tʌŋ/', E'/tʌŋ/', E'organ for taste', E'lưỡi', 'noun', E'Bite your tongue.', E'Cắn phải lưỡi.', '{}', '{}', ARRAY['sharp tongue']::text[]) ON CONFLICT ("id") DO NOTHING;
INSERT INTO "VocabItem" ("id", "topicId", "word", "phonBr", "phonNAm", "meaning", "vietnameseMeaning", "partOfSpeech", "exampleSentence", "exampleTranslation", "synonyms", "antonyms", "collocations") VALUES ('health-body-parts-b1-blood', 'health-body-parts-b1', E'blood', E'/blʌd/', E'/blʌd/', E'red liquid in body', E'máu', 'noun', E'Donate blood.', E'Hiến máu.', '{}', '{}', ARRAY['blood pressure']::text[]) ON CONFLICT ("id") DO NOTHING;
INSERT INTO "VocabItem" ("id", "topicId", "word", "phonBr", "phonNAm", "meaning", "vietnameseMeaning", "partOfSpeech", "exampleSentence", "exampleTranslation", "synonyms", "antonyms", "collocations") VALUES ('health-body-parts-b1-lung', 'health-body-parts-b1', E'lung', E'/lʌŋ/', E'/lʌŋ/', E'organ for breathing', E'phổi', 'noun', E'Lungs help us breathe.', E'Phổi giúp ta thở.', '{}', '{}', ARRAY['lung cancer']::text[]) ON CONFLICT ("id") DO NOTHING;

-- Topic: Body Parts - C1 (10 words)
INSERT INTO "Topic" ("id", "title", "subtitle", "description", "level", "wordCount", "estimatedTime", "category", "subcategory", "order", "topicGroupId") VALUES ('health-body-parts-c1', 'Body Parts - C1', 'Vocabulary about body parts', 'Learn essential vocabulary about body parts at C1 level.', 'C1', 10, 20, 'Health', 'Body Parts', 4, 's6ddbd7ad7c88ac21d808') ON CONFLICT ("id") DO NOTHING;
INSERT INTO "VocabItem" ("id", "topicId", "word", "phonBr", "phonNAm", "meaning", "vietnameseMeaning", "partOfSpeech", "exampleSentence", "exampleTranslation", "synonyms", "antonyms", "collocations") VALUES ('health-body-parts-c1-anatomy', 'health-body-parts-c1', E'anatomy', E'/əˈnætəmi/', E'/əˈnætəmi/', E'structure of body', E'giải phẫu học', 'noun', E'Study anatomy.', E'Học giải phẫu.', '{}', '{}', ARRAY['human anatomy']::text[]) ON CONFLICT ("id") DO NOTHING;
INSERT INTO "VocabItem" ("id", "topicId", "word", "phonBr", "phonNAm", "meaning", "vietnameseMeaning", "partOfSpeech", "exampleSentence", "exampleTranslation", "synonyms", "antonyms", "collocations") VALUES ('health-body-parts-c1-skeleton', 'health-body-parts-c1', E'skeleton', E'/ˈskelɪtn/', E'/ˈskelɪtn/', E'all bones', E'bộ xương', 'noun', E'The human skeleton.', E'Bộ xương người.', '{}', '{}', ARRAY['skeleton key']::text[]) ON CONFLICT ("id") DO NOTHING;
INSERT INTO "VocabItem" ("id", "topicId", "word", "phonBr", "phonNAm", "meaning", "vietnameseMeaning", "partOfSpeech", "exampleSentence", "exampleTranslation", "synonyms", "antonyms", "collocations") VALUES ('health-body-parts-c1-vein', 'health-body-parts-c1', E'vein', E'/veɪn/', E'/veɪn/', E'tube for blood to heart', E'tĩnh mạch', 'noun', E'Veins carry blood.', E'Tĩnh mạch dẫn máu.', ARRAY['artery']::text[], '{}', ARRAY['blue vein']::text[]) ON CONFLICT ("id") DO NOTHING;
INSERT INTO "VocabItem" ("id", "topicId", "word", "phonBr", "phonNAm", "meaning", "vietnameseMeaning", "partOfSpeech", "exampleSentence", "exampleTranslation", "synonyms", "antonyms", "collocations") VALUES ('health-body-parts-c1-artery', 'health-body-parts-c1', E'artery', E'/ˈɑːtəri/', E'/ˈɑːrtəri/', E'tube for blood from heart', E'động mạch', 'noun', E'Blocked artery.', E'Tắc động mạch.', ARRAY['vein']::text[], '{}', ARRAY['coronary artery']::text[]) ON CONFLICT ("id") DO NOTHING;
INSERT INTO "VocabItem" ("id", "topicId", "word", "phonBr", "phonNAm", "meaning", "vietnameseMeaning", "partOfSpeech", "exampleSentence", "exampleTranslation", "synonyms", "antonyms", "collocations") VALUES ('health-body-parts-c1-spine', 'health-body-parts-c1', E'spine', E'/spaɪn/', E'/spaɪn/', E'backbone', E'cột sống', 'noun', E'Injure your spine.', E'Chấn thương cột sống.', ARRAY['backbone']::text[], '{}', ARRAY['curved spine']::text[]) ON CONFLICT ("id") DO NOTHING;
INSERT INTO "VocabItem" ("id", "topicId", "word", "phonBr", "phonNAm", "meaning", "vietnameseMeaning", "partOfSpeech", "exampleSentence", "exampleTranslation", "synonyms", "antonyms", "collocations") VALUES ('health-body-parts-c1-organ', 'health-body-parts-c1', E'organ', E'/ˈɔːɡən/', E'/ˈɔːrɡən/', E'part with specific function', E'cơ quan', 'noun', E'Vital organs.', E'Cơ quan nội tạng quan trọng.', '{}', '{}', ARRAY['organ donor']::text[]) ON CONFLICT ("id") DO NOTHING;
INSERT INTO "VocabItem" ("id", "topicId", "word", "phonBr", "phonNAm", "meaning", "vietnameseMeaning", "partOfSpeech", "exampleSentence", "exampleTranslation", "synonyms", "antonyms", "collocations") VALUES ('health-body-parts-c1-tissue', 'health-body-parts-c1', E'tissue', E'/ˈtɪʃuː/', E'/ˈtɪʃuː/', E'group of cells', E'mô', 'noun', E'Muscle tissue.', E'Mô cơ.', '{}', '{}', ARRAY['scar tissue']::text[]) ON CONFLICT ("id") DO NOTHING;
INSERT INTO "VocabItem" ("id", "topicId", "word", "phonBr", "phonNAm", "meaning", "vietnameseMeaning", "partOfSpeech", "exampleSentence", "exampleTranslation", "synonyms", "antonyms", "collocations") VALUES ('health-body-parts-c1-gland', 'health-body-parts-c1', E'gland', E'/ɡlænd/', E'/ɡlænd/', E'organ usually secreting', E'tuyến', 'noun', E'Swollen glands.', E'Sưng tuyến.', '{}', '{}', ARRAY['sweat gland']::text[]) ON CONFLICT ("id") DO NOTHING;
INSERT INTO "VocabItem" ("id", "topicId", "word", "phonBr", "phonNAm", "meaning", "vietnameseMeaning", "partOfSpeech", "exampleSentence", "exampleTranslation", "synonyms", "antonyms", "collocations") VALUES ('health-body-parts-c1-joint', 'health-body-parts-c1', E'joint', E'/dʒɔɪnt/', E'/dʒɔɪnt/', E'where bones meet', E'khớp', 'noun', E'Aching joints.', E'Đau khớp.', '{}', '{}', ARRAY['knee joint']::text[]) ON CONFLICT ("id") DO NOTHING;
INSERT INTO "VocabItem" ("id", "topicId", "word", "phonBr", "phonNAm", "meaning", "vietnameseMeaning", "partOfSpeech", "exampleSentence", "exampleTranslation", "synonyms", "antonyms", "collocations") VALUES ('health-body-parts-c1-nerve', 'health-body-parts-c1', E'nerve', E'/nɜːv/', E'/nɜːrv/', E'fibre carrying messages', E'dây thần kinh', 'noun', E'Nerve damage.', E'Tổn thương thần kinh.', '{}', '{}', ARRAY['pinch nerve']::text[]) ON CONFLICT ("id") DO NOTHING;

-- Topic: Medical Care - A1 (10 words)
INSERT INTO "Topic" ("id", "title", "subtitle", "description", "level", "wordCount", "estimatedTime", "category", "subcategory", "order", "topicGroupId") VALUES ('health-medical-care-a1', 'Medical Care - A1', 'Vocabulary about medical care', 'Learn essential vocabulary about medical care at A1 level.', 'A1', 10, 20, 'Health', 'Medical Care', 0, 's6ddbd7ad7c88ac21d808') ON CONFLICT ("id") DO NOTHING;
INSERT INTO "VocabItem" ("id", "topicId", "word", "phonBr", "phonNAm", "meaning", "vietnameseMeaning", "partOfSpeech", "exampleSentence", "exampleTranslation", "synonyms", "antonyms", "collocations") VALUES ('health-medical-care-a1-doctor', 'health-medical-care-a1', E'doctor', E'/ˈdɒktər/', E'/ˈdɑːktər/', E'person treating sick', E'bác sĩ', 'noun', E'See a doctor.', E'Đi khám bác sĩ.', ARRAY['physician']::text[], '{}', ARRAY['family doctor']::text[]) ON CONFLICT ("id") DO NOTHING;
INSERT INTO "VocabItem" ("id", "topicId", "word", "phonBr", "phonNAm", "meaning", "vietnameseMeaning", "partOfSpeech", "exampleSentence", "exampleTranslation", "synonyms", "antonyms", "collocations") VALUES ('health-medical-care-a1-hospital', 'health-medical-care-a1', E'hospital', E'/ˈhɒspɪtl/', E'/ˈhɑːspɪtl/', E'place for sick people', E'bệnh viện', 'noun', E'Go to the hospital.', E'Đến bệnh viện.', '{}', '{}', ARRAY['local hospital']::text[]) ON CONFLICT ("id") DO NOTHING;
INSERT INTO "VocabItem" ("id", "topicId", "word", "phonBr", "phonNAm", "meaning", "vietnameseMeaning", "partOfSpeech", "exampleSentence", "exampleTranslation", "synonyms", "antonyms", "collocations") VALUES ('health-medical-care-a1-sick', 'health-medical-care-a1', E'sick', E'/sɪk/', E'/sɪk/', E'not healthy', E'ốm', 'adjective', E'I feel sick.', E'Tôi thấy mệt.', ARRAY['ill']::text[], ARRAY['healthy']::text[], ARRAY['get sick']::text[]) ON CONFLICT ("id") DO NOTHING;
INSERT INTO "VocabItem" ("id", "topicId", "word", "phonBr", "phonNAm", "meaning", "vietnameseMeaning", "partOfSpeech", "exampleSentence", "exampleTranslation", "synonyms", "antonyms", "collocations") VALUES ('health-medical-care-a1-medicine', 'health-medical-care-a1', E'medicine', E'/ˈmedsn/', E'/ˈmedsn/', E'drug to cure', E'thuốc', 'noun', E'Take medicine.', E'Uống thuốc.', ARRAY['drug']::text[], '{}', ARRAY['cough medicine']::text[]) ON CONFLICT ("id") DO NOTHING;
INSERT INTO "VocabItem" ("id", "topicId", "word", "phonBr", "phonNAm", "meaning", "vietnameseMeaning", "partOfSpeech", "exampleSentence", "exampleTranslation", "synonyms", "antonyms", "collocations") VALUES ('health-medical-care-a1-help', 'health-medical-care-a1', E'help', E'/help/', E'/help/', E'aid', E'giúp đỡ', 'verb', E'Help me!', E'Giúp tôi với!', ARRAY['assist']::text[], '{}', ARRAY['ask for help']::text[]) ON CONFLICT ("id") DO NOTHING;
INSERT INTO "VocabItem" ("id", "topicId", "word", "phonBr", "phonNAm", "meaning", "vietnameseMeaning", "partOfSpeech", "exampleSentence", "exampleTranslation", "synonyms", "antonyms", "collocations") VALUES ('health-medical-care-a1-pain', 'health-medical-care-a1', E'pain', E'/peɪn/', E'/peɪn/', E'hurt feeling', E'cơn đau', 'noun', E'I have pain here.', E'Tôi đau ở đây.', ARRAY['ache']::text[], '{}', ARRAY['chest pain']::text[]) ON CONFLICT ("id") DO NOTHING;
INSERT INTO "VocabItem" ("id", "topicId", "word", "phonBr", "phonNAm", "meaning", "vietnameseMeaning", "partOfSpeech", "exampleSentence", "exampleTranslation", "synonyms", "antonyms", "collocations") VALUES ('health-medical-care-a1-nurse', 'health-medical-care-a1', E'nurse', E'/nɜːs/', E'/nɜːrs/', E'hospital worker', E'y tá', 'noun', E'Ask the nurse.', E'Hỏi y tá.', '{}', '{}', ARRAY['hospital nurse']::text[]) ON CONFLICT ("id") DO NOTHING;
INSERT INTO "VocabItem" ("id", "topicId", "word", "phonBr", "phonNAm", "meaning", "vietnameseMeaning", "partOfSpeech", "exampleSentence", "exampleTranslation", "synonyms", "antonyms", "collocations") VALUES ('health-medical-care-a1-ill', 'health-medical-care-a1', E'ill', E'/ɪl/', E'/ɪl/', E'not well', E'bệnh', 'adjective', E'He is very ill.', E'Anh ấy bệnh nặng.', ARRAY['sick']::text[], ARRAY['well']::text[], ARRAY['fall ill']::text[]) ON CONFLICT ("id") DO NOTHING;
INSERT INTO "VocabItem" ("id", "topicId", "word", "phonBr", "phonNAm", "meaning", "vietnameseMeaning", "partOfSpeech", "exampleSentence", "exampleTranslation", "synonyms", "antonyms", "collocations") VALUES ('health-medical-care-a1-cold', 'health-medical-care-a1', E'cold', E'/kəʊld/', E'/koʊld/', E'common illness', E'cảm lạnh', 'noun', E'Catch a cold.', E'Bị cảm lạnh.', '{}', '{}', ARRAY['bad cold']::text[]) ON CONFLICT ("id") DO NOTHING;
INSERT INTO "VocabItem" ("id", "topicId", "word", "phonBr", "phonNAm", "meaning", "vietnameseMeaning", "partOfSpeech", "exampleSentence", "exampleTranslation", "synonyms", "antonyms", "collocations") VALUES ('health-medical-care-a1-hurt', 'health-medical-care-a1', E'hurt', E'/hɜːt/', E'/hɜːrt/', E'cause pain', E'đau/làm đau', 'verb', E'It hurts.', E'Nó đau.', ARRAY['pain']::text[], '{}', ARRAY['get hurt']::text[]) ON CONFLICT ("id") DO NOTHING;

-- Topic: Medical Care - B1 (10 words)
INSERT INTO "Topic" ("id", "title", "subtitle", "description", "level", "wordCount", "estimatedTime", "category", "subcategory", "order", "topicGroupId") VALUES ('health-medical-care-b1', 'Medical Care - B1', 'Vocabulary about medical care', 'Learn essential vocabulary about medical care at B1 level.', 'B1', 10, 20, 'Health', 'Medical Care', 2, 's6ddbd7ad7c88ac21d808') ON CONFLICT ("id") DO NOTHING;
INSERT INTO "VocabItem" ("id", "topicId", "word", "phonBr", "phonNAm", "meaning", "vietnameseMeaning", "partOfSpeech", "exampleSentence", "exampleTranslation", "synonyms", "antonyms", "collocations") VALUES ('health-medical-care-b1-appointment', 'health-medical-care-b1', E'appointment', E'/əˈpɔɪntmənt/', E'/əˈpɔɪntmənt/', E'time to meet doctor', E'cuộc hẹn', 'noun', E'Make an appointment.', E'Đặt lịch hẹn.', ARRAY['meeting']::text[], '{}', ARRAY['doctor appointment']::text[]) ON CONFLICT ("id") DO NOTHING;
INSERT INTO "VocabItem" ("id", "topicId", "word", "phonBr", "phonNAm", "meaning", "vietnameseMeaning", "partOfSpeech", "exampleSentence", "exampleTranslation", "synonyms", "antonyms", "collocations") VALUES ('health-medical-care-b1-prescription', 'health-medical-care-b1', E'prescription', E'/prɪˈskrɪpʃn/', E'/prɪˈskrɪpʃn/', E'paper for medicine', E'đơn thuốc', 'noun', E'Get a prescription.', E'Lấy đơn thuốc.', '{}', '{}', ARRAY['fill prescription']::text[]) ON CONFLICT ("id") DO NOTHING;
INSERT INTO "VocabItem" ("id", "topicId", "word", "phonBr", "phonNAm", "meaning", "vietnameseMeaning", "partOfSpeech", "exampleSentence", "exampleTranslation", "synonyms", "antonyms", "collocations") VALUES ('health-medical-care-b1-symptom', 'health-medical-care-b1', E'symptom', E'/ˈsɪmptəm/', E'/ˈsɪmptəm/', E'sign of illness', E'triệu chứng', 'noun', E'Flu symptoms.', E'Triệu chứng cúm.', ARRAY['sign']::text[], '{}', ARRAY['common symptom']::text[]) ON CONFLICT ("id") DO NOTHING;
INSERT INTO "VocabItem" ("id", "topicId", "word", "phonBr", "phonNAm", "meaning", "vietnameseMeaning", "partOfSpeech", "exampleSentence", "exampleTranslation", "synonyms", "antonyms", "collocations") VALUES ('health-medical-care-b1-treatment', 'health-medical-care-b1', E'treatment', E'/ˈtriːtmənt/', E'/ˈtriːtmənt/', E'cure process', E'điều trị', 'noun', E'Successful treatment.', E'Điều trị thành công.', ARRAY['cure']::text[], '{}', ARRAY['medical treatment']::text[]) ON CONFLICT ("id") DO NOTHING;
INSERT INTO "VocabItem" ("id", "topicId", "word", "phonBr", "phonNAm", "meaning", "vietnameseMeaning", "partOfSpeech", "exampleSentence", "exampleTranslation", "synonyms", "antonyms", "collocations") VALUES ('health-medical-care-b1-injury', 'health-medical-care-b1', E'injury', E'/ˈɪndʒəri/', E'/ˈɪndʒəri/', E'harm to body', E'chấn thương', 'noun', E'Serious injury.', E'Chấn thương nghiêm trọng.', ARRAY['wound']::text[], '{}', ARRAY['head injury']::text[]) ON CONFLICT ("id") DO NOTHING;
INSERT INTO "VocabItem" ("id", "topicId", "word", "phonBr", "phonNAm", "meaning", "vietnameseMeaning", "partOfSpeech", "exampleSentence", "exampleTranslation", "synonyms", "antonyms", "collocations") VALUES ('health-medical-care-b1-patient', 'health-medical-care-b1', E'patient', E'/ˈpeɪʃnt/', E'/ˈpeɪʃnt/', E'person seeing doctor', E'bệnh nhân', 'noun', E'The patient is waiting.', E'Bệnh nhân đang đợi.', '{}', ARRAY['doctor']::text[], ARRAY['hospital patient']::text[]) ON CONFLICT ("id") DO NOTHING;
INSERT INTO "VocabItem" ("id", "topicId", "word", "phonBr", "phonNAm", "meaning", "vietnameseMeaning", "partOfSpeech", "exampleSentence", "exampleTranslation", "synonyms", "antonyms", "collocations") VALUES ('health-medical-care-b1-examine', 'health-medical-care-b1', E'examine', E'/ɪɡˈzæmɪn/', E'/ɪɡˈzæmɪn/', E'check body', E'khám', 'verb', E'Examine the patient.', E'Khám cho bệnh nhân.', ARRAY['check']::text[], '{}', ARRAY['medical examine']::text[]) ON CONFLICT ("id") DO NOTHING;
INSERT INTO "VocabItem" ("id", "topicId", "word", "phonBr", "phonNAm", "meaning", "vietnameseMeaning", "partOfSpeech", "exampleSentence", "exampleTranslation", "synonyms", "antonyms", "collocations") VALUES ('health-medical-care-b1-cure', 'health-medical-care-b1', E'cure', E'/kjʊər/', E'/kjʊr/', E'make well', E'chữa khỏi', 'verb', E'Cure the disease.', E'Chữa khỏi bệnh.', ARRAY['heal']::text[], '{}', ARRAY['find cure']::text[]) ON CONFLICT ("id") DO NOTHING;
INSERT INTO "VocabItem" ("id", "topicId", "word", "phonBr", "phonNAm", "meaning", "vietnameseMeaning", "partOfSpeech", "exampleSentence", "exampleTranslation", "synonyms", "antonyms", "collocations") VALUES ('health-medical-care-b1-virus', 'health-medical-care-b1', E'virus', E'/ˈvaɪrəs/', E'/ˈvaɪrəs/', E'germ causing illness', E'vi-rút', 'noun', E'Computer virus.', E'Vi-rút máy tính (nghĩa khác).', '{}', '{}', ARRAY['deadly virus']::text[]) ON CONFLICT ("id") DO NOTHING;
INSERT INTO "VocabItem" ("id", "topicId", "word", "phonBr", "phonNAm", "meaning", "vietnameseMeaning", "partOfSpeech", "exampleSentence", "exampleTranslation", "synonyms", "antonyms", "collocations") VALUES ('health-medical-care-b1-bandage', 'health-medical-care-b1', E'bandage', E'/ˈbændɪdʒ/', E'/ˈbændɪdʒ/', E'cloth for wound', E'băng gạc', 'noun', E'Put on a bandage.', E'Băng lại.', ARRAY['dressing']::text[], '{}', ARRAY['apply bandage']::text[]) ON CONFLICT ("id") DO NOTHING;

-- Topic: Medical Care - C2 (10 words)
INSERT INTO "Topic" ("id", "title", "subtitle", "description", "level", "wordCount", "estimatedTime", "category", "subcategory", "order", "topicGroupId") VALUES ('health-medical-care-c2', 'Medical Care - C2', 'Vocabulary about medical care', 'Learn essential vocabulary about medical care at C2 level.', 'C2', 10, 20, 'Health', 'Medical Care', 5, 's6ddbd7ad7c88ac21d808') ON CONFLICT ("id") DO NOTHING;
INSERT INTO "VocabItem" ("id", "topicId", "word", "phonBr", "phonNAm", "meaning", "vietnameseMeaning", "partOfSpeech", "exampleSentence", "exampleTranslation", "synonyms", "antonyms", "collocations") VALUES ('health-medical-care-c2-diagnosis', 'health-medical-care-c2', E'diagnosis', E'/ˌdaɪəɡˈnəʊsɪs/', E'/ˌdaɪəɡˈnoʊsɪs/', E'identification of illness', E'chẩn đoán', 'noun', E'Make a diagnosis.', E'Đưa ra chẩn đoán.', '{}', '{}', ARRAY['early diagnosis']::text[]) ON CONFLICT ("id") DO NOTHING;
INSERT INTO "VocabItem" ("id", "topicId", "word", "phonBr", "phonNAm", "meaning", "vietnameseMeaning", "partOfSpeech", "exampleSentence", "exampleTranslation", "synonyms", "antonyms", "collocations") VALUES ('health-medical-care-c2-prognosis', 'health-medical-care-c2', E'prognosis', E'/prɒɡˈnəʊsɪs/', E'/prɑːɡˈnoʊsɪs/', E'prediction of outcome', E'tiên lượng', 'noun', E'The prognosis is good.', E'Tiên lượng tốt.', '{}', '{}', ARRAY['medical prognosis']::text[]) ON CONFLICT ("id") DO NOTHING;
INSERT INTO "VocabItem" ("id", "topicId", "word", "phonBr", "phonNAm", "meaning", "vietnameseMeaning", "partOfSpeech", "exampleSentence", "exampleTranslation", "synonyms", "antonyms", "collocations") VALUES ('health-medical-care-c2-anesthesia', 'health-medical-care-c2', E'anesthesia', E'/ˌænəsˈθiːziə/', E'/ˌænəsˈθiːziə/', E'loss of feeling', E'gây mê', 'noun', E'Under anesthesia.', E'Đang được gây mê.', '{}', '{}', ARRAY['local anesthesia']::text[]) ON CONFLICT ("id") DO NOTHING;
INSERT INTO "VocabItem" ("id", "topicId", "word", "phonBr", "phonNAm", "meaning", "vietnameseMeaning", "partOfSpeech", "exampleSentence", "exampleTranslation", "synonyms", "antonyms", "collocations") VALUES ('health-medical-care-c2-resuscitate', 'health-medical-care-c2', E'resuscitate', E'/rɪˈsʌsɪteɪt/', E'/rɪˈsʌsɪteɪt/', E'bring back to life', E'hồi sức', 'verb', E'Resuscitate the victim.', E'Hồi sức cho nạn nhân.', ARRAY['revive']::text[], '{}', ARRAY['attempt resuscitate']::text[]) ON CONFLICT ("id") DO NOTHING;
INSERT INTO "VocabItem" ("id", "topicId", "word", "phonBr", "phonNAm", "meaning", "vietnameseMeaning", "partOfSpeech", "exampleSentence", "exampleTranslation", "synonyms", "antonyms", "collocations") VALUES ('health-medical-care-c2-amputation', 'health-medical-care-c2', E'amputation', E'/ˌæmpjuˈteɪʃn/', E'/ˌæmpjuˈteɪʃn/', E'cutting off limb', E'sự cắt cụt', 'noun', E'Leg amputation.', E'Cắt cụt chân.', '{}', '{}', ARRAY['surgical amputation']::text[]) ON CONFLICT ("id") DO NOTHING;
INSERT INTO "VocabItem" ("id", "topicId", "word", "phonBr", "phonNAm", "meaning", "vietnameseMeaning", "partOfSpeech", "exampleSentence", "exampleTranslation", "synonyms", "antonyms", "collocations") VALUES ('health-medical-care-c2-chronic', 'health-medical-care-c2', E'chronic', E'/ˈkrɒnɪk/', E'/ˈkrɑːnɪk/', E'long lasting', E'mãn tính', 'adjective', E'Chronic pain.', E'Đau mãn tính.', ARRAY['acute']::text[], '{}', ARRAY['chronic disease']::text[]) ON CONFLICT ("id") DO NOTHING;
INSERT INTO "VocabItem" ("id", "topicId", "word", "phonBr", "phonNAm", "meaning", "vietnameseMeaning", "partOfSpeech", "exampleSentence", "exampleTranslation", "synonyms", "antonyms", "collocations") VALUES ('health-medical-care-c2-malignant', 'health-medical-care-c2', E'malignant', E'/məˈlɪɡnənt/', E'/məˈlɪɡnənt/', E'harmful/cancerous', E'ác tính', 'adjective', E'Malignant tumor.', E'Khối u ác tính.', ARRAY['benign']::text[], '{}', ARRAY['highly malignant']::text[]) ON CONFLICT ("id") DO NOTHING;
INSERT INTO "VocabItem" ("id", "topicId", "word", "phonBr", "phonNAm", "meaning", "vietnameseMeaning", "partOfSpeech", "exampleSentence", "exampleTranslation", "synonyms", "antonyms", "collocations") VALUES ('health-medical-care-c2-benign', 'health-medical-care-c2', E'benign', E'/bɪˈnaɪn/', E'/bɪˈnaɪn/', E'harmless', E'lành tính', 'adjective', E'Benign growth.', E'Khối u lành tính.', ARRAY['malignant']::text[], '{}', ARRAY['benign tumor']::text[]) ON CONFLICT ("id") DO NOTHING;
INSERT INTO "VocabItem" ("id", "topicId", "word", "phonBr", "phonNAm", "meaning", "vietnameseMeaning", "partOfSpeech", "exampleSentence", "exampleTranslation", "synonyms", "antonyms", "collocations") VALUES ('health-medical-care-c2-outpatient', 'health-medical-care-c2', E'outpatient', E'/ˈaʊtpeɪʃnt/', E'/ˈaʊtpeɪʃnt/', E'patient not staying overnight', E'bệnh nhân ngoại trú', 'noun', E'Outpatient clinic.', E'Phòng khám ngoại trú.', ARRAY['inpatient']::text[], '{}', ARRAY['treat as outpatient']::text[]) ON CONFLICT ("id") DO NOTHING;
INSERT INTO "VocabItem" ("id", "topicId", "word", "phonBr", "phonNAm", "meaning", "vietnameseMeaning", "partOfSpeech", "exampleSentence", "exampleTranslation", "synonyms", "antonyms", "collocations") VALUES ('health-medical-care-c2-palliative', 'health-medical-care-c2', E'palliative', E'/ˈpæliətɪv/', E'/ˈpæliətɪv/', E'relieving pain without curing', E'giảm nhẹ', 'adjective', E'Palliative care.', E'Chăm sóc giảm nhẹ.', '{}', '{}', ARRAY['palliative treatment']::text[]) ON CONFLICT ("id") DO NOTHING;

-- Topic: Fitness - A1 (10 words)
INSERT INTO "Topic" ("id", "title", "subtitle", "description", "level", "wordCount", "estimatedTime", "category", "subcategory", "order", "topicGroupId") VALUES ('health-fitness-a1', 'Fitness - A1', 'Vocabulary about fitness', 'Learn essential vocabulary about fitness at A1 level.', 'A1', 10, 20, 'Health', 'Fitness', 0, 's6ddbd7ad7c88ac21d808') ON CONFLICT ("id") DO NOTHING;
INSERT INTO "VocabItem" ("id", "topicId", "word", "phonBr", "phonNAm", "meaning", "vietnameseMeaning", "partOfSpeech", "exampleSentence", "exampleTranslation", "synonyms", "antonyms", "collocations") VALUES ('health-fitness-a1-run', 'health-fitness-a1', E'run', E'/rʌn/', E'/rʌn/', E'move fast on feet', E'chạy', 'verb', E'Run fast.', E'Chạy nhanh.', ARRAY['jog']::text[], ARRAY['walk']::text[], ARRAY['run away']::text[]) ON CONFLICT ("id") DO NOTHING;
INSERT INTO "VocabItem" ("id", "topicId", "word", "phonBr", "phonNAm", "meaning", "vietnameseMeaning", "partOfSpeech", "exampleSentence", "exampleTranslation", "synonyms", "antonyms", "collocations") VALUES ('health-fitness-a1-walk', 'health-fitness-a1', E'walk', E'/wɔːk/', E'/wɔːk/', E'move on feet', E'đi bộ', 'verb', E'Walk to school.', E'Đi bộ đến trường.', ARRAY['stroll']::text[], ARRAY['run']::text[], ARRAY['go for walk']::text[]) ON CONFLICT ("id") DO NOTHING;
INSERT INTO "VocabItem" ("id", "topicId", "word", "phonBr", "phonNAm", "meaning", "vietnameseMeaning", "partOfSpeech", "exampleSentence", "exampleTranslation", "synonyms", "antonyms", "collocations") VALUES ('health-fitness-a1-swim', 'health-fitness-a1', E'swim', E'/swɪm/', E'/swɪm/', E'move in water', E'bơi', 'verb', E'I can swim.', E'Tôi biết bơi.', '{}', '{}', ARRAY['swim pool']::text[]) ON CONFLICT ("id") DO NOTHING;
INSERT INTO "VocabItem" ("id", "topicId", "word", "phonBr", "phonNAm", "meaning", "vietnameseMeaning", "partOfSpeech", "exampleSentence", "exampleTranslation", "synonyms", "antonyms", "collocations") VALUES ('health-fitness-a1-exercise', 'health-fitness-a1', E'exercise', E'/ˈeksəsaɪz/', E'/ˈeksərsaɪz/', E'physical activity', E'tập thể dục', 'noun', E'Do exercise daily.', E'Tập thể dục hàng ngày.', ARRAY['workout']::text[], '{}', ARRAY['morning exercise']::text[]) ON CONFLICT ("id") DO NOTHING;
INSERT INTO "VocabItem" ("id", "topicId", "word", "phonBr", "phonNAm", "meaning", "vietnameseMeaning", "partOfSpeech", "exampleSentence", "exampleTranslation", "synonyms", "antonyms", "collocations") VALUES ('health-fitness-a1-sport', 'health-fitness-a1', E'sport', E'/spɔːt/', E'/spɔːrt/', E'game requiring skill', E'thể thao', 'noun', E'Play sport.', E'Chơi thể thao.', '{}', '{}', ARRAY['team sport']::text[]) ON CONFLICT ("id") DO NOTHING;
INSERT INTO "VocabItem" ("id", "topicId", "word", "phonBr", "phonNAm", "meaning", "vietnameseMeaning", "partOfSpeech", "exampleSentence", "exampleTranslation", "synonyms", "antonyms", "collocations") VALUES ('health-fitness-a1-play', 'health-fitness-a1', E'play', E'/pleɪ/', E'/pleɪ/', E'do a sport', E'chơi', 'verb', E'Play football.', E'Chơi bóng đá.', '{}', '{}', ARRAY['play game']::text[]) ON CONFLICT ("id") DO NOTHING;
INSERT INTO "VocabItem" ("id", "topicId", "word", "phonBr", "phonNAm", "meaning", "vietnameseMeaning", "partOfSpeech", "exampleSentence", "exampleTranslation", "synonyms", "antonyms", "collocations") VALUES ('health-fitness-a1-gym', 'health-fitness-a1', E'gym', E'/dʒɪm/', E'/dʒɪm/', E'place for exercise', E'phòng tập', 'noun', E'Go to the gym.', E'Đi tập gym.', '{}', '{}', ARRAY['join gym']::text[]) ON CONFLICT ("id") DO NOTHING;
INSERT INTO "VocabItem" ("id", "topicId", "word", "phonBr", "phonNAm", "meaning", "vietnameseMeaning", "partOfSpeech", "exampleSentence", "exampleTranslation", "synonyms", "antonyms", "collocations") VALUES ('health-fitness-a1-tired', 'health-fitness-a1', E'tired', E'/ˈtaɪəd/', E'/ˈtaɪərd/', E'needing rest', E'mệt', 'adjective', E'I am tired.', E'Tôi mệt.', ARRAY['exhausted']::text[], ARRAY['energetic']::text[], ARRAY['feel tired']::text[]) ON CONFLICT ("id") DO NOTHING;
INSERT INTO "VocabItem" ("id", "topicId", "word", "phonBr", "phonNAm", "meaning", "vietnameseMeaning", "partOfSpeech", "exampleSentence", "exampleTranslation", "synonyms", "antonyms", "collocations") VALUES ('health-fitness-a1-strong', 'health-fitness-a1', E'strong', E'/strɒŋ/', E'/strɔːŋ/', E'having power', E'khỏe', 'adjective', E'He is strong.', E'Anh ấy khỏe.', ARRAY['weak']::text[], ARRAY['weak']::text[], ARRAY['strong man']::text[]) ON CONFLICT ("id") DO NOTHING;
INSERT INTO "VocabItem" ("id", "topicId", "word", "phonBr", "phonNAm", "meaning", "vietnameseMeaning", "partOfSpeech", "exampleSentence", "exampleTranslation", "synonyms", "antonyms", "collocations") VALUES ('health-fitness-a1-healthy', 'health-fitness-a1', E'healthy', E'/ˈhelθi/', E'/ˈhelθi/', E'in good health', E'khỏe mạnh', 'adjective', E'Eat healthy food.', E'Ăn đồ ăn lành mạnh.', ARRAY['fit']::text[], ARRAY['sick']::text[], ARRAY['stay healthy']::text[]) ON CONFLICT ("id") DO NOTHING;

-- Topic: Fitness - B2 (10 words)
INSERT INTO "Topic" ("id", "title", "subtitle", "description", "level", "wordCount", "estimatedTime", "category", "subcategory", "order", "topicGroupId") VALUES ('health-fitness-b2', 'Fitness - B2', 'Vocabulary about fitness', 'Learn essential vocabulary about fitness at B2 level.', 'B2', 10, 20, 'Health', 'Fitness', 3, 's6ddbd7ad7c88ac21d808') ON CONFLICT ("id") DO NOTHING;
INSERT INTO "VocabItem" ("id", "topicId", "word", "phonBr", "phonNAm", "meaning", "vietnameseMeaning", "partOfSpeech", "exampleSentence", "exampleTranslation", "synonyms", "antonyms", "collocations") VALUES ('health-fitness-b2-workout', 'health-fitness-b2', E'workout', E'/ˈwɜːkaʊt/', E'/ˈwɜːrkaʊt/', E'session of exercise', E'buổi tập', 'noun', E'Intense workout.', E'Buổi tập cường độ cao.', ARRAY['session']::text[], '{}', ARRAY['gym workout']::text[]) ON CONFLICT ("id") DO NOTHING;
INSERT INTO "VocabItem" ("id", "topicId", "word", "phonBr", "phonNAm", "meaning", "vietnameseMeaning", "partOfSpeech", "exampleSentence", "exampleTranslation", "synonyms", "antonyms", "collocations") VALUES ('health-fitness-b2-stamina', 'health-fitness-b2', E'stamina', E'/ˈstæmɪnə/', E'/ˈstæmɪnə/', E'ability to sustain effort', E'sức bền', 'noun', E'Build stamina.', E'Xây dựng sức bền.', ARRAY['endurance']::text[], '{}', ARRAY['impove stamina']::text[]) ON CONFLICT ("id") DO NOTHING;
INSERT INTO "VocabItem" ("id", "topicId", "word", "phonBr", "phonNAm", "meaning", "vietnameseMeaning", "partOfSpeech", "exampleSentence", "exampleTranslation", "synonyms", "antonyms", "collocations") VALUES ('health-fitness-b2-flexibility', 'health-fitness-b2', E'flexibility', E'/ˌfleksəˈbɪləti/', E'/ˌfleksəˈbɪləti/', E'ability to bend', E'độ dẻo dai', 'noun', E'Yoga improves flexibility.', E'Yoga cải thiện độ dẻo dai.', '{}', '{}', ARRAY['muscular flexibility']::text[]) ON CONFLICT ("id") DO NOTHING;
INSERT INTO "VocabItem" ("id", "topicId", "word", "phonBr", "phonNAm", "meaning", "vietnameseMeaning", "partOfSpeech", "exampleSentence", "exampleTranslation", "synonyms", "antonyms", "collocations") VALUES ('health-fitness-b2-aerobic', 'health-fitness-b2', E'aerobic', E'/eəˈrəʊbɪk/', E'/eˈroʊbɪk/', E'using oxygen', E'hiếu khí/aerobic', 'adjective', E'Aerobic exercise.', E'Bài tập hiếu khí.', ARRAY['cardio']::text[], '{}', ARRAY['aerobic fitness']::text[]) ON CONFLICT ("id") DO NOTHING;
INSERT INTO "VocabItem" ("id", "topicId", "word", "phonBr", "phonNAm", "meaning", "vietnameseMeaning", "partOfSpeech", "exampleSentence", "exampleTranslation", "synonyms", "antonyms", "collocations") VALUES ('health-fitness-b2-marathon', 'health-fitness-b2', E'marathon', E'/ˈmærəθən/', E'/ˈmærəθən/', E'long race', E'cuộc đua marathon', 'noun', E'Run a marathon.', E'Chạy marathon.', '{}', '{}', ARRAY['London marathon']::text[]) ON CONFLICT ("id") DO NOTHING;
INSERT INTO "VocabItem" ("id", "topicId", "word", "phonBr", "phonNAm", "meaning", "vietnameseMeaning", "partOfSpeech", "exampleSentence", "exampleTranslation", "synonyms", "antonyms", "collocations") VALUES ('health-fitness-b2-obesity', 'health-fitness-b2', E'obesity', E'/əʊˈbiːsəti/', E'/oʊˈbiːsəti/', E'being very fat', E'béo phì', 'noun', E'Fight obesity.', E'Chống béo phì.', ARRAY['fatness']::text[], '{}', ARRAY['childhood obesity']::text[]) ON CONFLICT ("id") DO NOTHING;
INSERT INTO "VocabItem" ("id", "topicId", "word", "phonBr", "phonNAm", "meaning", "vietnameseMeaning", "partOfSpeech", "exampleSentence", "exampleTranslation", "synonyms", "antonyms", "collocations") VALUES ('health-fitness-b2-nutrition', 'health-fitness-b2', E'nutrition', E'/njuˈtrɪʃn/', E'/nuˈtrɪʃn/', E'study of food', E'dinh dưỡng', 'noun', E'Good nutrition is key.', E'Dinh dưỡng tốt là chìa khóa.', '{}', '{}', ARRAY['sports nutrition']::text[]) ON CONFLICT ("id") DO NOTHING;
INSERT INTO "VocabItem" ("id", "topicId", "word", "phonBr", "phonNAm", "meaning", "vietnameseMeaning", "partOfSpeech", "exampleSentence", "exampleTranslation", "synonyms", "antonyms", "collocations") VALUES ('health-fitness-b2-dehydration', 'health-fitness-b2', E'dehydration', E'/ˌdiːhaɪˈdreɪʃn/', E'/ˌdiːhaɪˈdreɪʃn/', E'lack of water', E'mất nước', 'noun', E'Avoid dehydration.', E'Tránh mất nước.', '{}', '{}', ARRAY['severe dehydration']::text[]) ON CONFLICT ("id") DO NOTHING;
INSERT INTO "VocabItem" ("id", "topicId", "word", "phonBr", "phonNAm", "meaning", "vietnameseMeaning", "partOfSpeech", "exampleSentence", "exampleTranslation", "synonyms", "antonyms", "collocations") VALUES ('health-fitness-b2-physique', 'health-fitness-b2', E'physique', E'/fɪˈziːk/', E'/fɪˈziːk/', E'shape of body', E'vóc dáng', 'noun', E'Muscular physique.', E'Vóc dáng cơ bắp.', ARRAY['build']::text[], '{}', ARRAY['good physique']::text[]) ON CONFLICT ("id") DO NOTHING;
INSERT INTO "VocabItem" ("id", "topicId", "word", "phonBr", "phonNAm", "meaning", "vietnameseMeaning", "partOfSpeech", "exampleSentence", "exampleTranslation", "synonyms", "antonyms", "collocations") VALUES ('health-fitness-b2-training', 'health-fitness-b2', E'training', E'/ˈtreɪnɪŋ/', E'/ˈtreɪnɪŋ/', E'practice for sport', E'tập luyện/đào tạo', 'noun', E'Start training.', E'Bắt đầu tập luyện.', '{}', '{}', ARRAY['weight training']::text[]) ON CONFLICT ("id") DO NOTHING;

-- Topic: Fitness - C1 (10 words)
INSERT INTO "Topic" ("id", "title", "subtitle", "description", "level", "wordCount", "estimatedTime", "category", "subcategory", "order", "topicGroupId") VALUES ('health-fitness-c1', 'Fitness - C1', 'Vocabulary about fitness', 'Learn essential vocabulary about fitness at C1 level.', 'C1', 10, 20, 'Health', 'Fitness', 4, 's6ddbd7ad7c88ac21d808') ON CONFLICT ("id") DO NOTHING;
INSERT INTO "VocabItem" ("id", "topicId", "word", "phonBr", "phonNAm", "meaning", "vietnameseMeaning", "partOfSpeech", "exampleSentence", "exampleTranslation", "synonyms", "antonyms", "collocations") VALUES ('health-fitness-c1-regiment', 'health-fitness-c1', E'regiment', E'/ˈredʒɪmənt/', E'/ˈredʒɪmənt/', E'strict plan', E'chế độ (tập luyện)', 'noun', E'Strict training regiment.', E'Chế độ tập luyện nghiêm ngặt.', ARRAY['routine']::text[], '{}', ARRAY['daily regiment']::text[]) ON CONFLICT ("id") DO NOTHING;
INSERT INTO "VocabItem" ("id", "topicId", "word", "phonBr", "phonNAm", "meaning", "vietnameseMeaning", "partOfSpeech", "exampleSentence", "exampleTranslation", "synonyms", "antonyms", "collocations") VALUES ('health-fitness-c1-agility', 'health-fitness-c1', E'agility', E'/əˈdʒɪləti/', E'/əˈdʒɪləti/', E'ability to move quickly', E'sự nhanh nhẹn', 'noun', E'Test agility.', E'Kiểm tra sự nhanh nhẹn.', ARRAY['speed']::text[], '{}', ARRAY['mental agility']::text[]) ON CONFLICT ("id") DO NOTHING;
INSERT INTO "VocabItem" ("id", "topicId", "word", "phonBr", "phonNAm", "meaning", "vietnameseMeaning", "partOfSpeech", "exampleSentence", "exampleTranslation", "synonyms", "antonyms", "collocations") VALUES ('health-fitness-c1-sedentary', 'health-fitness-c1', E'sedentary', E'/ˈsedntri/', E'/ˈsednteri/', E'sitting a lot', E'ít vận động', 'adjective', E'Sedentary lifestyle.', E'Lối sống ít vận động.', ARRAY['inactive']::text[], ARRAY['active']::text[], ARRAY['sedentary job']::text[]) ON CONFLICT ("id") DO NOTHING;
INSERT INTO "VocabItem" ("id", "topicId", "word", "phonBr", "phonNAm", "meaning", "vietnameseMeaning", "partOfSpeech", "exampleSentence", "exampleTranslation", "synonyms", "antonyms", "collocations") VALUES ('health-fitness-c1-vigorous', 'health-fitness-c1', E'vigorous', E'/ˈvɪɡərəs/', E'/ˈvɪɡərəs/', E'energetic', E'mạnh mẽ', 'adjective', E'Vigorous exercise.', E'Tập thể dục mạnh.', ARRAY['energetic']::text[], ARRAY['weak']::text[], ARRAY['vigorous activity']::text[]) ON CONFLICT ("id") DO NOTHING;
INSERT INTO "VocabItem" ("id", "topicId", "word", "phonBr", "phonNAm", "meaning", "vietnameseMeaning", "partOfSpeech", "exampleSentence", "exampleTranslation", "synonyms", "antonyms", "collocations") VALUES ('health-fitness-c1-metabolism', 'health-fitness-c1', E'metabolism', E'/məˈtæbəlɪzəm/', E'/məˈtæbəlɪzəm/', E'body chemical process', E'sự trao đổi chất', 'noun', E'Fast metabolism.', E'Trao đổi chất nhanh.', '{}', '{}', ARRAY['boost metabolism']::text[]) ON CONFLICT ("id") DO NOTHING;
INSERT INTO "VocabItem" ("id", "topicId", "word", "phonBr", "phonNAm", "meaning", "vietnameseMeaning", "partOfSpeech", "exampleSentence", "exampleTranslation", "synonyms", "antonyms", "collocations") VALUES ('health-fitness-c1-endurance', 'health-fitness-c1', E'endurance', E'/ɪnˈdjʊərəns/', E'/ɪnˈdʊrəns/', E'ability to last', E'sức chịu đựng', 'noun', E'Test of endurance.', E'Bài kiểm tra sức chịu đựng.', ARRAY['stamina']::text[], '{}', ARRAY['physical endurance']::text[]) ON CONFLICT ("id") DO NOTHING;
INSERT INTO "VocabItem" ("id", "topicId", "word", "phonBr", "phonNAm", "meaning", "vietnameseMeaning", "partOfSpeech", "exampleSentence", "exampleTranslation", "synonyms", "antonyms", "collocations") VALUES ('health-fitness-c1-cardiovascular', 'health-fitness-c1', E'cardiovascular', E'/ˌkɑːdiəʊˈvæskjələ(r)/', E'/ˌkɑːrdioʊˈvæskjələr/', E'heart and blood vessels', E'tim mạch', 'adjective', E'Cardiovascular health.', E'Sức khỏe tim mạch.', '{}', '{}', ARRAY['cardiovascular system']::text[]) ON CONFLICT ("id") DO NOTHING;
INSERT INTO "VocabItem" ("id", "topicId", "word", "phonBr", "phonNAm", "meaning", "vietnameseMeaning", "partOfSpeech", "exampleSentence", "exampleTranslation", "synonyms", "antonyms", "collocations") VALUES ('health-fitness-c1-rehabilitate', 'health-fitness-c1', E'rehabilitate', E'/ˌriːhəˈbɪlɪteɪt/', E'/ˌriːhəˈbɪlɪteɪt/', E'return to health', E'phục hồi chức năng', 'verb', E'Rehabilitate after injury.', E'Phục hồi sau chấn thương.', ARRAY['recover']::text[], '{}', ARRAY['rehabilitate muscle']::text[]) ON CONFLICT ("id") DO NOTHING;
INSERT INTO "VocabItem" ("id", "topicId", "word", "phonBr", "phonNAm", "meaning", "vietnameseMeaning", "partOfSpeech", "exampleSentence", "exampleTranslation", "synonyms", "antonyms", "collocations") VALUES ('health-fitness-c1-anaerobic', 'health-fitness-c1', E'anaerobic', E'/ˌænəˈrəʊbɪk/', E'/ˌænəˈroʊbɪk/', E'without oxygen', E'kỵ khí', 'adjective', E'Anaerobic exercise.', E'Bài tập kỵ khí.', '{}', '{}', ARRAY['anaerobic capacity']::text[]) ON CONFLICT ("id") DO NOTHING;
INSERT INTO "VocabItem" ("id", "topicId", "word", "phonBr", "phonNAm", "meaning", "vietnameseMeaning", "partOfSpeech", "exampleSentence", "exampleTranslation", "synonyms", "antonyms", "collocations") VALUES ('health-fitness-c1-calisthenics', 'health-fitness-c1', E'calisthenics', E'/ˌkælɪsˈθenɪks/', E'/ˌkælɪsˈθenɪks/', E'bodyweight exercises', E'thể dục dụng cụ', 'noun', E'Do calisthenics.', E'Tập thể dục dụng cụ.', '{}', '{}', ARRAY['morning calisthenics']::text[]) ON CONFLICT ("id") DO NOTHING;

-- Topic: Mental Health - A2 (10 words)
INSERT INTO "Topic" ("id", "title", "subtitle", "description", "level", "wordCount", "estimatedTime", "category", "subcategory", "order", "topicGroupId") VALUES ('health-mental-health-a2', 'Mental Health - A2', 'Vocabulary about mental health', 'Learn essential vocabulary about mental health at A2 level.', 'A2', 10, 20, 'Health', 'Mental Health', 1, 's6ddbd7ad7c88ac21d808') ON CONFLICT ("id") DO NOTHING;
INSERT INTO "VocabItem" ("id", "topicId", "word", "phonBr", "phonNAm", "meaning", "vietnameseMeaning", "partOfSpeech", "exampleSentence", "exampleTranslation", "synonyms", "antonyms", "collocations") VALUES ('health-mental-health-a2-sad', 'health-mental-health-a2', E'sad', E'/sæd/', E'/sæd/', E'unhappy', E'buồn', 'adjective', E'Don''t be sad.', E'Đừng buồn.', ARRAY['unhappy']::text[], ARRAY['happy']::text[], ARRAY['feel sad']::text[]) ON CONFLICT ("id") DO NOTHING;
INSERT INTO "VocabItem" ("id", "topicId", "word", "phonBr", "phonNAm", "meaning", "vietnameseMeaning", "partOfSpeech", "exampleSentence", "exampleTranslation", "synonyms", "antonyms", "collocations") VALUES ('health-mental-health-a2-happy', 'health-mental-health-a2', E'happy', E'/ˈhæpi/', E'/ˈhæpi/', E'feeling good', E'vui vẻ', 'adjective', E'I am happy.', E'Tôi vui.', ARRAY['glad']::text[], ARRAY['sad']::text[], ARRAY['very happy']::text[]) ON CONFLICT ("id") DO NOTHING;
INSERT INTO "VocabItem" ("id", "topicId", "word", "phonBr", "phonNAm", "meaning", "vietnameseMeaning", "partOfSpeech", "exampleSentence", "exampleTranslation", "synonyms", "antonyms", "collocations") VALUES ('health-mental-health-a2-angry', 'health-mental-health-a2', E'angry', E'/ˈæŋɡri/', E'/ˈæŋɡri/', E'mad', E'tức giận', 'adjective', E'He is angry.', E'Anh ấy tức giận.', ARRAY['mad']::text[], ARRAY['calm']::text[], ARRAY['get angry']::text[]) ON CONFLICT ("id") DO NOTHING;
INSERT INTO "VocabItem" ("id", "topicId", "word", "phonBr", "phonNAm", "meaning", "vietnameseMeaning", "partOfSpeech", "exampleSentence", "exampleTranslation", "synonyms", "antonyms", "collocations") VALUES ('health-mental-health-a2-stress', 'health-mental-health-a2', E'stress', E'/stres/', E'/stres/', E'pressure', E'căng thẳng', 'noun', E'Too much stress.', E'Quá nhiều căng thẳng.', ARRAY['worry']::text[], ARRAY['relax']::text[], ARRAY['under stress']::text[]) ON CONFLICT ("id") DO NOTHING;
INSERT INTO "VocabItem" ("id", "topicId", "word", "phonBr", "phonNAm", "meaning", "vietnameseMeaning", "partOfSpeech", "exampleSentence", "exampleTranslation", "synonyms", "antonyms", "collocations") VALUES ('health-mental-health-a2-relax', 'health-mental-health-a2', E'relax', E'/rɪˈlæks/', E'/rɪˈlæks/', E'rest', E'thư giãn', 'verb', E'Time to relax.', E'Đến lúc thư giãn.', ARRAY['rest']::text[], ARRAY['work']::text[], ARRAY['relax mind']::text[]) ON CONFLICT ("id") DO NOTHING;
INSERT INTO "VocabItem" ("id", "topicId", "word", "phonBr", "phonNAm", "meaning", "vietnameseMeaning", "partOfSpeech", "exampleSentence", "exampleTranslation", "synonyms", "antonyms", "collocations") VALUES ('health-mental-health-a2-scared', 'health-mental-health-a2', E'scared', E'/skeəd/', E'/skerd/', E'afraid', E'sợ hãi', 'adjective', E'I am scared.', E'Tôi sợ.', ARRAY['afraid']::text[], ARRAY['brave']::text[], ARRAY['scared of']::text[]) ON CONFLICT ("id") DO NOTHING;
INSERT INTO "VocabItem" ("id", "topicId", "word", "phonBr", "phonNAm", "meaning", "vietnameseMeaning", "partOfSpeech", "exampleSentence", "exampleTranslation", "synonyms", "antonyms", "collocations") VALUES ('health-mental-health-a2-feel', 'health-mental-health-a2', E'feel', E'/fiːl/', E'/fiːl/', E'have emotion', E'cảm thấy', 'verb', E'How do you feel?', E'Bạn cảm thấy thế nào?', ARRAY['sense']::text[], '{}', ARRAY['feel good']::text[]) ON CONFLICT ("id") DO NOTHING;
INSERT INTO "VocabItem" ("id", "topicId", "word", "phonBr", "phonNAm", "meaning", "vietnameseMeaning", "partOfSpeech", "exampleSentence", "exampleTranslation", "synonyms", "antonyms", "collocations") VALUES ('health-mental-health-a2-mind', 'health-mental-health-a2', E'mind', E'/maɪnd/', E'/maɪnd/', E'part that thinks', E'tâm trí', 'noun', E'It is in my mind.', E'Nó ở trong tâm trí tôi.', ARRAY['brain']::text[], '{}', ARRAY['open mind']::text[]) ON CONFLICT ("id") DO NOTHING;
INSERT INTO "VocabItem" ("id", "topicId", "word", "phonBr", "phonNAm", "meaning", "vietnameseMeaning", "partOfSpeech", "exampleSentence", "exampleTranslation", "synonyms", "antonyms", "collocations") VALUES ('health-mental-health-a2-worry', 'health-mental-health-a2', E'worry', E'/ˈwʌri/', E'/ˈwɜːri/', E'feel anxious', E'lo lắng', 'verb', E'Don''t worry.', E'Đừng lo lắng.', ARRAY['fret']::text[], '{}', ARRAY['worry about']::text[]) ON CONFLICT ("id") DO NOTHING;
INSERT INTO "VocabItem" ("id", "topicId", "word", "phonBr", "phonNAm", "meaning", "vietnameseMeaning", "partOfSpeech", "exampleSentence", "exampleTranslation", "synonyms", "antonyms", "collocations") VALUES ('health-mental-health-a2-tired', 'health-mental-health-a2', E'tired', E'/ˈtaɪəd/', E'/ˈtaɪərd/', E'needing sleep', E'mệt mỏi', 'adjective', E'Mentally tired.', E'Mệt mỏi tinh thần.', ARRAY['weary']::text[], '{}', ARRAY['dead tired']::text[]) ON CONFLICT ("id") DO NOTHING;

-- Topic: Mental Health - B2 (10 words)
INSERT INTO "Topic" ("id", "title", "subtitle", "description", "level", "wordCount", "estimatedTime", "category", "subcategory", "order", "topicGroupId") VALUES ('health-mental-health-b2', 'Mental Health - B2', 'Vocabulary about mental health', 'Learn essential vocabulary about mental health at B2 level.', 'B2', 10, 20, 'Health', 'Mental Health', 3, 's6ddbd7ad7c88ac21d808') ON CONFLICT ("id") DO NOTHING;
INSERT INTO "VocabItem" ("id", "topicId", "word", "phonBr", "phonNAm", "meaning", "vietnameseMeaning", "partOfSpeech", "exampleSentence", "exampleTranslation", "synonyms", "antonyms", "collocations") VALUES ('health-mental-health-b2-anxiety', 'health-mental-health-b2', E'anxiety', E'/æŋˈzaɪəti/', E'/æŋˈzaɪəti/', E'nervousness', E'sự lo âu', 'noun', E'Suffer from anxiety.', E'Bị lo âu.', ARRAY['worry']::text[], ARRAY['calm']::text[], ARRAY['high anxiety']::text[]) ON CONFLICT ("id") DO NOTHING;
INSERT INTO "VocabItem" ("id", "topicId", "word", "phonBr", "phonNAm", "meaning", "vietnameseMeaning", "partOfSpeech", "exampleSentence", "exampleTranslation", "synonyms", "antonyms", "collocations") VALUES ('health-mental-health-b2-depression', 'health-mental-health-b2', E'depression', E'/dɪˈpreʃn/', E'/dɪˈpreʃn/', E'extreme sadness', E'trầm cảm', 'noun', E'Treat depression.', E'Điều trị trầm cảm.', ARRAY['sadness']::text[], '{}', ARRAY['severe depression']::text[]) ON CONFLICT ("id") DO NOTHING;
INSERT INTO "VocabItem" ("id", "topicId", "word", "phonBr", "phonNAm", "meaning", "vietnameseMeaning", "partOfSpeech", "exampleSentence", "exampleTranslation", "synonyms", "antonyms", "collocations") VALUES ('health-mental-health-b2-therapy', 'health-mental-health-b2', E'therapy', E'/ˈθerəpi/', E'/ˈθerəpi/', E'treatment for mind', E'trị liệu', 'noun', E'Go to therapy.', E'Đi trị liệu.', ARRAY['counseling']::text[], '{}', ARRAY['group therapy']::text[]) ON CONFLICT ("id") DO NOTHING;
INSERT INTO "VocabItem" ("id", "topicId", "word", "phonBr", "phonNAm", "meaning", "vietnameseMeaning", "partOfSpeech", "exampleSentence", "exampleTranslation", "synonyms", "antonyms", "collocations") VALUES ('health-mental-health-b2-conscious', 'health-mental-health-b2', E'conscious', E'/ˈkɒnʃəs/', E'/ˈkɑːnʃəs/', E'awake/aware', E'tỉnh táo/có ý thức', 'adjective', E'I am conscious of it.', E'Tôi ý thức được điều đó.', ARRAY['aware']::text[], '{}', ARRAY['self conscious']::text[]) ON CONFLICT ("id") DO NOTHING;
INSERT INTO "VocabItem" ("id", "topicId", "word", "phonBr", "phonNAm", "meaning", "vietnameseMeaning", "partOfSpeech", "exampleSentence", "exampleTranslation", "synonyms", "antonyms", "collocations") VALUES ('health-mental-health-b2-psychology', 'health-mental-health-b2', E'psychology', E'/saɪˈkɒlədʒi/', E'/saɪˈkɑːlədʒi/', E'study of mind', E'tâm lý học', 'noun', E'Study psychology.', E'Học tâm lý học.', '{}', '{}', ARRAY['child psychology']::text[]) ON CONFLICT ("id") DO NOTHING;
INSERT INTO "VocabItem" ("id", "topicId", "word", "phonBr", "phonNAm", "meaning", "vietnameseMeaning", "partOfSpeech", "exampleSentence", "exampleTranslation", "synonyms", "antonyms", "collocations") VALUES ('health-mental-health-b2-suicide', 'health-mental-health-b2', E'suicide', E'/ˈsuːɪsaɪd/', E'/ˈsuːɪsaɪd/', E'killing oneself', E'tự tử', 'noun', E'Commit suicide.', E'Tự tử.', '{}', '{}', ARRAY['suicide prevention']::text[]) ON CONFLICT ("id") DO NOTHING;
INSERT INTO "VocabItem" ("id", "topicId", "word", "phonBr", "phonNAm", "meaning", "vietnameseMeaning", "partOfSpeech", "exampleSentence", "exampleTranslation", "synonyms", "antonyms", "collocations") VALUES ('health-mental-health-b2-addiction', 'health-mental-health-b2', E'addiction', E'/əˈdɪkʃn/', E'/əˈdɪkʃn/', E'need for harmful thing', E'nghiện', 'noun', E'Drug addiction.', E'Nghiện ma túy.', ARRAY['dependence']::text[], '{}', ARRAY['fight addiction']::text[]) ON CONFLICT ("id") DO NOTHING;
INSERT INTO "VocabItem" ("id", "topicId", "word", "phonBr", "phonNAm", "meaning", "vietnameseMeaning", "partOfSpeech", "exampleSentence", "exampleTranslation", "synonyms", "antonyms", "collocations") VALUES ('health-mental-health-b2-trauma', 'health-mental-health-b2', E'trauma', E'/ˈtrɔːmə/', E'/ˈtraʊmə/', E'shocking experience', E'chấn thương tâm lý', 'noun', E'Childhood trauma.', E'Chấn thương tâm lý thời thơ ấu.', ARRAY['shock']::text[], '{}', ARRAY['emotional trauma']::text[]) ON CONFLICT ("id") DO NOTHING;
INSERT INTO "VocabItem" ("id", "topicId", "word", "phonBr", "phonNAm", "meaning", "vietnameseMeaning", "partOfSpeech", "exampleSentence", "exampleTranslation", "synonyms", "antonyms", "collocations") VALUES ('health-mental-health-b2-well-being', 'health-mental-health-b2', E'well-being', E'/ˌwel ˈbiːɪŋ/', E'/ˌwel ˈbiːɪŋ/', E'happiness and health', E'hạnh phúc/sức khỏe', 'noun', E'Mental well-being.', E'Sức khỏe tinh thần.', ARRAY['welfare']::text[], '{}', ARRAY['promote well-being']::text[]) ON CONFLICT ("id") DO NOTHING;
INSERT INTO "VocabItem" ("id", "topicId", "word", "phonBr", "phonNAm", "meaning", "vietnameseMeaning", "partOfSpeech", "exampleSentence", "exampleTranslation", "synonyms", "antonyms", "collocations") VALUES ('health-mental-health-b2-counseling', 'health-mental-health-b2', E'counseling', E'/ˈkaʊnsəlɪŋ/', E'/ˈkaʊnsəlɪŋ/', E'advice or therapy', E'tư vấn', 'noun', E'Marriage counseling.', E'Tư vấn hôn nhân.', ARRAY['advice']::text[], '{}', ARRAY['counseling session']::text[]) ON CONFLICT ("id") DO NOTHING;

-- Topic: Mental Health - C1 (10 words)
INSERT INTO "Topic" ("id", "title", "subtitle", "description", "level", "wordCount", "estimatedTime", "category", "subcategory", "order", "topicGroupId") VALUES ('health-mental-health-c1', 'Mental Health - C1', 'Vocabulary about mental health', 'Learn essential vocabulary about mental health at C1 level.', 'C1', 10, 20, 'Health', 'Mental Health', 4, 's6ddbd7ad7c88ac21d808') ON CONFLICT ("id") DO NOTHING;
INSERT INTO "VocabItem" ("id", "topicId", "word", "phonBr", "phonNAm", "meaning", "vietnameseMeaning", "partOfSpeech", "exampleSentence", "exampleTranslation", "synonyms", "antonyms", "collocations") VALUES ('health-mental-health-c1-subconscious', 'health-mental-health-c1', E'subconscious', E'/ˌsʌbˈkɒnʃəs/', E'/ˌsʌbˈkɑːnʃəs/', E'unconscious mind', E'tiềm thức', 'noun', E'In my subconscious.', E'Trong tiềm thức tôi.', '{}', '{}', ARRAY['subconscious mind']::text[]) ON CONFLICT ("id") DO NOTHING;
INSERT INTO "VocabItem" ("id", "topicId", "word", "phonBr", "phonNAm", "meaning", "vietnameseMeaning", "partOfSpeech", "exampleSentence", "exampleTranslation", "synonyms", "antonyms", "collocations") VALUES ('health-mental-health-c1-cognitive', 'health-mental-health-c1', E'cognitive', E'/ˈkɒɡnətɪv/', E'/ˈkɑːɡnətɪv/', E'relating to thinking', E'nhận thức', 'adjective', E'Cognitive skills.', E'Kỹ năng nhận thức.', '{}', '{}', ARRAY['cognitive therapy']::text[]) ON CONFLICT ("id") DO NOTHING;
INSERT INTO "VocabItem" ("id", "topicId", "word", "phonBr", "phonNAm", "meaning", "vietnameseMeaning", "partOfSpeech", "exampleSentence", "exampleTranslation", "synonyms", "antonyms", "collocations") VALUES ('health-mental-health-c1-psychiatrist', 'health-mental-health-c1', E'psychiatrist', E'/saɪˈkaɪətrɪst/', E'/saɪˈkaɪətrɪst/', E'doctor for mind', E'bác sĩ tâm thần', 'noun', E'See a psychiatrist.', E'Khám bác sĩ tâm thần.', ARRAY['shrink']::text[], '{}', ARRAY['consult psychiatrist']::text[]) ON CONFLICT ("id") DO NOTHING;
INSERT INTO "VocabItem" ("id", "topicId", "word", "phonBr", "phonNAm", "meaning", "vietnameseMeaning", "partOfSpeech", "exampleSentence", "exampleTranslation", "synonyms", "antonyms", "collocations") VALUES ('health-mental-health-c1-therapeutic', 'health-mental-health-c1', E'therapeutic', E'/ˌθerəˈpjuːtɪk/', E'/ˌθerəˈpjuːtɪk/', E'healing', E'có tính chữa lành', 'adjective', E'Therapeutic effect.', E'Hiệu quả chữa lành.', ARRAY['healing']::text[], '{}', ARRAY['therapeutic massage']::text[]) ON CONFLICT ("id") DO NOTHING;
INSERT INTO "VocabItem" ("id", "topicId", "word", "phonBr", "phonNAm", "meaning", "vietnameseMeaning", "partOfSpeech", "exampleSentence", "exampleTranslation", "synonyms", "antonyms", "collocations") VALUES ('health-mental-health-c1-neurosis', 'health-mental-health-c1', E'neurosis', E'/njʊˈrəʊsɪs/', E'/nʊˈroʊsɪs/', E'mental illness', E'chứng loạn thần kinh', 'noun', E'Suffer from neurosis.', E'Bị loạn thần kinh.', '{}', '{}', ARRAY['anxiety neurosis']::text[]) ON CONFLICT ("id") DO NOTHING;
INSERT INTO "VocabItem" ("id", "topicId", "word", "phonBr", "phonNAm", "meaning", "vietnameseMeaning", "partOfSpeech", "exampleSentence", "exampleTranslation", "synonyms", "antonyms", "collocations") VALUES ('health-mental-health-c1-sanity', 'health-mental-health-c1', E'sanity', E'/ˈsænəti/', E'/ˈsænəti/', E'mental health', E'sự tỉnh táo', 'noun', E'Keep my sanity.', E'Giữ sự tỉnh táo.', '{}', ARRAY['insanity']::text[], ARRAY['lose sanity']::text[]) ON CONFLICT ("id") DO NOTHING;
INSERT INTO "VocabItem" ("id", "topicId", "word", "phonBr", "phonNAm", "meaning", "vietnameseMeaning", "partOfSpeech", "exampleSentence", "exampleTranslation", "synonyms", "antonyms", "collocations") VALUES ('health-mental-health-c1-phobia', 'health-mental-health-c1', E'phobia', E'/ˈfəʊbiə/', E'/ˈfoʊbiə/', E'extreme fear', E'nỗi ám ảnh/sợ hãi', 'noun', E'He has a phobia of spiders.', E'Anh ấy bị ám ảnh nhện.', ARRAY['fear']::text[], '{}', ARRAY['social phobia']::text[]) ON CONFLICT ("id") DO NOTHING;
INSERT INTO "VocabItem" ("id", "topicId", "word", "phonBr", "phonNAm", "meaning", "vietnameseMeaning", "partOfSpeech", "exampleSentence", "exampleTranslation", "synonyms", "antonyms", "collocations") VALUES ('health-mental-health-c1-hallucination', 'health-mental-health-c1', E'hallucination', E'/həˌluːsɪˈneɪʃn/', E'/həˌluːsɪˈneɪʃn/', E'seeing things not there', E'ảo giác', 'noun', E'Visual hallucination.', E'Ảo giác thị giác.', ARRAY['illusion']::text[], '{}', ARRAY['have hallucination']::text[]) ON CONFLICT ("id") DO NOTHING;
INSERT INTO "VocabItem" ("id", "topicId", "word", "phonBr", "phonNAm", "meaning", "vietnameseMeaning", "partOfSpeech", "exampleSentence", "exampleTranslation", "synonyms", "antonyms", "collocations") VALUES ('health-mental-health-c1-delusion', 'health-mental-health-c1', E'delusion', E'/dɪˈluːʒn/', E'/dɪˈluːʒn/', E'false belief', E'ảo tưởng', 'noun', E'Delusions of grandeur.', E'Ảo tưởng sức mạnh.', ARRAY['illusion']::text[], '{}', ARRAY['suffer delusion']::text[]) ON CONFLICT ("id") DO NOTHING;
INSERT INTO "VocabItem" ("id", "topicId", "word", "phonBr", "phonNAm", "meaning", "vietnameseMeaning", "partOfSpeech", "exampleSentence", "exampleTranslation", "synonyms", "antonyms", "collocations") VALUES ('health-mental-health-c1-introspection', 'health-mental-health-c1', E'introspection', E'/ˌɪntrəˈspekʃn/', E'/ˌɪntrəˈspekʃn/', E'looking inside oneself', E'nội tâm/tự xem xét', 'noun', E'Deep introspection.', E'Sự tự xem xét sâu sắc.', ARRAY['self-analysis']::text[], '{}', ARRAY['moment of introspection']::text[]) ON CONFLICT ("id") DO NOTHING;

-- ══════════════════════════════════════════════════
-- VOCAB: Technology
-- ══════════════════════════════════════════════════
INSERT INTO "TopicGroup" ("id", "name", "order", "hubType", "subcategories") VALUES ('s9347457e550d8d9e2201', 'Technology', 4, 'vocab', ARRAY['Hardware','Software','Internet','AI']::text[]) ON CONFLICT ("name", "hubType") DO NOTHING;

-- Topic: Hardware - A1 (10 words)
INSERT INTO "Topic" ("id", "title", "subtitle", "description", "level", "wordCount", "estimatedTime", "category", "subcategory", "order", "topicGroupId") VALUES ('technology-hardware-a1', 'Hardware - A1', 'Vocabulary about hardware', 'Learn essential vocabulary about hardware at A1 level.', 'A1', 10, 20, 'Technology', 'Hardware', 0, 's9347457e550d8d9e2201') ON CONFLICT ("id") DO NOTHING;
INSERT INTO "VocabItem" ("id", "topicId", "word", "phonBr", "phonNAm", "meaning", "vietnameseMeaning", "partOfSpeech", "exampleSentence", "exampleTranslation", "synonyms", "antonyms", "collocations") VALUES ('technology-hardware-a1-computer', 'technology-hardware-a1', E'computer', E'/kəmˈpjuːtər/', E'/kəmˈpjuːtər/', E'electronic machine', E'máy tính', 'noun', E'I use a computer.', E'Tôi dùng máy tính.', ARRAY['PC']::text[], '{}', ARRAY['use computer']::text[]) ON CONFLICT ("id") DO NOTHING;
INSERT INTO "VocabItem" ("id", "topicId", "word", "phonBr", "phonNAm", "meaning", "vietnameseMeaning", "partOfSpeech", "exampleSentence", "exampleTranslation", "synonyms", "antonyms", "collocations") VALUES ('technology-hardware-a1-phone', 'technology-hardware-a1', E'phone', E'/fəʊn/', E'/foʊn/', E'communication device', E'điện thoại', 'noun', E'My phone is new.', E'Điện thoại của tôi mới.', ARRAY['mobile']::text[], '{}', ARRAY['smart phone']::text[]) ON CONFLICT ("id") DO NOTHING;
INSERT INTO "VocabItem" ("id", "topicId", "word", "phonBr", "phonNAm", "meaning", "vietnameseMeaning", "partOfSpeech", "exampleSentence", "exampleTranslation", "synonyms", "antonyms", "collocations") VALUES ('technology-hardware-a1-mouse', 'technology-hardware-a1', E'mouse', E'/maʊs/', E'/maʊs/', E'device to move cursor', E'con chuột', 'noun', E'Click the mouse.', E'Nhấp chuột đi.', '{}', '{}', ARRAY['computer mouse']::text[]) ON CONFLICT ("id") DO NOTHING;
INSERT INTO "VocabItem" ("id", "topicId", "word", "phonBr", "phonNAm", "meaning", "vietnameseMeaning", "partOfSpeech", "exampleSentence", "exampleTranslation", "synonyms", "antonyms", "collocations") VALUES ('technology-hardware-a1-screen', 'technology-hardware-a1', E'screen', E'/skriːn/', E'/skriːn/', E'part showing image', E'màn hình', 'noun', E'The screen is bright.', E'Màn hình sáng.', ARRAY['display']::text[], '{}', ARRAY['touch screen']::text[]) ON CONFLICT ("id") DO NOTHING;
INSERT INTO "VocabItem" ("id", "topicId", "word", "phonBr", "phonNAm", "meaning", "vietnameseMeaning", "partOfSpeech", "exampleSentence", "exampleTranslation", "synonyms", "antonyms", "collocations") VALUES ('technology-hardware-a1-keyboard', 'technology-hardware-a1', E'keyboard', E'/ˈkiːbɔːd/', E'/ˈkiːbɔːrd/', E'keys for typing', E'bàn phím', 'noun', E'Type on the keyboard.', E'Gõ trên bàn phím.', '{}', '{}', ARRAY['wireless keyboard']::text[]) ON CONFLICT ("id") DO NOTHING;
INSERT INTO "VocabItem" ("id", "topicId", "word", "phonBr", "phonNAm", "meaning", "vietnameseMeaning", "partOfSpeech", "exampleSentence", "exampleTranslation", "synonyms", "antonyms", "collocations") VALUES ('technology-hardware-a1-camera', 'technology-hardware-a1', E'camera', E'/ˈkæmrə/', E'/ˈkæmrə/', E'device taking photos', E'máy ảnh', 'noun', E'Take a photo with camera.', E'Chụp ảnh bằng máy ảnh.', '{}', '{}', ARRAY['digital camera']::text[]) ON CONFLICT ("id") DO NOTHING;
INSERT INTO "VocabItem" ("id", "topicId", "word", "phonBr", "phonNAm", "meaning", "vietnameseMeaning", "partOfSpeech", "exampleSentence", "exampleTranslation", "synonyms", "antonyms", "collocations") VALUES ('technology-hardware-a1-clock', 'technology-hardware-a1', E'clock', E'/klɒk/', E'/klɑːk/', E'device telling time', E'đồng hồ', 'noun', E'Look at the clock.', E'Nhìn đồng hồ kìa.', '{}', '{}', ARRAY['alarm clock']::text[]) ON CONFLICT ("id") DO NOTHING;
INSERT INTO "VocabItem" ("id", "topicId", "word", "phonBr", "phonNAm", "meaning", "vietnameseMeaning", "partOfSpeech", "exampleSentence", "exampleTranslation", "synonyms", "antonyms", "collocations") VALUES ('technology-hardware-a1-radio', 'technology-hardware-a1', E'radio', E'/ˈreɪdiəʊ/', E'/ˈreɪdioʊ/', E'audio device', E'đài radio', 'noun', E'Listen to the radio.', E'Nghe đài.', '{}', '{}', ARRAY['turn on radio']::text[]) ON CONFLICT ("id") DO NOTHING;
INSERT INTO "VocabItem" ("id", "topicId", "word", "phonBr", "phonNAm", "meaning", "vietnameseMeaning", "partOfSpeech", "exampleSentence", "exampleTranslation", "synonyms", "antonyms", "collocations") VALUES ('technology-hardware-a1-battery', 'technology-hardware-a1', E'battery', E'/ˈbætəri/', E'/ˈbætəri/', E'power source', E'pin', 'noun', E'Low battery.', E'Pin yếu.', '{}', '{}', ARRAY['change battery']::text[]) ON CONFLICT ("id") DO NOTHING;
INSERT INTO "VocabItem" ("id", "topicId", "word", "phonBr", "phonNAm", "meaning", "vietnameseMeaning", "partOfSpeech", "exampleSentence", "exampleTranslation", "synonyms", "antonyms", "collocations") VALUES ('technology-hardware-a1-wire', 'technology-hardware-a1', E'wire', E'/waɪər/', E'/waɪər/', E'metal thread', E'dây điện', 'noun', E'Copper wire.', E'Dây đồng.', ARRAY['cable']::text[], '{}', ARRAY['connect wire']::text[]) ON CONFLICT ("id") DO NOTHING;

-- Topic: Hardware - B1 (10 words)
INSERT INTO "Topic" ("id", "title", "subtitle", "description", "level", "wordCount", "estimatedTime", "category", "subcategory", "order", "topicGroupId") VALUES ('technology-hardware-b1', 'Hardware - B1', 'Vocabulary about hardware', 'Learn essential vocabulary about hardware at B1 level.', 'B1', 10, 20, 'Technology', 'Hardware', 2, 's9347457e550d8d9e2201') ON CONFLICT ("id") DO NOTHING;
INSERT INTO "VocabItem" ("id", "topicId", "word", "phonBr", "phonNAm", "meaning", "vietnameseMeaning", "partOfSpeech", "exampleSentence", "exampleTranslation", "synonyms", "antonyms", "collocations") VALUES ('technology-hardware-b1-device', 'technology-hardware-b1', E'device', E'/dɪˈvaɪs/', E'/dɪˈvaɪs/', E'piece of equipment', E'thiết bị', 'noun', E'Electronic device.', E'Thiết bị điện tử.', ARRAY['gadget']::text[], '{}', ARRAY['mobile device']::text[]) ON CONFLICT ("id") DO NOTHING;
INSERT INTO "VocabItem" ("id", "topicId", "word", "phonBr", "phonNAm", "meaning", "vietnameseMeaning", "partOfSpeech", "exampleSentence", "exampleTranslation", "synonyms", "antonyms", "collocations") VALUES ('technology-hardware-b1-laptop', 'technology-hardware-b1', E'laptop', E'/ˈlæptɒp/', E'/ˈlæptɑːp/', E'portable computer', E'máy tính xách tay', 'noun', E'Open your laptop.', E'Mở laptop ra.', ARRAY['notebook']::text[], ARRAY['desktop']::text[], ARRAY['gaming laptop']::text[]) ON CONFLICT ("id") DO NOTHING;
INSERT INTO "VocabItem" ("id", "topicId", "word", "phonBr", "phonNAm", "meaning", "vietnameseMeaning", "partOfSpeech", "exampleSentence", "exampleTranslation", "synonyms", "antonyms", "collocations") VALUES ('technology-hardware-b1-tablet', 'technology-hardware-b1', E'tablet', E'/ˈtæblət/', E'/ˈtæblət/', E'flat computer', E'máy tính bảng', 'noun', E'Use a tablet.', E'Dùng máy tính bảng.', ARRAY['pad']::text[], '{}', ARRAY['graphics tablet']::text[]) ON CONFLICT ("id") DO NOTHING;
INSERT INTO "VocabItem" ("id", "topicId", "word", "phonBr", "phonNAm", "meaning", "vietnameseMeaning", "partOfSpeech", "exampleSentence", "exampleTranslation", "synonyms", "antonyms", "collocations") VALUES ('technology-hardware-b1-charger', 'technology-hardware-b1', E'charger', E'/ˈtʃɑːdʒər/', E'/ˈtʃɑːrdʒər/', E'device to power battery', E'cục sạc', 'noun', E'Where is my charger?', E'Sạc của tôi đâu?', '{}', '{}', ARRAY['phone charger']::text[]) ON CONFLICT ("id") DO NOTHING;
INSERT INTO "VocabItem" ("id", "topicId", "word", "phonBr", "phonNAm", "meaning", "vietnameseMeaning", "partOfSpeech", "exampleSentence", "exampleTranslation", "synonyms", "antonyms", "collocations") VALUES ('technology-hardware-b1-printer', 'technology-hardware-b1', E'printer', E'/ˈprɪntər/', E'/ˈprɪntər/', E'machine for printing', E'máy in', 'noun', E'The printer is out of ink.', E'Máy in hết mực.', '{}', '{}', ARRAY['laser printer']::text[]) ON CONFLICT ("id") DO NOTHING;
INSERT INTO "VocabItem" ("id", "topicId", "word", "phonBr", "phonNAm", "meaning", "vietnameseMeaning", "partOfSpeech", "exampleSentence", "exampleTranslation", "synonyms", "antonyms", "collocations") VALUES ('technology-hardware-b1-cable', 'technology-hardware-b1', E'cable', E'/ˈkeɪbl/', E'/ˈkeɪbl/', E'thick wire', E'dây cáp', 'noun', E'Connect the cable.', E'Cắm dây cáp vào.', ARRAY['cord']::text[], '{}', ARRAY['power cable']::text[]) ON CONFLICT ("id") DO NOTHING;
INSERT INTO "VocabItem" ("id", "topicId", "word", "phonBr", "phonNAm", "meaning", "vietnameseMeaning", "partOfSpeech", "exampleSentence", "exampleTranslation", "synonyms", "antonyms", "collocations") VALUES ('technology-hardware-b1-memory', 'technology-hardware-b1', E'memory', E'/ˈmeməri/', E'/ˈmeməri/', E'storage space', E'bộ nhớ', 'noun', E'Full memory.', E'Bộ nhớ đầy.', ARRAY['storage']::text[], '{}', ARRAY['memory card']::text[]) ON CONFLICT ("id") DO NOTHING;
INSERT INTO "VocabItem" ("id", "topicId", "word", "phonBr", "phonNAm", "meaning", "vietnameseMeaning", "partOfSpeech", "exampleSentence", "exampleTranslation", "synonyms", "antonyms", "collocations") VALUES ('technology-hardware-b1-switch', 'technology-hardware-b1', E'switch', E'/swɪtʃ/', E'/swɪtʃ/', E'button to turn on/off', E'công tắc', 'noun', E'Flip the switch.', E'Bật công tắc.', '{}', '{}', ARRAY['light switch']::text[]) ON CONFLICT ("id") DO NOTHING;
INSERT INTO "VocabItem" ("id", "topicId", "word", "phonBr", "phonNAm", "meaning", "vietnameseMeaning", "partOfSpeech", "exampleSentence", "exampleTranslation", "synonyms", "antonyms", "collocations") VALUES ('technology-hardware-b1-plug', 'technology-hardware-b1', E'plug', E'/plʌɡ/', E'/plʌɡ/', E'connector for electricity', E'phích cắm', 'noun', E'Pull the plug.', E'Rút phích cắm.', '{}', '{}', ARRAY['smart plug']::text[]) ON CONFLICT ("id") DO NOTHING;
INSERT INTO "VocabItem" ("id", "topicId", "word", "phonBr", "phonNAm", "meaning", "vietnameseMeaning", "partOfSpeech", "exampleSentence", "exampleTranslation", "synonyms", "antonyms", "collocations") VALUES ('technology-hardware-b1-disk', 'technology-hardware-b1', E'disk', E'/dɪsk/', E'/dɪsk/', E'storage object', E'đĩa', 'noun', E'Save to disk.', E'Lưu vào đĩa.', '{}', '{}', ARRAY['hard disk']::text[]) ON CONFLICT ("id") DO NOTHING;

-- Topic: Hardware - C2 (10 words)
INSERT INTO "Topic" ("id", "title", "subtitle", "description", "level", "wordCount", "estimatedTime", "category", "subcategory", "order", "topicGroupId") VALUES ('technology-hardware-c2', 'Hardware - C2', 'Vocabulary about hardware', 'Learn essential vocabulary about hardware at C2 level.', 'C2', 10, 20, 'Technology', 'Hardware', 5, 's9347457e550d8d9e2201') ON CONFLICT ("id") DO NOTHING;
INSERT INTO "VocabItem" ("id", "topicId", "word", "phonBr", "phonNAm", "meaning", "vietnameseMeaning", "partOfSpeech", "exampleSentence", "exampleTranslation", "synonyms", "antonyms", "collocations") VALUES ('technology-hardware-c2-microprocessor', 'technology-hardware-c2', E'microprocessor', E'/ˌmaɪkrəʊˈprəʊsesər/', E'/ˌmaɪkroʊˈprɑːsesər/', E'computer chip', E'bộ vi xử lý', 'noun', E'Fast microprocessor.', E'Vi xử lý nhanh.', ARRAY['chip']::text[], '{}', ARRAY['silicon microprocessor']::text[]) ON CONFLICT ("id") DO NOTHING;
INSERT INTO "VocabItem" ("id", "topicId", "word", "phonBr", "phonNAm", "meaning", "vietnameseMeaning", "partOfSpeech", "exampleSentence", "exampleTranslation", "synonyms", "antonyms", "collocations") VALUES ('technology-hardware-c2-circuit', 'technology-hardware-c2', E'circuit', E'/ˈsɜːkɪt/', E'/ˈsɜːrkɪt/', E'path for electricity', E'mạch điện', 'noun', E'Short circuit.', E'Chập mạch.', '{}', '{}', ARRAY['integrated circuit']::text[]) ON CONFLICT ("id") DO NOTHING;
INSERT INTO "VocabItem" ("id", "topicId", "word", "phonBr", "phonNAm", "meaning", "vietnameseMeaning", "partOfSpeech", "exampleSentence", "exampleTranslation", "synonyms", "antonyms", "collocations") VALUES ('technology-hardware-c2-peripheral', 'technology-hardware-c2', E'peripheral', E'/pəˈrɪfərəl/', E'/pəˈrɪfərəl/', E'external device', E'thiết bị ngoại vi', 'noun', E'Connect peripherals.', E'Kết nối thiết bị ngoại vi.', ARRAY['accessory']::text[], '{}', ARRAY['computer peripheral']::text[]) ON CONFLICT ("id") DO NOTHING;
INSERT INTO "VocabItem" ("id", "topicId", "word", "phonBr", "phonNAm", "meaning", "vietnameseMeaning", "partOfSpeech", "exampleSentence", "exampleTranslation", "synonyms", "antonyms", "collocations") VALUES ('technology-hardware-c2-motherboard', 'technology-hardware-c2', E'motherboard', E'/ˈmʌðəbɔːd/', E'/ˈmʌðərbɔːrd/', E'main circuit board', E'bo mạch chủ', 'noun', E'Replace the motherboard.', E'Thay bo mạch chủ.', ARRAY['mainboard']::text[], '{}', ARRAY['gaming motherboard']::text[]) ON CONFLICT ("id") DO NOTHING;
INSERT INTO "VocabItem" ("id", "topicId", "word", "phonBr", "phonNAm", "meaning", "vietnameseMeaning", "partOfSpeech", "exampleSentence", "exampleTranslation", "synonyms", "antonyms", "collocations") VALUES ('technology-hardware-c2-semiconductor', 'technology-hardware-c2', E'semiconductor', E'/ˌsemikənˈdʌktər/', E'/ˌsemikənˈdʌktər/', E'material for chips', E'chất bán dẫn', 'noun', E'Semiconductor industry.', E'Công nghiệp bán dẫn.', '{}', '{}', ARRAY['semiconductor chip']::text[]) ON CONFLICT ("id") DO NOTHING;
INSERT INTO "VocabItem" ("id", "topicId", "word", "phonBr", "phonNAm", "meaning", "vietnameseMeaning", "partOfSpeech", "exampleSentence", "exampleTranslation", "synonyms", "antonyms", "collocations") VALUES ('technology-hardware-c2-configuration', 'technology-hardware-c2', E'configuration', E'/kənˌfɪɡəˈreɪʃn/', E'/kənˌfɪɡjəˈreɪʃn/', E'arrangement of parts', E'cấu hình', 'noun', E'System configuration.', E'Cấu hình hệ thống.', ARRAY['setup']::text[], '{}', ARRAY['default configuration']::text[]) ON CONFLICT ("id") DO NOTHING;
INSERT INTO "VocabItem" ("id", "topicId", "word", "phonBr", "phonNAm", "meaning", "vietnameseMeaning", "partOfSpeech", "exampleSentence", "exampleTranslation", "synonyms", "antonyms", "collocations") VALUES ('technology-hardware-c2-apparatus', 'technology-hardware-c2', E'apparatus', E'/ˌæpəˈreɪtəs/', E'/ˌæpəˈrætəs/', E'technical equipment', E'thiết bị/dụng cụ', 'noun', E'Breathing apparatus.', E'Thiết bị trợ thở.', ARRAY['equipment']::text[], '{}', ARRAY['scientific apparatus']::text[]) ON CONFLICT ("id") DO NOTHING;
INSERT INTO "VocabItem" ("id", "topicId", "word", "phonBr", "phonNAm", "meaning", "vietnameseMeaning", "partOfSpeech", "exampleSentence", "exampleTranslation", "synonyms", "antonyms", "collocations") VALUES ('technology-hardware-c2-obsolescence', 'technology-hardware-c2', E'obsolescence', E'/ˌɒbsəˈlesns/', E'/ˌɑːbsəˈlesns/', E'becoming outdated', E'sự lỗi thời', 'noun', E'Planned obsolescence.', E'Sự lỗi thời có tính toán.', '{}', '{}', ARRAY['technological obsolescence']::text[]) ON CONFLICT ("id") DO NOTHING;
INSERT INTO "VocabItem" ("id", "topicId", "word", "phonBr", "phonNAm", "meaning", "vietnameseMeaning", "partOfSpeech", "exampleSentence", "exampleTranslation", "synonyms", "antonyms", "collocations") VALUES ('technology-hardware-c2-sensor', 'technology-hardware-c2', E'sensor', E'/ˈsensər/', E'/ˈsensər/', E'detecting device', E'cảm biến', 'noun', E'Motion sensor.', E'Cảm biến chuyển động.', '{}', '{}', ARRAY['temperature sensor']::text[]) ON CONFLICT ("id") DO NOTHING;
INSERT INTO "VocabItem" ("id", "topicId", "word", "phonBr", "phonNAm", "meaning", "vietnameseMeaning", "partOfSpeech", "exampleSentence", "exampleTranslation", "synonyms", "antonyms", "collocations") VALUES ('technology-hardware-c2-prototype', 'technology-hardware-c2', E'prototype', E'/ˈprəʊtətaɪp/', E'/ˈproʊtətaɪp/', E'first model', E'nguyên mẫu', 'noun', E'Build a prototype.', E'Xây dựng nguyên mẫu.', ARRAY['model']::text[], '{}', ARRAY['working prototype']::text[]) ON CONFLICT ("id") DO NOTHING;

-- Topic: Software - A2 (10 words)
INSERT INTO "Topic" ("id", "title", "subtitle", "description", "level", "wordCount", "estimatedTime", "category", "subcategory", "order", "topicGroupId") VALUES ('technology-software-a2', 'Software - A2', 'Vocabulary about software', 'Learn essential vocabulary about software at A2 level.', 'A2', 10, 20, 'Technology', 'Software', 1, 's9347457e550d8d9e2201') ON CONFLICT ("id") DO NOTHING;
INSERT INTO "VocabItem" ("id", "topicId", "word", "phonBr", "phonNAm", "meaning", "vietnameseMeaning", "partOfSpeech", "exampleSentence", "exampleTranslation", "synonyms", "antonyms", "collocations") VALUES ('technology-software-a2-app', 'technology-software-a2', E'app', E'/æp/', E'/æp/', E'application program', E'ứng dụng', 'noun', E'Download an app.', E'Tải ứng dụng.', ARRAY['program']::text[], '{}', ARRAY['mobile app']::text[]) ON CONFLICT ("id") DO NOTHING;
INSERT INTO "VocabItem" ("id", "topicId", "word", "phonBr", "phonNAm", "meaning", "vietnameseMeaning", "partOfSpeech", "exampleSentence", "exampleTranslation", "synonyms", "antonyms", "collocations") VALUES ('technology-software-a2-file', 'technology-software-a2', E'file', E'/faɪl/', E'/faɪl/', E'stored data', E'tập tin', 'noun', E'Open the file.', E'Mở tập tin.', '{}', '{}', ARRAY['save file']::text[]) ON CONFLICT ("id") DO NOTHING;
INSERT INTO "VocabItem" ("id", "topicId", "word", "phonBr", "phonNAm", "meaning", "vietnameseMeaning", "partOfSpeech", "exampleSentence", "exampleTranslation", "synonyms", "antonyms", "collocations") VALUES ('technology-software-a2-game', 'technology-software-a2', E'game', E'/ɡeɪm/', E'/ɡeɪm/', E'play activity', E'trò chơi', 'noun', E'Play a video game.', E'Chơi điện tử.', '{}', '{}', ARRAY['online game']::text[]) ON CONFLICT ("id") DO NOTHING;
INSERT INTO "VocabItem" ("id", "topicId", "word", "phonBr", "phonNAm", "meaning", "vietnameseMeaning", "partOfSpeech", "exampleSentence", "exampleTranslation", "synonyms", "antonyms", "collocations") VALUES ('technology-software-a2-click', 'technology-software-a2', E'click', E'/klɪk/', E'/klɪk/', E'press mouse button', E'nhấn chuột', 'verb', E'Click here.', E'Nhấn vào đây.', ARRAY['press']::text[], '{}', ARRAY['double click']::text[]) ON CONFLICT ("id") DO NOTHING;
INSERT INTO "VocabItem" ("id", "topicId", "word", "phonBr", "phonNAm", "meaning", "vietnameseMeaning", "partOfSpeech", "exampleSentence", "exampleTranslation", "synonyms", "antonyms", "collocations") VALUES ('technology-software-a2-save', 'technology-software-a2', E'save', E'/seɪv/', E'/seɪv/', E'keep data', E'lưu', 'verb', E'Save your work.', E'Lưu công việc của bạn.', ARRAY['store']::text[], ARRAY['delete']::text[], ARRAY['save button']::text[]) ON CONFLICT ("id") DO NOTHING;
INSERT INTO "VocabItem" ("id", "topicId", "word", "phonBr", "phonNAm", "meaning", "vietnameseMeaning", "partOfSpeech", "exampleSentence", "exampleTranslation", "synonyms", "antonyms", "collocations") VALUES ('technology-software-a2-open', 'technology-software-a2', E'open', E'/ˈəʊpən/', E'/ˈoʊpən/', E'start a program', E'mở', 'verb', E'Open the window.', E'Mở cửa sổ.', ARRAY['start']::text[], ARRAY['close']::text[], ARRAY['open files']::text[]) ON CONFLICT ("id") DO NOTHING;
INSERT INTO "VocabItem" ("id", "topicId", "word", "phonBr", "phonNAm", "meaning", "vietnameseMeaning", "partOfSpeech", "exampleSentence", "exampleTranslation", "synonyms", "antonyms", "collocations") VALUES ('technology-software-a2-close', 'technology-software-a2', E'close', E'/kləʊz/', E'/kloʊz/', E'end a program', E'đóng', 'verb', E'Close the app.', E'Đóng ứng dụng.', ARRAY['shut']::text[], ARRAY['open']::text[], ARRAY['close program']::text[]) ON CONFLICT ("id") DO NOTHING;
INSERT INTO "VocabItem" ("id", "topicId", "word", "phonBr", "phonNAm", "meaning", "vietnameseMeaning", "partOfSpeech", "exampleSentence", "exampleTranslation", "synonyms", "antonyms", "collocations") VALUES ('technology-software-a2-code', 'technology-software-a2', E'code', E'/kəʊd/', E'/koʊd/', E'program instructions', E'mã', 'noun', E'Write code.', E'Viết mã.', '{}', '{}', ARRAY['source code']::text[]) ON CONFLICT ("id") DO NOTHING;
INSERT INTO "VocabItem" ("id", "topicId", "word", "phonBr", "phonNAm", "meaning", "vietnameseMeaning", "partOfSpeech", "exampleSentence", "exampleTranslation", "synonyms", "antonyms", "collocations") VALUES ('technology-software-a2-data', 'technology-software-a2', E'data', E'/ˈdeɪtə/', E'/ˈdeɪtə/', E'information', E'dữ liệu', 'noun', E'Big data.', E'Dữ liệu lớn.', ARRAY['info']::text[], '{}', ARRAY['personal data']::text[]) ON CONFLICT ("id") DO NOTHING;
INSERT INTO "VocabItem" ("id", "topicId", "word", "phonBr", "phonNAm", "meaning", "vietnameseMeaning", "partOfSpeech", "exampleSentence", "exampleTranslation", "synonyms", "antonyms", "collocations") VALUES ('technology-software-a2-text', 'technology-software-a2', E'text', E'/tekst/', E'/tekst/', E'written words', E'văn bản', 'noun', E'Send a text.', E'Gửi tin nhắn.', '{}', '{}', ARRAY['text message']::text[]) ON CONFLICT ("id") DO NOTHING;

-- Topic: Software - B2 (10 words)
INSERT INTO "Topic" ("id", "title", "subtitle", "description", "level", "wordCount", "estimatedTime", "category", "subcategory", "order", "topicGroupId") VALUES ('technology-software-b2', 'Software - B2', 'Vocabulary about software', 'Learn essential vocabulary about software at B2 level.', 'B2', 10, 20, 'Technology', 'Software', 3, 's9347457e550d8d9e2201') ON CONFLICT ("id") DO NOTHING;
INSERT INTO "VocabItem" ("id", "topicId", "word", "phonBr", "phonNAm", "meaning", "vietnameseMeaning", "partOfSpeech", "exampleSentence", "exampleTranslation", "synonyms", "antonyms", "collocations") VALUES ('technology-software-b2-install', 'technology-software-b2', E'install', E'/ɪnˈstɔːl/', E'/ɪnˈstɔːl/', E'put software on computer', E'cài đặt', 'verb', E'Install the update.', E'Cài bản cập nhật.', ARRAY['setup']::text[], ARRAY['uninstall']::text[], ARRAY['install software']::text[]) ON CONFLICT ("id") DO NOTHING;
INSERT INTO "VocabItem" ("id", "topicId", "word", "phonBr", "phonNAm", "meaning", "vietnameseMeaning", "partOfSpeech", "exampleSentence", "exampleTranslation", "synonyms", "antonyms", "collocations") VALUES ('technology-software-b2-update', 'technology-software-b2', E'update', E'/ʌpˈdeɪt/', E'/ˌʌpˈdeɪt/', E'make new', E'cập nhật', 'verb', E'Update your system.', E'Cập nhật hệ thống.', ARRAY['upgrade']::text[], '{}', ARRAY['security update']::text[]) ON CONFLICT ("id") DO NOTHING;
INSERT INTO "VocabItem" ("id", "topicId", "word", "phonBr", "phonNAm", "meaning", "vietnameseMeaning", "partOfSpeech", "exampleSentence", "exampleTranslation", "synonyms", "antonyms", "collocations") VALUES ('technology-software-b2-virus', 'technology-software-b2', E'virus', E'/ˈvaɪrəs/', E'/ˈvaɪrəs/', E'bad program', E'vi-rút', 'noun', E'Anti-virus software.', E'Phần mềm diệt vi-rút.', ARRAY['malware']::text[], '{}', ARRAY['computer virus']::text[]) ON CONFLICT ("id") DO NOTHING;
INSERT INTO "VocabItem" ("id", "topicId", "word", "phonBr", "phonNAm", "meaning", "vietnameseMeaning", "partOfSpeech", "exampleSentence", "exampleTranslation", "synonyms", "antonyms", "collocations") VALUES ('technology-software-b2-interface', 'technology-software-b2', E'interface', E'/ˈɪntəfeɪs/', E'/ˈɪntərfeɪs/', E'what you see on screen', E'giao diện', 'noun', E'User interface (UI).', E'Giao diện người dùng.', '{}', '{}', ARRAY['friendly interface']::text[]) ON CONFLICT ("id") DO NOTHING;
INSERT INTO "VocabItem" ("id", "topicId", "word", "phonBr", "phonNAm", "meaning", "vietnameseMeaning", "partOfSpeech", "exampleSentence", "exampleTranslation", "synonyms", "antonyms", "collocations") VALUES ('technology-software-b2-database', 'technology-software-b2', E'database', E'/ˈdeɪtəbeɪs/', E'/ˈdeɪtəbeɪs/', E'collection of data', E'cơ sở dữ liệu', 'noun', E'Search the database.', E'Tìm trong cơ sở dữ liệu.', '{}', '{}', ARRAY['database management']::text[]) ON CONFLICT ("id") DO NOTHING;
INSERT INTO "VocabItem" ("id", "topicId", "word", "phonBr", "phonNAm", "meaning", "vietnameseMeaning", "partOfSpeech", "exampleSentence", "exampleTranslation", "synonyms", "antonyms", "collocations") VALUES ('technology-software-b2-platform', 'technology-software-b2', E'platform', E'/ˈplætfɔːm/', E'/ˈplætfɔːrm/', E'operating system/env', E'nền tảng', 'noun', E'Cross-platform app.', E'Ứng dụng đa nền tảng.', '{}', '{}', ARRAY['digital platform']::text[]) ON CONFLICT ("id") DO NOTHING;
INSERT INTO "VocabItem" ("id", "topicId", "word", "phonBr", "phonNAm", "meaning", "vietnameseMeaning", "partOfSpeech", "exampleSentence", "exampleTranslation", "synonyms", "antonyms", "collocations") VALUES ('technology-software-b2-bug', 'technology-software-b2', E'bug', E'/bʌɡ/', E'/bʌɡ/', E'error in code', E'lỗi phần mềm', 'noun', E'Fix a bug.', E'Sửa lỗi.', ARRAY['error']::text[], '{}', ARRAY['software bug']::text[]) ON CONFLICT ("id") DO NOTHING;
INSERT INTO "VocabItem" ("id", "topicId", "word", "phonBr", "phonNAm", "meaning", "vietnameseMeaning", "partOfSpeech", "exampleSentence", "exampleTranslation", "synonyms", "antonyms", "collocations") VALUES ('technology-software-b2-browse', 'technology-software-b2', E'browse', E'/braʊz/', E'/braʊz/', E'look through', E'duyệt', 'verb', E'Browse files.', E'Duyệt tập tin.', ARRAY['search']::text[], '{}', ARRAY['browse internet']::text[]) ON CONFLICT ("id") DO NOTHING;
INSERT INTO "VocabItem" ("id", "topicId", "word", "phonBr", "phonNAm", "meaning", "vietnameseMeaning", "partOfSpeech", "exampleSentence", "exampleTranslation", "synonyms", "antonyms", "collocations") VALUES ('technology-software-b2-delete', 'technology-software-b2', E'delete', E'/dɪˈliːt/', E'/dɪˈliːt/', E'remove', E'xóa', 'verb', E'Delete this file.', E'Xóa tập tin này.', ARRAY['remove']::text[], ARRAY['restore']::text[], ARRAY['delete account']::text[]) ON CONFLICT ("id") DO NOTHING;
INSERT INTO "VocabItem" ("id", "topicId", "word", "phonBr", "phonNAm", "meaning", "vietnameseMeaning", "partOfSpeech", "exampleSentence", "exampleTranslation", "synonyms", "antonyms", "collocations") VALUES ('technology-software-b2-edit', 'technology-software-b2', E'edit', E'/ˈedɪt/', E'/ˈedɪt/', E'change', E'chỉnh sửa', 'verb', E'Edit the photo.', E'Chỉnh sửa ảnh.', ARRAY['modify']::text[], '{}', ARRAY['edit video']::text[]) ON CONFLICT ("id") DO NOTHING;

-- Topic: Software - C1 (10 words)
INSERT INTO "Topic" ("id", "title", "subtitle", "description", "level", "wordCount", "estimatedTime", "category", "subcategory", "order", "topicGroupId") VALUES ('technology-software-c1', 'Software - C1', 'Vocabulary about software', 'Learn essential vocabulary about software at C1 level.', 'C1', 10, 20, 'Technology', 'Software', 4, 's9347457e550d8d9e2201') ON CONFLICT ("id") DO NOTHING;
INSERT INTO "VocabItem" ("id", "topicId", "word", "phonBr", "phonNAm", "meaning", "vietnameseMeaning", "partOfSpeech", "exampleSentence", "exampleTranslation", "synonyms", "antonyms", "collocations") VALUES ('technology-software-c1-algorithm', 'technology-software-c1', E'algorithm', E'/ˈælɡərɪðəm/', E'/ˈælɡərɪðəm/', E'set of rules', E'thuật toán', 'noun', E'Search algorithm.', E'Thuật toán tìm kiếm.', '{}', '{}', ARRAY['complex algorithm']::text[]) ON CONFLICT ("id") DO NOTHING;
INSERT INTO "VocabItem" ("id", "topicId", "word", "phonBr", "phonNAm", "meaning", "vietnameseMeaning", "partOfSpeech", "exampleSentence", "exampleTranslation", "synonyms", "antonyms", "collocations") VALUES ('technology-software-c1-encryption', 'technology-software-c1', E'encryption', E'/ɪnˈkrɪpʃn/', E'/ɪnˈkrɪpʃn/', E'hiding data', E'mã hóa', 'noun', E'End-to-end encryption.', E'Mã hóa đầu cuối.', '{}', '{}', ARRAY['data encryption']::text[]) ON CONFLICT ("id") DO NOTHING;
INSERT INTO "VocabItem" ("id", "topicId", "word", "phonBr", "phonNAm", "meaning", "vietnameseMeaning", "partOfSpeech", "exampleSentence", "exampleTranslation", "synonyms", "antonyms", "collocations") VALUES ('technology-software-c1-protocol', 'technology-software-c1', E'protocol', E'/ˈprəʊtəkɒl/', E'/ˈproʊtəkɑːl/', E'rules for connection', E'giao thức', 'noun', E'Internet protocol.', E'Giao thức Internet.', '{}', '{}', ARRAY['security protocol']::text[]) ON CONFLICT ("id") DO NOTHING;
INSERT INTO "VocabItem" ("id", "topicId", "word", "phonBr", "phonNAm", "meaning", "vietnameseMeaning", "partOfSpeech", "exampleSentence", "exampleTranslation", "synonyms", "antonyms", "collocations") VALUES ('technology-software-c1-integration', 'technology-software-c1', E'integration', E'/ˌɪntɪˈɡreɪʃn/', E'/ˌɪntɪˈɡreɪʃn/', E'combining systems', E'sự tích hợp', 'noun', E'System integration.', E'Tích hợp hệ thống.', '{}', '{}', ARRAY['seamless integration']::text[]) ON CONFLICT ("id") DO NOTHING;
INSERT INTO "VocabItem" ("id", "topicId", "word", "phonBr", "phonNAm", "meaning", "vietnameseMeaning", "partOfSpeech", "exampleSentence", "exampleTranslation", "synonyms", "antonyms", "collocations") VALUES ('technology-software-c1-deployment', 'technology-software-c1', E'deployment', E'/dɪˈplɔɪmənt/', E'/dɪˈplɔɪmənt/', E'releasing software', E'triển khai', 'noun', E'Software deployment.', E'Triển khai phần mềm.', ARRAY['release']::text[], '{}', ARRAY['rapid deployment']::text[]) ON CONFLICT ("id") DO NOTHING;
INSERT INTO "VocabItem" ("id", "topicId", "word", "phonBr", "phonNAm", "meaning", "vietnameseMeaning", "partOfSpeech", "exampleSentence", "exampleTranslation", "synonyms", "antonyms", "collocations") VALUES ('technology-software-c1-optimization', 'technology-software-c1', E'optimization', E'/ˌɒptɪmaɪˈzeɪʃn/', E'/ˌɑːptɪməˈzeɪʃn/', E'making best', E'tối ưu hóa', 'noun', E'SEO optimization.', E'Tối ưu hóa SEO.', ARRAY['improvement']::text[], '{}', ARRAY['performance optimization']::text[]) ON CONFLICT ("id") DO NOTHING;
INSERT INTO "VocabItem" ("id", "topicId", "word", "phonBr", "phonNAm", "meaning", "vietnameseMeaning", "partOfSpeech", "exampleSentence", "exampleTranslation", "synonyms", "antonyms", "collocations") VALUES ('technology-software-c1-compatibility', 'technology-software-c1', E'compatibility', E'/kəmˌpætəˈbɪləti/', E'/kəmˌpætəˈbɪləti/', E'working together', E'khả năng tương thích', 'noun', E'Check compatibility.', E'Kiểm tra tương thích.', '{}', '{}', ARRAY['backward compatibility']::text[]) ON CONFLICT ("id") DO NOTHING;
INSERT INTO "VocabItem" ("id", "topicId", "word", "phonBr", "phonNAm", "meaning", "vietnameseMeaning", "partOfSpeech", "exampleSentence", "exampleTranslation", "synonyms", "antonyms", "collocations") VALUES ('technology-software-c1-virtualization', 'technology-software-c1', E'virtualization', E'/ˌvɜːtʃuəlaɪˈzeɪʃn/', E'/ˌvɜːrtʃuələˈzeɪʃn/', E'creating virtual version', E'ảo hóa', 'noun', E'Server virtualization.', E'Ảo hóa máy chủ.', '{}', '{}', ARRAY['hardware virtualization']::text[]) ON CONFLICT ("id") DO NOTHING;
INSERT INTO "VocabItem" ("id", "topicId", "word", "phonBr", "phonNAm", "meaning", "vietnameseMeaning", "partOfSpeech", "exampleSentence", "exampleTranslation", "synonyms", "antonyms", "collocations") VALUES ('technology-software-c1-firmware', 'technology-software-c1', E'firmware', E'/ˈfɜːmweər/', E'/ˈfɜːrmwer/', E'permanent software', E'phần mềm hệ thống', 'noun', E'Update firmware.', E'Cập nhật firmware.', '{}', '{}', ARRAY['device firmware']::text[]) ON CONFLICT ("id") DO NOTHING;
INSERT INTO "VocabItem" ("id", "topicId", "word", "phonBr", "phonNAm", "meaning", "vietnameseMeaning", "partOfSpeech", "exampleSentence", "exampleTranslation", "synonyms", "antonyms", "collocations") VALUES ('technology-software-c1-backend', 'technology-software-c1', E'backend', E'/ˌbækˈend/', E'/ˌbækˈend/', E'server side', E'hậu trường/backend', 'noun', E'Backend developer.', E'Lập trình viên backend.', '{}', ARRAY['frontend']::text[], ARRAY['backend system']::text[]) ON CONFLICT ("id") DO NOTHING;

-- Topic: Internet - A1 (10 words)
INSERT INTO "Topic" ("id", "title", "subtitle", "description", "level", "wordCount", "estimatedTime", "category", "subcategory", "order", "topicGroupId") VALUES ('technology-internet-a1', 'Internet - A1', 'Vocabulary about internet', 'Learn essential vocabulary about internet at A1 level.', 'A1', 10, 20, 'Technology', 'Internet', 0, 's9347457e550d8d9e2201') ON CONFLICT ("id") DO NOTHING;
INSERT INTO "VocabItem" ("id", "topicId", "word", "phonBr", "phonNAm", "meaning", "vietnameseMeaning", "partOfSpeech", "exampleSentence", "exampleTranslation", "synonyms", "antonyms", "collocations") VALUES ('technology-internet-a1-wifi', 'technology-internet-a1', E'wifi', E'/ˈwaɪ faɪ/', E'/ˈwaɪ faɪ/', E'wireless internet', E'wifi', 'noun', E'Free wifi.', E'Wifi miễn phí.', '{}', '{}', ARRAY['connect wifi']::text[]) ON CONFLICT ("id") DO NOTHING;
INSERT INTO "VocabItem" ("id", "topicId", "word", "phonBr", "phonNAm", "meaning", "vietnameseMeaning", "partOfSpeech", "exampleSentence", "exampleTranslation", "synonyms", "antonyms", "collocations") VALUES ('technology-internet-a1-link', 'technology-internet-a1', E'link', E'/lɪŋk/', E'/lɪŋk/', E'connection to click', E'liên kết', 'noun', E'Click the link.', E'Nhấn vào liên kết.', '{}', '{}', ARRAY['web link']::text[]) ON CONFLICT ("id") DO NOTHING;
INSERT INTO "VocabItem" ("id", "topicId", "word", "phonBr", "phonNAm", "meaning", "vietnameseMeaning", "partOfSpeech", "exampleSentence", "exampleTranslation", "synonyms", "antonyms", "collocations") VALUES ('technology-internet-a1-chat', 'technology-internet-a1', E'chat', E'/tʃæt/', E'/tʃæt/', E'talk online', E'trò chuyện', 'verb', E'Chat with friends.', E'Trò chuyện với bạn.', '{}', '{}', ARRAY['online chat']::text[]) ON CONFLICT ("id") DO NOTHING;
INSERT INTO "VocabItem" ("id", "topicId", "word", "phonBr", "phonNAm", "meaning", "vietnameseMeaning", "partOfSpeech", "exampleSentence", "exampleTranslation", "synonyms", "antonyms", "collocations") VALUES ('technology-internet-a1-post', 'technology-internet-a1', E'post', E'/pəʊst/', E'/poʊst/', E'put online', E'đăng bài', 'verb', E'Post a photo.', E'Đăng ảnh.', '{}', '{}', ARRAY['blog post']::text[]) ON CONFLICT ("id") DO NOTHING;
INSERT INTO "VocabItem" ("id", "topicId", "word", "phonBr", "phonNAm", "meaning", "vietnameseMeaning", "partOfSpeech", "exampleSentence", "exampleTranslation", "synonyms", "antonyms", "collocations") VALUES ('technology-internet-a1-page', 'technology-internet-a1', E'page', E'/peɪdʒ/', E'/peɪdʒ/', E'part of website', E'trang', 'noun', E'Go to next page.', E'Sang trang tiếp.', '{}', '{}', ARRAY['web page']::text[]) ON CONFLICT ("id") DO NOTHING;
INSERT INTO "VocabItem" ("id", "topicId", "word", "phonBr", "phonNAm", "meaning", "vietnameseMeaning", "partOfSpeech", "exampleSentence", "exampleTranslation", "synonyms", "antonyms", "collocations") VALUES ('technology-internet-a1-search', 'technology-internet-a1', E'search', E'/sɜːtʃ/', E'/sɜːrtʃ/', E'look for', E'tìm kiếm', 'verb', E'Search Google.', E'Tìm trên Google.', ARRAY['find']::text[], '{}', ARRAY['search engine']::text[]) ON CONFLICT ("id") DO NOTHING;
INSERT INTO "VocabItem" ("id", "topicId", "word", "phonBr", "phonNAm", "meaning", "vietnameseMeaning", "partOfSpeech", "exampleSentence", "exampleTranslation", "synonyms", "antonyms", "collocations") VALUES ('technology-internet-a1-send', 'technology-internet-a1', E'send', E'/send/', E'/send/', E'make go', E'gửi', 'verb', E'Send a message.', E'Gửi tin nhắn.', ARRAY['dispatch']::text[], ARRAY['receive']::text[], ARRAY['send email']::text[]) ON CONFLICT ("id") DO NOTHING;
INSERT INTO "VocabItem" ("id", "topicId", "word", "phonBr", "phonNAm", "meaning", "vietnameseMeaning", "partOfSpeech", "exampleSentence", "exampleTranslation", "synonyms", "antonyms", "collocations") VALUES ('technology-internet-a1-online', 'technology-internet-a1', E'online', E'/ˌɒnˈlaɪn/', E'/ˌɑːnˈlaɪn/', E'connected', E'trực tuyến', 'adjective', E'I am online.', E'Tôi đang trực tuyến.', ARRAY['connected']::text[], ARRAY['offline']::text[], ARRAY['shop online']::text[]) ON CONFLICT ("id") DO NOTHING;
INSERT INTO "VocabItem" ("id", "topicId", "word", "phonBr", "phonNAm", "meaning", "vietnameseMeaning", "partOfSpeech", "exampleSentence", "exampleTranslation", "synonyms", "antonyms", "collocations") VALUES ('technology-internet-a1-web', 'technology-internet-a1', E'web', E'/web/', E'/web/', E'internet', E'mạng', 'noun', E'Surf the web.', E'Lướt mạng.', ARRAY['internet']::text[], '{}', ARRAY['world wide web']::text[]) ON CONFLICT ("id") DO NOTHING;
INSERT INTO "VocabItem" ("id", "topicId", "word", "phonBr", "phonNAm", "meaning", "vietnameseMeaning", "partOfSpeech", "exampleSentence", "exampleTranslation", "synonyms", "antonyms", "collocations") VALUES ('technology-internet-a1-site', 'technology-internet-a1', E'site', E'/saɪt/', E'/saɪt/', E'place on web', E'trang web', 'noun', E'Visit the site.', E'Ghé thăm trang web.', ARRAY['website']::text[], '{}', ARRAY['web site']::text[]) ON CONFLICT ("id") DO NOTHING;

-- Topic: Internet - B1 (10 words)
INSERT INTO "Topic" ("id", "title", "subtitle", "description", "level", "wordCount", "estimatedTime", "category", "subcategory", "order", "topicGroupId") VALUES ('technology-internet-b1', 'Internet - B1', 'Vocabulary about internet', 'Learn essential vocabulary about internet at B1 level.', 'B1', 10, 20, 'Technology', 'Internet', 2, 's9347457e550d8d9e2201') ON CONFLICT ("id") DO NOTHING;
INSERT INTO "VocabItem" ("id", "topicId", "word", "phonBr", "phonNAm", "meaning", "vietnameseMeaning", "partOfSpeech", "exampleSentence", "exampleTranslation", "synonyms", "antonyms", "collocations") VALUES ('technology-internet-b1-browser', 'technology-internet-b1', E'browser', E'/ˈbraʊzər/', E'/ˈbraʊzər/', E'program to view web', E'trình duyệt', 'noun', E'Open browser.', E'Mở trình duyệt.', '{}', '{}', ARRAY['web browser']::text[]) ON CONFLICT ("id") DO NOTHING;
INSERT INTO "VocabItem" ("id", "topicId", "word", "phonBr", "phonNAm", "meaning", "vietnameseMeaning", "partOfSpeech", "exampleSentence", "exampleTranslation", "synonyms", "antonyms", "collocations") VALUES ('technology-internet-b1-download', 'technology-internet-b1', E'download', E'/ˌdaʊnˈləʊd/', E'/ˌdaʊnˈloʊd/', E'get from internet', E'tải xuống', 'verb', E'Download the movie.', E'Tải phim.', '{}', ARRAY['upload']::text[], ARRAY['free download']::text[]) ON CONFLICT ("id") DO NOTHING;
INSERT INTO "VocabItem" ("id", "topicId", "word", "phonBr", "phonNAm", "meaning", "vietnameseMeaning", "partOfSpeech", "exampleSentence", "exampleTranslation", "synonyms", "antonyms", "collocations") VALUES ('technology-internet-b1-upload', 'technology-internet-b1', E'upload', E'/ˌʌpˈləʊd/', E'/ˌʌpˈloʊd/', E'put on internet', E'tải lên', 'verb', E'Upload video.', E'Tải video lên.', '{}', ARRAY['download']::text[], ARRAY['upload file']::text[]) ON CONFLICT ("id") DO NOTHING;
INSERT INTO "VocabItem" ("id", "topicId", "word", "phonBr", "phonNAm", "meaning", "vietnameseMeaning", "partOfSpeech", "exampleSentence", "exampleTranslation", "synonyms", "antonyms", "collocations") VALUES ('technology-internet-b1-password', 'technology-internet-b1', E'password', E'/ˈpɑːswɜːd/', E'/ˈpæswɜːrd/', E'secret code', E'mật khẩu', 'noun', E'Enter password.', E'Nhập mật khẩu.', '{}', '{}', ARRAY['strong password']::text[]) ON CONFLICT ("id") DO NOTHING;
INSERT INTO "VocabItem" ("id", "topicId", "word", "phonBr", "phonNAm", "meaning", "vietnameseMeaning", "partOfSpeech", "exampleSentence", "exampleTranslation", "synonyms", "antonyms", "collocations") VALUES ('technology-internet-b1-network', 'technology-internet-b1', E'network', E'/ˈnetwɜːk/', E'/ˈnetwɜːrk/', E'connected computers', E'mạng lưới', 'noun', E'Social network.', E'Mạng xã hội.', '{}', '{}', ARRAY['secure network']::text[]) ON CONFLICT ("id") DO NOTHING;
INSERT INTO "VocabItem" ("id", "topicId", "word", "phonBr", "phonNAm", "meaning", "vietnameseMeaning", "partOfSpeech", "exampleSentence", "exampleTranslation", "synonyms", "antonyms", "collocations") VALUES ('technology-internet-b1-signal', 'technology-internet-b1', E'signal', E'/ˈsɪɡnəl/', E'/ˈsɪɡnəl/', E'connection strength', E'tín hiệu', 'noun', E'Weak signal.', E'Tín hiệu yếu.', '{}', '{}', ARRAY['lost signal']::text[]) ON CONFLICT ("id") DO NOTHING;
INSERT INTO "VocabItem" ("id", "topicId", "word", "phonBr", "phonNAm", "meaning", "vietnameseMeaning", "partOfSpeech", "exampleSentence", "exampleTranslation", "synonyms", "antonyms", "collocations") VALUES ('technology-internet-b1-connect', 'technology-internet-b1', E'connect', E'/kəˈnekt/', E'/kəˈnekt/', E'join', E'kết nối', 'verb', E'Connect to internet.', E'Kết nối internet.', ARRAY['link']::text[], ARRAY['disconnect']::text[], ARRAY['auto connect']::text[]) ON CONFLICT ("id") DO NOTHING;
INSERT INTO "VocabItem" ("id", "topicId", "word", "phonBr", "phonNAm", "meaning", "vietnameseMeaning", "partOfSpeech", "exampleSentence", "exampleTranslation", "synonyms", "antonyms", "collocations") VALUES ('technology-internet-b1-blog', 'technology-internet-b1', E'blog', E'/blɒɡ/', E'/blɑːɡ/', E'online diary', E'blog/nhật ký mạng', 'noun', E'Write a blog.', E'Viết blog.', '{}', '{}', ARRAY['travel blog']::text[]) ON CONFLICT ("id") DO NOTHING;
INSERT INTO "VocabItem" ("id", "topicId", "word", "phonBr", "phonNAm", "meaning", "vietnameseMeaning", "partOfSpeech", "exampleSentence", "exampleTranslation", "synonyms", "antonyms", "collocations") VALUES ('technology-internet-b1-comment', 'technology-internet-b1', E'comment', E'/ˈkɒment/', E'/ˈkɑːment/', E'opinion written', E'bình luận', 'noun', E'Leave a comment.', E'Để lại bình luận.', '{}', '{}', ARRAY['post comment']::text[]) ON CONFLICT ("id") DO NOTHING;
INSERT INTO "VocabItem" ("id", "topicId", "word", "phonBr", "phonNAm", "meaning", "vietnameseMeaning", "partOfSpeech", "exampleSentence", "exampleTranslation", "synonyms", "antonyms", "collocations") VALUES ('technology-internet-b1-account', 'technology-internet-b1', E'account', E'/əˈkaʊnt/', E'/əˈkaʊnt/', E'membership', E'tài khoản', 'noun', E'Create an account.', E'Tạo tài khoản.', '{}', '{}', ARRAY['user account']::text[]) ON CONFLICT ("id") DO NOTHING;

-- Topic: Internet - C2 (10 words)
INSERT INTO "Topic" ("id", "title", "subtitle", "description", "level", "wordCount", "estimatedTime", "category", "subcategory", "order", "topicGroupId") VALUES ('technology-internet-c2', 'Internet - C2', 'Vocabulary about internet', 'Learn essential vocabulary about internet at C2 level.', 'C2', 10, 20, 'Technology', 'Internet', 5, 's9347457e550d8d9e2201') ON CONFLICT ("id") DO NOTHING;
INSERT INTO "VocabItem" ("id", "topicId", "word", "phonBr", "phonNAm", "meaning", "vietnameseMeaning", "partOfSpeech", "exampleSentence", "exampleTranslation", "synonyms", "antonyms", "collocations") VALUES ('technology-internet-c2-latency', 'technology-internet-c2', E'latency', E'/ˈleɪtənsi/', E'/ˈleɪtənsi/', E'delay in data', E'độ trễ', 'noun', E'Low latency.', E'Độ trễ thấp.', ARRAY['delay']::text[], '{}', ARRAY['network latency']::text[]) ON CONFLICT ("id") DO NOTHING;
INSERT INTO "VocabItem" ("id", "topicId", "word", "phonBr", "phonNAm", "meaning", "vietnameseMeaning", "partOfSpeech", "exampleSentence", "exampleTranslation", "synonyms", "antonyms", "collocations") VALUES ('technology-internet-c2-cybersecurity', 'technology-internet-c2', E'cybersecurity', E'/ˌsaɪbəsɪˈkjʊərəti/', E'/ˌsaɪbərsɪˈkjʊərəti/', E'online safety', E'an ninh mạng', 'noun', E'Cybersecurity expert.', E'Chuyên gia an ninh mạng.', '{}', '{}', ARRAY['improve cybersecurity']::text[]) ON CONFLICT ("id") DO NOTHING;
INSERT INTO "VocabItem" ("id", "topicId", "word", "phonBr", "phonNAm", "meaning", "vietnameseMeaning", "partOfSpeech", "exampleSentence", "exampleTranslation", "synonyms", "antonyms", "collocations") VALUES ('technology-internet-c2-authentication', 'technology-internet-c2', E'authentication', E'/ɔːˌθentɪˈkeɪʃn/', E'/ɔːˌθentɪˈkeɪʃn/', E'proving identity', E'xác thực', 'noun', E'Two-factor authentication.', E'Xác thực hai yếu tố.', ARRAY['verification']::text[], '{}', ARRAY['user authentication']::text[]) ON CONFLICT ("id") DO NOTHING;
INSERT INTO "VocabItem" ("id", "topicId", "word", "phonBr", "phonNAm", "meaning", "vietnameseMeaning", "partOfSpeech", "exampleSentence", "exampleTranslation", "synonyms", "antonyms", "collocations") VALUES ('technology-internet-c2-bandwidth', 'technology-internet-c2', E'bandwidth', E'/ˈbændwɪdθ/', E'/ˈbændwɪdθ/', E'capacity of network', E'băng thông', 'noun', E'High bandwidth.', E'Băng thông cao.', '{}', '{}', ARRAY['limit bandwidth']::text[]) ON CONFLICT ("id") DO NOTHING;
INSERT INTO "VocabItem" ("id", "topicId", "word", "phonBr", "phonNAm", "meaning", "vietnameseMeaning", "partOfSpeech", "exampleSentence", "exampleTranslation", "synonyms", "antonyms", "collocations") VALUES ('technology-internet-c2-surveillance', 'technology-internet-c2', E'surveillance', E'/sɜːˈveɪləns/', E'/sɜːrˈveɪləns/', E'watching', E'giám sát', 'noun', E'Mass surveillance.', E'Giám sát hàng loạt.', ARRAY['monitoring']::text[], '{}', ARRAY['digital surveillance']::text[]) ON CONFLICT ("id") DO NOTHING;
INSERT INTO "VocabItem" ("id", "topicId", "word", "phonBr", "phonNAm", "meaning", "vietnameseMeaning", "partOfSpeech", "exampleSentence", "exampleTranslation", "synonyms", "antonyms", "collocations") VALUES ('technology-internet-c2-censorship', 'technology-internet-c2', E'censorship', E'/ˈsensəʃɪp/', E'/ˈsensərʃɪp/', E'blocking content', E'kiểm duyệt', 'noun', E'Internet censorship.', E'Kiểm duyệt internet.', '{}', '{}', ARRAY['avoid censorship']::text[]) ON CONFLICT ("id") DO NOTHING;
INSERT INTO "VocabItem" ("id", "topicId", "word", "phonBr", "phonNAm", "meaning", "vietnameseMeaning", "partOfSpeech", "exampleSentence", "exampleTranslation", "synonyms", "antonyms", "collocations") VALUES ('technology-internet-c2-decentralization', 'technology-internet-c2', E'decentralization', E'/ˌdiːsentrəlaɪˈzeɪʃn/', E'/ˌdiːsentrəlaɪˈzeɪʃn/', E'no central control', E'phi tập trung', 'noun', E'Decentralization of power.', E'Sự phi tập trung hóa quyền lực.', '{}', ARRAY['centralization']::text[], ARRAY['network decentralization']::text[]) ON CONFLICT ("id") DO NOTHING;
INSERT INTO "VocabItem" ("id", "topicId", "word", "phonBr", "phonNAm", "meaning", "vietnameseMeaning", "partOfSpeech", "exampleSentence", "exampleTranslation", "synonyms", "antonyms", "collocations") VALUES ('technology-internet-c2-encryption', 'technology-internet-c2', E'encryption', E'/ɪnˈkrɪpʃn/', E'/ɪnˈkrɪpʃn/', E'coding data', E'mã hóa', 'noun', E'Strong encryption.', E'Mã hóa mạnh.', '{}', '{}', ARRAY['file encryption']::text[]) ON CONFLICT ("id") DO NOTHING;
INSERT INTO "VocabItem" ("id", "topicId", "word", "phonBr", "phonNAm", "meaning", "vietnameseMeaning", "partOfSpeech", "exampleSentence", "exampleTranslation", "synonyms", "antonyms", "collocations") VALUES ('technology-internet-c2-phishing', 'technology-internet-c2', E'phishing', E'/ˈfɪʃɪŋ/', E'/ˈfɪʃɪŋ/', E'stealing info scam', E'tấn công giả mạo', 'noun', E'Phishing email.', E'Email giả mạo.', '{}', '{}', ARRAY['phishing attack']::text[]) ON CONFLICT ("id") DO NOTHING;
INSERT INTO "VocabItem" ("id", "topicId", "word", "phonBr", "phonNAm", "meaning", "vietnameseMeaning", "partOfSpeech", "exampleSentence", "exampleTranslation", "synonyms", "antonyms", "collocations") VALUES ('technology-internet-c2-domain', 'technology-internet-c2', E'domain', E'/dəˈmeɪn/', E'/doʊˈmeɪn/', E'web address owner', E'tên miền', 'noun', E'Buy a domain.', E'Mua tên miền.', '{}', '{}', ARRAY['public domain']::text[]) ON CONFLICT ("id") DO NOTHING;

-- Topic: AI - B1 (10 words)
INSERT INTO "Topic" ("id", "title", "subtitle", "description", "level", "wordCount", "estimatedTime", "category", "subcategory", "order", "topicGroupId") VALUES ('technology-ai-b1', 'AI - B1', 'Vocabulary about ai', 'Learn essential vocabulary about ai at B1 level.', 'B1', 10, 20, 'Technology', 'AI', 2, 's9347457e550d8d9e2201') ON CONFLICT ("id") DO NOTHING;
INSERT INTO "VocabItem" ("id", "topicId", "word", "phonBr", "phonNAm", "meaning", "vietnameseMeaning", "partOfSpeech", "exampleSentence", "exampleTranslation", "synonyms", "antonyms", "collocations") VALUES ('technology-ai-b1-robot', 'technology-ai-b1', E'robot', E'/ˈrəʊbɒt/', E'/ˈroʊbɑːt/', E'machine acting like human', E'rô-bốt', 'noun', E'Smart robot.', E'Người máy thông minh.', ARRAY['machine']::text[], '{}', ARRAY['robot arm']::text[]) ON CONFLICT ("id") DO NOTHING;
INSERT INTO "VocabItem" ("id", "topicId", "word", "phonBr", "phonNAm", "meaning", "vietnameseMeaning", "partOfSpeech", "exampleSentence", "exampleTranslation", "synonyms", "antonyms", "collocations") VALUES ('technology-ai-b1-smart', 'technology-ai-b1', E'smart', E'/smɑːt/', E'/smɑːrt/', E'clever/AI', E'thông minh', 'adjective', E'Smart home.', E'Nhà thông minh.', ARRAY['intelligent']::text[], ARRAY['stupid']::text[], ARRAY['smart device']::text[]) ON CONFLICT ("id") DO NOTHING;
INSERT INTO "VocabItem" ("id", "topicId", "word", "phonBr", "phonNAm", "meaning", "vietnameseMeaning", "partOfSpeech", "exampleSentence", "exampleTranslation", "synonyms", "antonyms", "collocations") VALUES ('technology-ai-b1-future', 'technology-ai-b1', E'future', E'/ˈfjuːtʃər/', E'/ˈfjuːtʃər/', E'time coming', E'tương lai', 'noun', E'AI is the future.', E'AI là tương lai.', '{}', ARRAY['past']::text[], ARRAY['near future']::text[]) ON CONFLICT ("id") DO NOTHING;
INSERT INTO "VocabItem" ("id", "topicId", "word", "phonBr", "phonNAm", "meaning", "vietnameseMeaning", "partOfSpeech", "exampleSentence", "exampleTranslation", "synonyms", "antonyms", "collocations") VALUES ('technology-ai-b1-machine', 'technology-ai-b1', E'machine', E'/məˈʃiːn/', E'/məˈʃiːn/', E'mechanical device', E'máy móc', 'noun', E'Machine learning.', E'Máy học.', '{}', '{}', ARRAY['powerful machine']::text[]) ON CONFLICT ("id") DO NOTHING;
INSERT INTO "VocabItem" ("id", "topicId", "word", "phonBr", "phonNAm", "meaning", "vietnameseMeaning", "partOfSpeech", "exampleSentence", "exampleTranslation", "synonyms", "antonyms", "collocations") VALUES ('technology-ai-b1-learn', 'technology-ai-b1', E'learn', E'/lɜːn/', E'/lɜːrn/', E'get knowledge', E'học', 'verb', E'Machines can learn.', E'Máy móc có thể học.', ARRAY['study']::text[], '{}', ARRAY['learn fast']::text[]) ON CONFLICT ("id") DO NOTHING;
INSERT INTO "VocabItem" ("id", "topicId", "word", "phonBr", "phonNAm", "meaning", "vietnameseMeaning", "partOfSpeech", "exampleSentence", "exampleTranslation", "synonyms", "antonyms", "collocations") VALUES ('technology-ai-b1-voice', 'technology-ai-b1', E'voice', E'/vɔɪs/', E'/vɔɪs/', E'sound from mouth', E'giọng nói', 'noun', E'Voice recognition.', E'Nhận diện giọng nói.', '{}', '{}', ARRAY['human voice']::text[]) ON CONFLICT ("id") DO NOTHING;
INSERT INTO "VocabItem" ("id", "topicId", "word", "phonBr", "phonNAm", "meaning", "vietnameseMeaning", "partOfSpeech", "exampleSentence", "exampleTranslation", "synonyms", "antonyms", "collocations") VALUES ('technology-ai-b1-tool', 'technology-ai-b1', E'tool', E'/tuːl/', E'/tuːl/', E'something helping work', E'công cụ', 'noun', E'AI tool.', E'Công cụ AI.', ARRAY['instrument']::text[], '{}', ARRAY['useful tool']::text[]) ON CONFLICT ("id") DO NOTHING;
INSERT INTO "VocabItem" ("id", "topicId", "word", "phonBr", "phonNAm", "meaning", "vietnameseMeaning", "partOfSpeech", "exampleSentence", "exampleTranslation", "synonyms", "antonyms", "collocations") VALUES ('technology-ai-b1-system', 'technology-ai-b1', E'system', E'/ˈsɪstəm/', E'/ˈsɪstəm/', E'set of parts', E'hệ thống', 'noun', E'Computer system.', E'Hệ thống máy tính.', '{}', '{}', ARRAY['complex system']::text[]) ON CONFLICT ("id") DO NOTHING;
INSERT INTO "VocabItem" ("id", "topicId", "word", "phonBr", "phonNAm", "meaning", "vietnameseMeaning", "partOfSpeech", "exampleSentence", "exampleTranslation", "synonyms", "antonyms", "collocations") VALUES ('technology-ai-b1-automatic', 'technology-ai-b1', E'automatic', E'/ˌɔːtəˈmætɪk/', E'/ˌɔːtəˈmætɪk/', E'working by itself', E'tự động', 'adjective', E'Automatic car.', E'Xe tự động.', ARRAY['automated']::text[], ARRAY['manual']::text[], ARRAY['fully automatic']::text[]) ON CONFLICT ("id") DO NOTHING;
INSERT INTO "VocabItem" ("id", "topicId", "word", "phonBr", "phonNAm", "meaning", "vietnameseMeaning", "partOfSpeech", "exampleSentence", "exampleTranslation", "synonyms", "antonyms", "collocations") VALUES ('technology-ai-b1-data', 'technology-ai-b1', E'data', E'/ˈdeɪtə/', E'/ˈdeɪtə/', E'info for computer', E'dữ liệu', 'noun', E'Collect data.', E'Thu thập dữ liệu.', '{}', '{}', ARRAY['process data']::text[]) ON CONFLICT ("id") DO NOTHING;

-- Topic: AI - B2 (10 words)
INSERT INTO "Topic" ("id", "title", "subtitle", "description", "level", "wordCount", "estimatedTime", "category", "subcategory", "order", "topicGroupId") VALUES ('technology-ai-b2', 'AI - B2', 'Vocabulary about ai', 'Learn essential vocabulary about ai at B2 level.', 'B2', 10, 20, 'Technology', 'AI', 3, 's9347457e550d8d9e2201') ON CONFLICT ("id") DO NOTHING;
INSERT INTO "VocabItem" ("id", "topicId", "word", "phonBr", "phonNAm", "meaning", "vietnameseMeaning", "partOfSpeech", "exampleSentence", "exampleTranslation", "synonyms", "antonyms", "collocations") VALUES ('technology-ai-b2-intelligence', 'technology-ai-b2', E'intelligence', E'/ɪnˈtelɪdʒəns/', E'/ɪnˈtelɪdʒəns/', E'ability to think', E'trí tuệ', 'noun', E'Artificial Intelligence.', E'Trí tuệ nhân tạo.', '{}', '{}', ARRAY['high intelligence']::text[]) ON CONFLICT ("id") DO NOTHING;
INSERT INTO "VocabItem" ("id", "topicId", "word", "phonBr", "phonNAm", "meaning", "vietnameseMeaning", "partOfSpeech", "exampleSentence", "exampleTranslation", "synonyms", "antonyms", "collocations") VALUES ('technology-ai-b2-prediction', 'technology-ai-b2', E'prediction', E'/prɪˈdɪkʃn/', E'/prɪˈdɪkʃn/', E'saying future', E'dự đoán', 'noun', E'Make a prediction.', E'Đưa ra dự đoán.', ARRAY['forecast']::text[], '{}', ARRAY['accurate prediction']::text[]) ON CONFLICT ("id") DO NOTHING;
INSERT INTO "VocabItem" ("id", "topicId", "word", "phonBr", "phonNAm", "meaning", "vietnameseMeaning", "partOfSpeech", "exampleSentence", "exampleTranslation", "synonyms", "antonyms", "collocations") VALUES ('technology-ai-b2-analysis', 'technology-ai-b2', E'analysis', E'/əˈnælɪsɪs/', E'/əˈnælɪsɪs/', E'detailed study', E'phân tích', 'noun', E'Data analysis.', E'Phân tích dữ liệu.', '{}', '{}', ARRAY['deep analysis']::text[]) ON CONFLICT ("id") DO NOTHING;
INSERT INTO "VocabItem" ("id", "topicId", "word", "phonBr", "phonNAm", "meaning", "vietnameseMeaning", "partOfSpeech", "exampleSentence", "exampleTranslation", "synonyms", "antonyms", "collocations") VALUES ('technology-ai-b2-automation', 'technology-ai-b2', E'automation', E'/ˌɔːtəˈmeɪʃn/', E'/ˌɔːtəˈmeɪʃn/', E'using machines', E'tự động hóa', 'noun', E'Home automation.', E'Tự động hóa nhà cửa.', '{}', '{}', ARRAY['process automation']::text[]) ON CONFLICT ("id") DO NOTHING;
INSERT INTO "VocabItem" ("id", "topicId", "word", "phonBr", "phonNAm", "meaning", "vietnameseMeaning", "partOfSpeech", "exampleSentence", "exampleTranslation", "synonyms", "antonyms", "collocations") VALUES ('technology-ai-b2-virtual', 'technology-ai-b2', E'virtual', E'/ˈvɜːtʃuəl/', E'/ˈvɜːrtʃuəl/', E'not real/computer', E'ảo', 'adjective', E'Virtual assistant.', E'Trợ lý ảo.', '{}', ARRAY['real']::text[], ARRAY['virtual reality']::text[]) ON CONFLICT ("id") DO NOTHING;
INSERT INTO "VocabItem" ("id", "topicId", "word", "phonBr", "phonNAm", "meaning", "vietnameseMeaning", "partOfSpeech", "exampleSentence", "exampleTranslation", "synonyms", "antonyms", "collocations") VALUES ('technology-ai-b2-recognition', 'technology-ai-b2', E'recognition', E'/ˌrekəɡˈnɪʃn/', E'/ˌrekəɡˈnɪʃn/', E'knowing again', E'nhận diện', 'noun', E'Facial recognition.', E'Nhận diện khuôn mặt.', '{}', '{}', ARRAY['voice recognition']::text[]) ON CONFLICT ("id") DO NOTHING;
INSERT INTO "VocabItem" ("id", "topicId", "word", "phonBr", "phonNAm", "meaning", "vietnameseMeaning", "partOfSpeech", "exampleSentence", "exampleTranslation", "synonyms", "antonyms", "collocations") VALUES ('technology-ai-b2-logic', 'technology-ai-b2', E'logic', E'/ˈlɒdʒɪk/', E'/ˈlɑːdʒɪk/', E'sensible thinking', E'logic', 'noun', E'Computer logic.', E'Logic máy tính.', '{}', '{}', ARRAY['logic gate']::text[]) ON CONFLICT ("id") DO NOTHING;
INSERT INTO "VocabItem" ("id", "topicId", "word", "phonBr", "phonNAm", "meaning", "vietnameseMeaning", "partOfSpeech", "exampleSentence", "exampleTranslation", "synonyms", "antonyms", "collocations") VALUES ('technology-ai-b2-pattern', 'technology-ai-b2', E'pattern', E'/ˈpætn/', E'/ˈpætərn/', E'repeated shape/event', E'mô hình/mẫu', 'noun', E'Find a pattern.', E'Tìm quy luật/mẫu.', '{}', '{}', ARRAY['pattern recognition']::text[]) ON CONFLICT ("id") DO NOTHING;
INSERT INTO "VocabItem" ("id", "topicId", "word", "phonBr", "phonNAm", "meaning", "vietnameseMeaning", "partOfSpeech", "exampleSentence", "exampleTranslation", "synonyms", "antonyms", "collocations") VALUES ('technology-ai-b2-complex', 'technology-ai-b2', E'complex', E'/ˈkɒmpleks/', E'/kəmˈpleks/', E'not simple', E'phức tạp', 'adjective', E'Complex problem.', E'Vấn đề phức tạp.', ARRAY['complicated']::text[], ARRAY['simple']::text[], ARRAY['complex system']::text[]) ON CONFLICT ("id") DO NOTHING;
INSERT INTO "VocabItem" ("id", "topicId", "word", "phonBr", "phonNAm", "meaning", "vietnameseMeaning", "partOfSpeech", "exampleSentence", "exampleTranslation", "synonyms", "antonyms", "collocations") VALUES ('technology-ai-b2-interact', 'technology-ai-b2', E'interact', E'/ˌɪntərˈækt/', E'/ˌɪntərˈækt/', E'communicate with', E'tương tác', 'verb', E'Interact with AI.', E'Tương tác với AI.', '{}', '{}', ARRAY['interact daily']::text[]) ON CONFLICT ("id") DO NOTHING;

-- Topic: AI - C1 (10 words)
INSERT INTO "Topic" ("id", "title", "subtitle", "description", "level", "wordCount", "estimatedTime", "category", "subcategory", "order", "topicGroupId") VALUES ('technology-ai-c1', 'AI - C1', 'Vocabulary about ai', 'Learn essential vocabulary about ai at C1 level.', 'C1', 10, 20, 'Technology', 'AI', 4, 's9347457e550d8d9e2201') ON CONFLICT ("id") DO NOTHING;
INSERT INTO "VocabItem" ("id", "topicId", "word", "phonBr", "phonNAm", "meaning", "vietnameseMeaning", "partOfSpeech", "exampleSentence", "exampleTranslation", "synonyms", "antonyms", "collocations") VALUES ('technology-ai-c1-neural', 'technology-ai-c1', E'neural', E'/ˈnjʊərəl/', E'/ˈnʊrəl/', E'related to nerves', E'thuộc thần kinh', 'adjective', E'Neural network.', E'Mạng nơ-ron.', '{}', '{}', ARRAY['neural pathway']::text[]) ON CONFLICT ("id") DO NOTHING;
INSERT INTO "VocabItem" ("id", "topicId", "word", "phonBr", "phonNAm", "meaning", "vietnameseMeaning", "partOfSpeech", "exampleSentence", "exampleTranslation", "synonyms", "antonyms", "collocations") VALUES ('technology-ai-c1-cognitive', 'technology-ai-c1', E'cognitive', E'/ˈkɒɡnətɪv/', E'/ˈkɑːɡnətɪv/', E'mental process', E'nhận thức', 'adjective', E'Cognitive computing.', E'Điện toán nhận thức.', '{}', '{}', ARRAY['cognitive ability']::text[]) ON CONFLICT ("id") DO NOTHING;
INSERT INTO "VocabItem" ("id", "topicId", "word", "phonBr", "phonNAm", "meaning", "vietnameseMeaning", "partOfSpeech", "exampleSentence", "exampleTranslation", "synonyms", "antonyms", "collocations") VALUES ('technology-ai-c1-autonomous', 'technology-ai-c1', E'autonomous', E'/ɔːˈtɒnəməs/', E'/ɔːˈtɑːnəməs/', E'self-governing', E'tự hành', 'adjective', E'Autonomous vehicle.', E'Xe tự hành.', ARRAY['independent']::text[], '{}', ARRAY['fully autonomous']::text[]) ON CONFLICT ("id") DO NOTHING;
INSERT INTO "VocabItem" ("id", "topicId", "word", "phonBr", "phonNAm", "meaning", "vietnameseMeaning", "partOfSpeech", "exampleSentence", "exampleTranslation", "synonyms", "antonyms", "collocations") VALUES ('technology-ai-c1-simulation', 'technology-ai-c1', E'simulation', E'/ˌsɪmjuˈleɪʃn/', E'/ˌsɪmjuˈleɪʃn/', E'imitation of real', E'mô phỏng', 'noun', E'Run a simulation.', E'Chạy mô phỏng.', '{}', '{}', ARRAY['computer simulation']::text[]) ON CONFLICT ("id") DO NOTHING;
INSERT INTO "VocabItem" ("id", "topicId", "word", "phonBr", "phonNAm", "meaning", "vietnameseMeaning", "partOfSpeech", "exampleSentence", "exampleTranslation", "synonyms", "antonyms", "collocations") VALUES ('technology-ai-c1-perception', 'technology-ai-c1', E'perception', E'/pəˈsepʃn/', E'/pərˈsepʃn/', E'way of seeing', E'sự nhận thức', 'noun', E'Machine perception.', E'Nhận thức máy.', '{}', '{}', ARRAY['visual perception']::text[]) ON CONFLICT ("id") DO NOTHING;
INSERT INTO "VocabItem" ("id", "topicId", "word", "phonBr", "phonNAm", "meaning", "vietnameseMeaning", "partOfSpeech", "exampleSentence", "exampleTranslation", "synonyms", "antonyms", "collocations") VALUES ('technology-ai-c1-ethics', 'technology-ai-c1', E'ethics', E'/ˈeθɪks/', E'/ˈeθɪks/', E'moral rules', E'đạo đức', 'noun', E'AI ethics.', E'Đạo đức AI.', ARRAY['morality']::text[], '{}', ARRAY['code of ethics']::text[]) ON CONFLICT ("id") DO NOTHING;
INSERT INTO "VocabItem" ("id", "topicId", "word", "phonBr", "phonNAm", "meaning", "vietnameseMeaning", "partOfSpeech", "exampleSentence", "exampleTranslation", "synonyms", "antonyms", "collocations") VALUES ('technology-ai-c1-bias', 'technology-ai-c1', E'bias', E'/ˈbaɪəs/', E'/ˈbaɪəs/', E'unfair preference', E'thiên kiến', 'noun', E'Algorithmic bias.', E'Thiên kiến thuật toán.', ARRAY['prejudice']::text[], '{}', ARRAY['unconscious bias']::text[]) ON CONFLICT ("id") DO NOTHING;
INSERT INTO "VocabItem" ("id", "topicId", "word", "phonBr", "phonNAm", "meaning", "vietnameseMeaning", "partOfSpeech", "exampleSentence", "exampleTranslation", "synonyms", "antonyms", "collocations") VALUES ('technology-ai-c1-computational', 'technology-ai-c1', E'computational', E'/ˌkɒmpjuˈteɪʃənl/', E'/ˌkɑːmpjuˈteɪʃənl/', E'calculating', E'tính toán', 'adjective', E'Computational power.', E'Sức mạnh tính toán.', '{}', '{}', ARRAY['computational model']::text[]) ON CONFLICT ("id") DO NOTHING;
INSERT INTO "VocabItem" ("id", "topicId", "word", "phonBr", "phonNAm", "meaning", "vietnameseMeaning", "partOfSpeech", "exampleSentence", "exampleTranslation", "synonyms", "antonyms", "collocations") VALUES ('technology-ai-c1-generative', 'technology-ai-c1', E'generative', E'/ˈdʒenərətɪv/', E'/ˈdʒenərətɪv/', E'able to produce', E'tạo sinh', 'adjective', E'Generative AI.', E'AI tạo sinh.', '{}', '{}', ARRAY['generative model']::text[]) ON CONFLICT ("id") DO NOTHING;
INSERT INTO "VocabItem" ("id", "topicId", "word", "phonBr", "phonNAm", "meaning", "vietnameseMeaning", "partOfSpeech", "exampleSentence", "exampleTranslation", "synonyms", "antonyms", "collocations") VALUES ('technology-ai-c1-singularity', 'technology-ai-c1', E'singularity', E'/ˌsɪŋɡjuˈlærəti/', E'/ˌsɪŋɡjuˈlærəti/', E'point of infinite change', E'điểm kỳ dị', 'noun', E'Technological singularity.', E'Điểm kỳ dị công nghệ.', '{}', '{}', ARRAY['reach singularity']::text[]) ON CONFLICT ("id") DO NOTHING;

-- ══════════════════════════════════════════════════
-- VOCAB: Nature
-- ══════════════════════════════════════════════════
INSERT INTO "TopicGroup" ("id", "name", "order", "hubType", "subcategories") VALUES ('s4af04a6370612fb40141', 'Nature', 5, 'vocab', ARRAY['Animals','Plants','Weather','Environment']::text[]) ON CONFLICT ("name", "hubType") DO NOTHING;

-- Topic: Animals - A1 (10 words)
INSERT INTO "Topic" ("id", "title", "subtitle", "description", "level", "wordCount", "estimatedTime", "category", "subcategory", "order", "topicGroupId") VALUES ('nature-animals-a1', 'Animals - A1', 'Vocabulary about animals', 'Learn essential vocabulary about animals at A1 level.', 'A1', 10, 20, 'Nature', 'Animals', 0, 's4af04a6370612fb40141') ON CONFLICT ("id") DO NOTHING;
INSERT INTO "VocabItem" ("id", "topicId", "word", "phonBr", "phonNAm", "meaning", "vietnameseMeaning", "partOfSpeech", "exampleSentence", "exampleTranslation", "synonyms", "antonyms", "collocations") VALUES ('nature-animals-a1-dog', 'nature-animals-a1', E'dog', E'/dɒɡ/', E'/dɔːɡ/', E'pet animal', E'con chó', 'noun', E'I have a dog.', E'Tôi có một con chó.', ARRAY['puppy']::text[], '{}', ARRAY['pet dog']::text[]) ON CONFLICT ("id") DO NOTHING;
INSERT INTO "VocabItem" ("id", "topicId", "word", "phonBr", "phonNAm", "meaning", "vietnameseMeaning", "partOfSpeech", "exampleSentence", "exampleTranslation", "synonyms", "antonyms", "collocations") VALUES ('nature-animals-a1-cat', 'nature-animals-a1', E'cat', E'/kæt/', E'/kæt/', E'small pet feline', E'con mèo', 'noun', E'The cat is sleeping.', E'Con mèo đang ngủ.', ARRAY['kitten']::text[], '{}', ARRAY['black cat']::text[]) ON CONFLICT ("id") DO NOTHING;
INSERT INTO "VocabItem" ("id", "topicId", "word", "phonBr", "phonNAm", "meaning", "vietnameseMeaning", "partOfSpeech", "exampleSentence", "exampleTranslation", "synonyms", "antonyms", "collocations") VALUES ('nature-animals-a1-bird', 'nature-animals-a1', E'bird', E'/bɜːd/', E'/bɜːrd/', E'animal that flies', E'con chim', 'noun', E'Look at the bird.', E'Nhìn con chim kìa.', '{}', '{}', ARRAY['flying bird']::text[]) ON CONFLICT ("id") DO NOTHING;
INSERT INTO "VocabItem" ("id", "topicId", "word", "phonBr", "phonNAm", "meaning", "vietnameseMeaning", "partOfSpeech", "exampleSentence", "exampleTranslation", "synonyms", "antonyms", "collocations") VALUES ('nature-animals-a1-fish', 'nature-animals-a1', E'fish', E'/fɪʃ/', E'/fɪʃ/', E'animal in water', E'con cá', 'noun', E'Fish swim in water.', E'Cá bơi trong nước.', '{}', '{}', ARRAY['gold fish']::text[]) ON CONFLICT ("id") DO NOTHING;
INSERT INTO "VocabItem" ("id", "topicId", "word", "phonBr", "phonNAm", "meaning", "vietnameseMeaning", "partOfSpeech", "exampleSentence", "exampleTranslation", "synonyms", "antonyms", "collocations") VALUES ('nature-animals-a1-cow', 'nature-animals-a1', E'cow', E'/kaʊ/', E'/kaʊ/', E'farm animal for milk', E'con bò', 'noun', E'The cow eats grass.', E'Con bò ăn cỏ.', ARRAY['cattle']::text[], '{}', ARRAY['milk cow']::text[]) ON CONFLICT ("id") DO NOTHING;
INSERT INTO "VocabItem" ("id", "topicId", "word", "phonBr", "phonNAm", "meaning", "vietnameseMeaning", "partOfSpeech", "exampleSentence", "exampleTranslation", "synonyms", "antonyms", "collocations") VALUES ('nature-animals-a1-horse', 'nature-animals-a1', E'horse', E'/hɔːs/', E'/hɔːrs/', E'animal for riding', E'con ngựa', 'noun', E'Ride a horse.', E'Cưỡi ngựa.', '{}', '{}', ARRAY['race horse']::text[]) ON CONFLICT ("id") DO NOTHING;
INSERT INTO "VocabItem" ("id", "topicId", "word", "phonBr", "phonNAm", "meaning", "vietnameseMeaning", "partOfSpeech", "exampleSentence", "exampleTranslation", "synonyms", "antonyms", "collocations") VALUES ('nature-animals-a1-lion', 'nature-animals-a1', E'lion', E'/ˈlaɪən/', E'/ˈlaɪən/', E'big wild cat', E'sư tử', 'noun', E'The lion is king.', E'Sư tử là vua.', '{}', '{}', ARRAY['lion roar']::text[]) ON CONFLICT ("id") DO NOTHING;
INSERT INTO "VocabItem" ("id", "topicId", "word", "phonBr", "phonNAm", "meaning", "vietnameseMeaning", "partOfSpeech", "exampleSentence", "exampleTranslation", "synonyms", "antonyms", "collocations") VALUES ('nature-animals-a1-mouse', 'nature-animals-a1', E'mouse', E'/maʊs/', E'/maʊs/', E'small rodent', E'con chuột', 'noun', E'A mouse is small.', E'Con chuột thì nhỏ.', '{}', '{}', ARRAY['field mouse']::text[]) ON CONFLICT ("id") DO NOTHING;
INSERT INTO "VocabItem" ("id", "topicId", "word", "phonBr", "phonNAm", "meaning", "vietnameseMeaning", "partOfSpeech", "exampleSentence", "exampleTranslation", "synonyms", "antonyms", "collocations") VALUES ('nature-animals-a1-pig', 'nature-animals-a1', E'pig', E'/pɪɡ/', E'/pɪɡ/', E'pink farm animal', E'con lợn', 'noun', E'Pigs are pink.', E'Lợn màu hồng.', ARRAY['swine']::text[], '{}', ARRAY['fat pig']::text[]) ON CONFLICT ("id") DO NOTHING;
INSERT INTO "VocabItem" ("id", "topicId", "word", "phonBr", "phonNAm", "meaning", "vietnameseMeaning", "partOfSpeech", "exampleSentence", "exampleTranslation", "synonyms", "antonyms", "collocations") VALUES ('nature-animals-a1-animal', 'nature-animals-a1', E'animal', E'/ˈænɪml/', E'/ˈænɪml/', E'living creature', E'động vật', 'noun', E'I love animals.', E'Tôi yêu động vật.', ARRAY['creature']::text[], '{}', ARRAY['wild animal']::text[]) ON CONFLICT ("id") DO NOTHING;

-- Topic: Animals - B1 (10 words)
INSERT INTO "Topic" ("id", "title", "subtitle", "description", "level", "wordCount", "estimatedTime", "category", "subcategory", "order", "topicGroupId") VALUES ('nature-animals-b1', 'Animals - B1', 'Vocabulary about animals', 'Learn essential vocabulary about animals at B1 level.', 'B1', 10, 20, 'Nature', 'Animals', 2, 's4af04a6370612fb40141') ON CONFLICT ("id") DO NOTHING;
INSERT INTO "VocabItem" ("id", "topicId", "word", "phonBr", "phonNAm", "meaning", "vietnameseMeaning", "partOfSpeech", "exampleSentence", "exampleTranslation", "synonyms", "antonyms", "collocations") VALUES ('nature-animals-b1-wildlife', 'nature-animals-b1', E'wildlife', E'/ˈwaɪldlaɪf/', E'/ˈwaɪldlaɪf/', E'animals in nature', E'động vật hoang dã', 'noun', E'Protect wildlife.', E'Bảo vệ động vật hoang dã.', '{}', '{}', ARRAY['wildlife park']::text[]) ON CONFLICT ("id") DO NOTHING;
INSERT INTO "VocabItem" ("id", "topicId", "word", "phonBr", "phonNAm", "meaning", "vietnameseMeaning", "partOfSpeech", "exampleSentence", "exampleTranslation", "synonyms", "antonyms", "collocations") VALUES ('nature-animals-b1-insect', 'nature-animals-b1', E'insect', E'/ˈɪnsekt/', E'/ˈɪnsekt/', E'small bug', E'bảo tồn', 'noun', E'Insects have six legs.', E'Côn trùng có sáu chân.', ARRAY['bug']::text[], '{}', ARRAY['flying insect']::text[]) ON CONFLICT ("id") DO NOTHING;
INSERT INTO "VocabItem" ("id", "topicId", "word", "phonBr", "phonNAm", "meaning", "vietnameseMeaning", "partOfSpeech", "exampleSentence", "exampleTranslation", "synonyms", "antonyms", "collocations") VALUES ('nature-animals-b1-dolphin', 'nature-animals-b1', E'dolphin', E'/ˈdɒlfɪn/', E'/ˈdɑːlfɪn/', E'smart sea mammal', E'cá heo', 'noun', E'Dolphins are smart.', E'Cá heo rất thông minh.', '{}', '{}', ARRAY['swim with dolphins']::text[]) ON CONFLICT ("id") DO NOTHING;
INSERT INTO "VocabItem" ("id", "topicId", "word", "phonBr", "phonNAm", "meaning", "vietnameseMeaning", "partOfSpeech", "exampleSentence", "exampleTranslation", "synonyms", "antonyms", "collocations") VALUES ('nature-animals-b1-mammal', 'nature-animals-b1', E'mammal', E'/ˈmæml/', E'/ˈmæml/', E'animal nursing young', E'động vật có vú', 'noun', E'Humans are mammals.', E'Con người là động vật có vú.', '{}', '{}', ARRAY['marine mammal']::text[]) ON CONFLICT ("id") DO NOTHING;
INSERT INTO "VocabItem" ("id", "topicId", "word", "phonBr", "phonNAm", "meaning", "vietnameseMeaning", "partOfSpeech", "exampleSentence", "exampleTranslation", "synonyms", "antonyms", "collocations") VALUES ('nature-animals-b1-reptile', 'nature-animals-b1', E'reptile', E'/ˈreptaɪl/', E'/ˈreptaɪl/', E'cold-blooded animal', E'bò sát', 'noun', E'Snakes are reptiles.', E'Rắn là loài bò sát.', '{}', '{}', ARRAY['large reptile']::text[]) ON CONFLICT ("id") DO NOTHING;
INSERT INTO "VocabItem" ("id", "topicId", "word", "phonBr", "phonNAm", "meaning", "vietnameseMeaning", "partOfSpeech", "exampleSentence", "exampleTranslation", "synonyms", "antonyms", "collocations") VALUES ('nature-animals-b1-feather', 'nature-animals-b1', E'feather', E'/ˈfeðər/', E'/ˈfeðər/', E'covering of bird', E'lông vũ', 'noun', E'Birds have feathers.', E'Chim có lông vũ.', '{}', '{}', ARRAY['white feather']::text[]) ON CONFLICT ("id") DO NOTHING;
INSERT INTO "VocabItem" ("id", "topicId", "word", "phonBr", "phonNAm", "meaning", "vietnameseMeaning", "partOfSpeech", "exampleSentence", "exampleTranslation", "synonyms", "antonyms", "collocations") VALUES ('nature-animals-b1-wing', 'nature-animals-b1', E'wing', E'/wɪŋ/', E'/wɪŋ/', E'part for flying', E'cánh', 'noun', E'The bird hurt its wing.', E'Con chim bị đau cánh.', '{}', '{}', ARRAY['bird wing']::text[]) ON CONFLICT ("id") DO NOTHING;
INSERT INTO "VocabItem" ("id", "topicId", "word", "phonBr", "phonNAm", "meaning", "vietnameseMeaning", "partOfSpeech", "exampleSentence", "exampleTranslation", "synonyms", "antonyms", "collocations") VALUES ('nature-animals-b1-nest', 'nature-animals-b1', E'nest', E'/nest/', E'/nest/', E'bird''s home', E'tổ', 'noun', E'Eggs in the nest.', E'Trứng ở trong tổ.', '{}', '{}', ARRAY['build nest']::text[]) ON CONFLICT ("id") DO NOTHING;
INSERT INTO "VocabItem" ("id", "topicId", "word", "phonBr", "phonNAm", "meaning", "vietnameseMeaning", "partOfSpeech", "exampleSentence", "exampleTranslation", "synonyms", "antonyms", "collocations") VALUES ('nature-animals-b1-hunt', 'nature-animals-b1', E'hunt', E'/hʌnt/', E'/hʌnt/', E'chase to kill', E'săn bắt', 'verb', E'Lions hunt zebras.', E'Sư tử săn ngựa vằn.', ARRAY['prey on']::text[], '{}', ARRAY['go hunting']::text[]) ON CONFLICT ("id") DO NOTHING;
INSERT INTO "VocabItem" ("id", "topicId", "word", "phonBr", "phonNAm", "meaning", "vietnameseMeaning", "partOfSpeech", "exampleSentence", "exampleTranslation", "synonyms", "antonyms", "collocations") VALUES ('nature-animals-b1-bark', 'nature-animals-b1', E'bark', E'/bɑːk/', E'/bɑːrk/', E'sound of dog', E'sủa', 'verb', E'The dog barked loudly.', E'Con chó sủa to.', '{}', '{}', ARRAY['dog bark']::text[]) ON CONFLICT ("id") DO NOTHING;

-- Topic: Animals - C1 (10 words)
INSERT INTO "Topic" ("id", "title", "subtitle", "description", "level", "wordCount", "estimatedTime", "category", "subcategory", "order", "topicGroupId") VALUES ('nature-animals-c1', 'Animals - C1', 'Vocabulary about animals', 'Learn essential vocabulary about animals at C1 level.', 'C1', 10, 20, 'Nature', 'Animals', 4, 's4af04a6370612fb40141') ON CONFLICT ("id") DO NOTHING;
INSERT INTO "VocabItem" ("id", "topicId", "word", "phonBr", "phonNAm", "meaning", "vietnameseMeaning", "partOfSpeech", "exampleSentence", "exampleTranslation", "synonyms", "antonyms", "collocations") VALUES ('nature-animals-c1-predator', 'nature-animals-c1', E'predator', E'/ˈpredətər/', E'/ˈpredətər/', E'animal hunting others', E'thú săn mồi', 'noun', E'Apex predator.', E'Thú săn mồi đầu bảng.', ARRAY['hunter']::text[], ARRAY['prey']::text[], ARRAY['natural predator']::text[]) ON CONFLICT ("id") DO NOTHING;
INSERT INTO "VocabItem" ("id", "topicId", "word", "phonBr", "phonNAm", "meaning", "vietnameseMeaning", "partOfSpeech", "exampleSentence", "exampleTranslation", "synonyms", "antonyms", "collocations") VALUES ('nature-animals-c1-prey', 'nature-animals-c1', E'prey', E'/preɪ/', E'/preɪ/', E'animal being hunted', E'con mồi', 'noun', E'Birds of prey.', E'Chim săn mồi.', ARRAY['victim']::text[], ARRAY['predator']::text[], ARRAY['stalk prey']::text[]) ON CONFLICT ("id") DO NOTHING;
INSERT INTO "VocabItem" ("id", "topicId", "word", "phonBr", "phonNAm", "meaning", "vietnameseMeaning", "partOfSpeech", "exampleSentence", "exampleTranslation", "synonyms", "antonyms", "collocations") VALUES ('nature-animals-c1-migration', 'nature-animals-c1', E'migration', E'/maɪˈɡreɪʃn/', E'/maɪˈɡreɪʃn/', E'seasonal movement', E'sự di cư', 'noun', E'Bird migration.', E'Sự di cư của chim.', '{}', '{}', ARRAY['annual migration']::text[]) ON CONFLICT ("id") DO NOTHING;
INSERT INTO "VocabItem" ("id", "topicId", "word", "phonBr", "phonNAm", "meaning", "vietnameseMeaning", "partOfSpeech", "exampleSentence", "exampleTranslation", "synonyms", "antonyms", "collocations") VALUES ('nature-animals-c1-habitat', 'nature-animals-c1', E'habitat', E'/ˈhæbɪtæt/', E'/ˈhæbɪtæt/', E'natural home', E'môi trường sống', 'noun', E'Loss of habitat.', E'Mất môi trường sống.', ARRAY['environment']::text[], '{}', ARRAY['natural habitat']::text[]) ON CONFLICT ("id") DO NOTHING;
INSERT INTO "VocabItem" ("id", "topicId", "word", "phonBr", "phonNAm", "meaning", "vietnameseMeaning", "partOfSpeech", "exampleSentence", "exampleTranslation", "synonyms", "antonyms", "collocations") VALUES ('nature-animals-c1-endangered', 'nature-animals-c1', E'endangered', E'/ɪnˈdeɪndʒəd/', E'/ɪnˈdeɪndʒərd/', E'at risk of extinction', E'có nguy cơ tuyệt chủng', 'adjective', E'Endangered species.', E'Loài có nguy cơ tuyệt chủng.', ARRAY['threatened']::text[], '{}', ARRAY['critically endangered']::text[]) ON CONFLICT ("id") DO NOTHING;
INSERT INTO "VocabItem" ("id", "topicId", "word", "phonBr", "phonNAm", "meaning", "vietnameseMeaning", "partOfSpeech", "exampleSentence", "exampleTranslation", "synonyms", "antonyms", "collocations") VALUES ('nature-animals-c1-vertebrate', 'nature-animals-c1', E'vertebrate', E'/ˈvɜːtɪbrət/', E'/ˈvɜːrtɪbrət/', E'animal with backbone', E'động vật có xương sống', 'noun', E'Class of vertebrates.', E'Lớp động vật có xương sống.', '{}', ARRAY['invertebrate']::text[], ARRAY['vertebrate animal']::text[]) ON CONFLICT ("id") DO NOTHING;
INSERT INTO "VocabItem" ("id", "topicId", "word", "phonBr", "phonNAm", "meaning", "vietnameseMeaning", "partOfSpeech", "exampleSentence", "exampleTranslation", "synonyms", "antonyms", "collocations") VALUES ('nature-animals-c1-carnivore', 'nature-animals-c1', E'carnivore', E'/ˈkɑːnɪvɔːr/', E'/ˈkɑːrnɪvɔːr/', E'meat eater', E'động vật ăn thịt', 'noun', E'Cats are carnivores.', E'Mèo là động vật ăn thịt.', '{}', ARRAY['herbivore']::text[], ARRAY['strict carnivore']::text[]) ON CONFLICT ("id") DO NOTHING;
INSERT INTO "VocabItem" ("id", "topicId", "word", "phonBr", "phonNAm", "meaning", "vietnameseMeaning", "partOfSpeech", "exampleSentence", "exampleTranslation", "synonyms", "antonyms", "collocations") VALUES ('nature-animals-c1-herbivore', 'nature-animals-c1', E'herbivore', E'/ˈhɜːbɪvɔːr/', E'/ˈhɜːrbɪvɔːr/', E'plant eater', E'động vật ăn cỏ', 'noun', E'Cows are herbivores.', E'Bò là động vật ăn cỏ.', '{}', ARRAY['carnivore']::text[], ARRAY['large herbivore']::text[]) ON CONFLICT ("id") DO NOTHING;
INSERT INTO "VocabItem" ("id", "topicId", "word", "phonBr", "phonNAm", "meaning", "vietnameseMeaning", "partOfSpeech", "exampleSentence", "exampleTranslation", "synonyms", "antonyms", "collocations") VALUES ('nature-animals-c1-fauna', 'nature-animals-c1', E'fauna', E'/ˈfɔːnə/', E'/ˈfɔːnə/', E'animals of a region', E'hệ động vật', 'noun', E'Flora and fauna.', E'Hệ thực vật và động vật.', '{}', '{}', ARRAY['local fauna']::text[]) ON CONFLICT ("id") DO NOTHING;
INSERT INTO "VocabItem" ("id", "topicId", "word", "phonBr", "phonNAm", "meaning", "vietnameseMeaning", "partOfSpeech", "exampleSentence", "exampleTranslation", "synonyms", "antonyms", "collocations") VALUES ('nature-animals-c1-camouflaged', 'nature-animals-c1', E'camouflaged', E'/ˈkæməflɑːʒd/', E'/ˈkæməflɑːʒd/', E'hidden by blending in', E'ngụy trang', 'adjective', E'Well camouflaged.', E'Ngụy trang kỹ.', ARRAY['hidden']::text[], ARRAY['visible']::text[], ARRAY['camouflaged animal']::text[]) ON CONFLICT ("id") DO NOTHING;

-- Topic: Plants - A2 (10 words)
INSERT INTO "Topic" ("id", "title", "subtitle", "description", "level", "wordCount", "estimatedTime", "category", "subcategory", "order", "topicGroupId") VALUES ('nature-plants-a2', 'Plants - A2', 'Vocabulary about plants', 'Learn essential vocabulary about plants at A2 level.', 'A2', 10, 20, 'Nature', 'Plants', 1, 's4af04a6370612fb40141') ON CONFLICT ("id") DO NOTHING;
INSERT INTO "VocabItem" ("id", "topicId", "word", "phonBr", "phonNAm", "meaning", "vietnameseMeaning", "partOfSpeech", "exampleSentence", "exampleTranslation", "synonyms", "antonyms", "collocations") VALUES ('nature-plants-a2-tree', 'nature-plants-a2', E'tree', E'/triː/', E'/triː/', E'tall plant', E'cây', 'noun', E'Climb a tree.', E'Leo cây.', '{}', '{}', ARRAY['apple tree']::text[]) ON CONFLICT ("id") DO NOTHING;
INSERT INTO "VocabItem" ("id", "topicId", "word", "phonBr", "phonNAm", "meaning", "vietnameseMeaning", "partOfSpeech", "exampleSentence", "exampleTranslation", "synonyms", "antonyms", "collocations") VALUES ('nature-plants-a2-flower', 'nature-plants-a2', E'flower', E'/ˈflaʊər/', E'/ˈflaʊər/', E'colorful part of plant', E'bông hoa', 'noun', E'Beautiful flower.', E'Bông hoa đẹp.', ARRAY['bloom']::text[], '{}', ARRAY['fresh flower']::text[]) ON CONFLICT ("id") DO NOTHING;
INSERT INTO "VocabItem" ("id", "topicId", "word", "phonBr", "phonNAm", "meaning", "vietnameseMeaning", "partOfSpeech", "exampleSentence", "exampleTranslation", "synonyms", "antonyms", "collocations") VALUES ('nature-plants-a2-grass', 'nature-plants-a2', E'grass', E'/ɡrɑːs/', E'/ɡræs/', E'green ground plant', E'cỏ', 'noun', E'Green grass.', E'Cỏ xanh.', '{}', '{}', ARRAY['cut grass']::text[]) ON CONFLICT ("id") DO NOTHING;
INSERT INTO "VocabItem" ("id", "topicId", "word", "phonBr", "phonNAm", "meaning", "vietnameseMeaning", "partOfSpeech", "exampleSentence", "exampleTranslation", "synonyms", "antonyms", "collocations") VALUES ('nature-plants-a2-rose', 'nature-plants-a2', E'rose', E'/rəʊz/', E'/roʊz/', E'type of flower', E'hoa hồng', 'noun', E'Red rose.', E'Hoa hồng đỏ.', '{}', '{}', ARRAY['red rose']::text[]) ON CONFLICT ("id") DO NOTHING;
INSERT INTO "VocabItem" ("id", "topicId", "word", "phonBr", "phonNAm", "meaning", "vietnameseMeaning", "partOfSpeech", "exampleSentence", "exampleTranslation", "synonyms", "antonyms", "collocations") VALUES ('nature-plants-a2-leaf', 'nature-plants-a2', E'leaf', E'/liːf/', E'/liːf/', E'green part on branch', E'lá', 'noun', E'Green leaf.', E'Lá xanh.', '{}', '{}', ARRAY['fall leaf']::text[]) ON CONFLICT ("id") DO NOTHING;
INSERT INTO "VocabItem" ("id", "topicId", "word", "phonBr", "phonNAm", "meaning", "vietnameseMeaning", "partOfSpeech", "exampleSentence", "exampleTranslation", "synonyms", "antonyms", "collocations") VALUES ('nature-plants-a2-grow', 'nature-plants-a2', E'grow', E'/ɡrəʊ/', E'/ɡroʊ/', E'get bigger/live', E'lớn lên/mọc', 'verb', E'Plants grow.', E'Cây cối phát triển.', '{}', '{}', ARRAY['grow fast']::text[]) ON CONFLICT ("id") DO NOTHING;
INSERT INTO "VocabItem" ("id", "topicId", "word", "phonBr", "phonNAm", "meaning", "vietnameseMeaning", "partOfSpeech", "exampleSentence", "exampleTranslation", "synonyms", "antonyms", "collocations") VALUES ('nature-plants-a2-forest', 'nature-plants-a2', E'forest', E'/ˈfɒrɪst/', E'/ˈfɔːrɪst/', E'place with many trees', E'rừng', 'noun', E'Walk in the forest.', E'Đi dạo trong rừng.', ARRAY['woods']::text[], '{}', ARRAY['rain forest']::text[]) ON CONFLICT ("id") DO NOTHING;
INSERT INTO "VocabItem" ("id", "topicId", "word", "phonBr", "phonNAm", "meaning", "vietnameseMeaning", "partOfSpeech", "exampleSentence", "exampleTranslation", "synonyms", "antonyms", "collocations") VALUES ('nature-plants-a2-plant', 'nature-plants-a2', E'plant', E'/plɑːnt/', E'/plænt/', E'living thing in earth', E'thực vật/cây', 'noun', E'Water the plant.', E'Tưới cây.', '{}', '{}', ARRAY['house plant']::text[]) ON CONFLICT ("id") DO NOTHING;
INSERT INTO "VocabItem" ("id", "topicId", "word", "phonBr", "phonNAm", "meaning", "vietnameseMeaning", "partOfSpeech", "exampleSentence", "exampleTranslation", "synonyms", "antonyms", "collocations") VALUES ('nature-plants-a2-garden', 'nature-plants-a2', E'garden', E'/ˈɡɑːdn/', E'/ˈɡɑːrdn/', E'place for plants', E'khu vườn', 'noun', E'My garden has flowers.', E'Vườn tôi có hoa.', '{}', '{}', ARRAY['flower garden']::text[]) ON CONFLICT ("id") DO NOTHING;
INSERT INTO "VocabItem" ("id", "topicId", "word", "phonBr", "phonNAm", "meaning", "vietnameseMeaning", "partOfSpeech", "exampleSentence", "exampleTranslation", "synonyms", "antonyms", "collocations") VALUES ('nature-plants-a2-seed', 'nature-plants-a2', E'seed', E'/siːd/', E'/siːd/', E'small part starting plant', E'hạt giống', 'noun', E'Plant a seed.', E'Gieo hạt.', '{}', '{}', ARRAY['sunflower seed']::text[]) ON CONFLICT ("id") DO NOTHING;

-- Topic: Plants - B2 (10 words)
INSERT INTO "Topic" ("id", "title", "subtitle", "description", "level", "wordCount", "estimatedTime", "category", "subcategory", "order", "topicGroupId") VALUES ('nature-plants-b2', 'Plants - B2', 'Vocabulary about plants', 'Learn essential vocabulary about plants at B2 level.', 'B2', 10, 20, 'Nature', 'Plants', 3, 's4af04a6370612fb40141') ON CONFLICT ("id") DO NOTHING;
INSERT INTO "VocabItem" ("id", "topicId", "word", "phonBr", "phonNAm", "meaning", "vietnameseMeaning", "partOfSpeech", "exampleSentence", "exampleTranslation", "synonyms", "antonyms", "collocations") VALUES ('nature-plants-b2-blossom', 'nature-plants-b2', E'blossom', E'/ˈblɒsəm/', E'/ˈblɑːsəm/', E'flower on tree', E'hoa (cây ăn quả)', 'noun', E'Cherry blossom.', E'Hoa anh đào.', ARRAY['flower']::text[], '{}', ARRAY['in blossom']::text[]) ON CONFLICT ("id") DO NOTHING;
INSERT INTO "VocabItem" ("id", "topicId", "word", "phonBr", "phonNAm", "meaning", "vietnameseMeaning", "partOfSpeech", "exampleSentence", "exampleTranslation", "synonyms", "antonyms", "collocations") VALUES ('nature-plants-b2-stem', 'nature-plants-b2', E'stem', E'/stem/', E'/stem/', E'main stalk', E'thân cây', 'noun', E'Cut the stem.', E'Cắt thân cây.', ARRAY['stalk']::text[], '{}', ARRAY['flower stem']::text[]) ON CONFLICT ("id") DO NOTHING;
INSERT INTO "VocabItem" ("id", "topicId", "word", "phonBr", "phonNAm", "meaning", "vietnameseMeaning", "partOfSpeech", "exampleSentence", "exampleTranslation", "synonyms", "antonyms", "collocations") VALUES ('nature-plants-b2-root', 'nature-plants-b2', E'root', E'/ruːt/', E'/ruːt/', E'underground part', E'rễ', 'noun', E'Deep roots.', E'Rễ sâu.', '{}', '{}', ARRAY['tree root']::text[]) ON CONFLICT ("id") DO NOTHING;
INSERT INTO "VocabItem" ("id", "topicId", "word", "phonBr", "phonNAm", "meaning", "vietnameseMeaning", "partOfSpeech", "exampleSentence", "exampleTranslation", "synonyms", "antonyms", "collocations") VALUES ('nature-plants-b2-branch', 'nature-plants-b2', E'branch', E'/brɑːntʃ/', E'/bræntʃ/', E'arm of a tree', E'cành cây', 'noun', E'Bird on a branch.', E'Chim trên cành cây.', ARRAY['limb']::text[], '{}', ARRAY['broken branch']::text[]) ON CONFLICT ("id") DO NOTHING;
INSERT INTO "VocabItem" ("id", "topicId", "word", "phonBr", "phonNAm", "meaning", "vietnameseMeaning", "partOfSpeech", "exampleSentence", "exampleTranslation", "synonyms", "antonyms", "collocations") VALUES ('nature-plants-b2-agriculture', 'nature-plants-b2', E'agriculture', E'/ˈæɡrɪkʌltʃər/', E'/ˈæɡrɪkʌltʃər/', E'farming', E'nông nghiệp', 'noun', E'Sustainable agriculture.', E'Nông nghiệp bền vững.', ARRAY['farming']::text[], '{}', ARRAY['modern agriculture']::text[]) ON CONFLICT ("id") DO NOTHING;
INSERT INTO "VocabItem" ("id", "topicId", "word", "phonBr", "phonNAm", "meaning", "vietnameseMeaning", "partOfSpeech", "exampleSentence", "exampleTranslation", "synonyms", "antonyms", "collocations") VALUES ('nature-plants-b2-crop', 'nature-plants-b2', E'crop', E'/krɒp/', E'/krɑːp/', E'plants grown for food', E'mùa vụ/cây trồng', 'noun', E'Harvest the crop.', E'Thu hoạch mùa vụ.', ARRAY['harvest']::text[], '{}', ARRAY['cash crop']::text[]) ON CONFLICT ("id") DO NOTHING;
INSERT INTO "VocabItem" ("id", "topicId", "word", "phonBr", "phonNAm", "meaning", "vietnameseMeaning", "partOfSpeech", "exampleSentence", "exampleTranslation", "synonyms", "antonyms", "collocations") VALUES ('nature-plants-b2-soil', 'nature-plants-b2', E'soil', E'/sɔɪl/', E'/sɔɪl/', E'earth for plants', E'đất trồng', 'noun', E'Fertile soil.', E'Đất màu mỡ.', ARRAY['earth']::text[], '{}', ARRAY['rich soil']::text[]) ON CONFLICT ("id") DO NOTHING;
INSERT INTO "VocabItem" ("id", "topicId", "word", "phonBr", "phonNAm", "meaning", "vietnameseMeaning", "partOfSpeech", "exampleSentence", "exampleTranslation", "synonyms", "antonyms", "collocations") VALUES ('nature-plants-b2-botanic', 'nature-plants-b2', E'botanic', E'/bəˈtænɪk/', E'/bəˈtænɪk/', E'relating to plants', E'thuộc thực vật', 'adjective', E'Botanic garden.', E'Vườn bách thảo.', ARRAY['botanical']::text[], '{}', ARRAY['botanic study']::text[]) ON CONFLICT ("id") DO NOTHING;
INSERT INTO "VocabItem" ("id", "topicId", "word", "phonBr", "phonNAm", "meaning", "vietnameseMeaning", "partOfSpeech", "exampleSentence", "exampleTranslation", "synonyms", "antonyms", "collocations") VALUES ('nature-plants-b2-vegetation', 'nature-plants-b2', E'vegetation', E'/ˌvedʒəˈteɪʃn/', E'/ˌvedʒəˈteɪʃn/', E'plants in general', E'thảm thực vật', 'noun', E'Dense vegetation.', E'Thảm thực vật dày đặc.', ARRAY['flora']::text[], '{}', ARRAY['local vegetation']::text[]) ON CONFLICT ("id") DO NOTHING;
INSERT INTO "VocabItem" ("id", "topicId", "word", "phonBr", "phonNAm", "meaning", "vietnameseMeaning", "partOfSpeech", "exampleSentence", "exampleTranslation", "synonyms", "antonyms", "collocations") VALUES ('nature-plants-b2-bloom', 'nature-plants-b2', E'bloom', E'/bluːm/', E'/bluːm/', E'producing flowers', E'nở hoa', 'verb', E'Roses bloom in summer.', E'Hoa hồng nở vào mùa hè.', ARRAY['flower']::text[], '{}', ARRAY['full bloom']::text[]) ON CONFLICT ("id") DO NOTHING;

-- Topic: Plants - C2 (10 words)
INSERT INTO "Topic" ("id", "title", "subtitle", "description", "level", "wordCount", "estimatedTime", "category", "subcategory", "order", "topicGroupId") VALUES ('nature-plants-c2', 'Plants - C2', 'Vocabulary about plants', 'Learn essential vocabulary about plants at C2 level.', 'C2', 10, 20, 'Nature', 'Plants', 5, 's4af04a6370612fb40141') ON CONFLICT ("id") DO NOTHING;
INSERT INTO "VocabItem" ("id", "topicId", "word", "phonBr", "phonNAm", "meaning", "vietnameseMeaning", "partOfSpeech", "exampleSentence", "exampleTranslation", "synonyms", "antonyms", "collocations") VALUES ('nature-plants-c2-photosynthesis', 'nature-plants-c2', E'photosynthesis', E'/ˌfəʊtəʊˈsɪnθəsɪs/', E'/ˌfoʊtoʊˈsɪnθəsɪs/', E'process of making food from light', E'quang hợp', 'noun', E'Photosynthesis requires light.', E'Quang hợp cần ánh sáng.', '{}', '{}', ARRAY['process of photosynthesis']::text[]) ON CONFLICT ("id") DO NOTHING;
INSERT INTO "VocabItem" ("id", "topicId", "word", "phonBr", "phonNAm", "meaning", "vietnameseMeaning", "partOfSpeech", "exampleSentence", "exampleTranslation", "synonyms", "antonyms", "collocations") VALUES ('nature-plants-c2-pollination', 'nature-plants-c2', E'pollination', E'/ˌpɒləˈneɪʃn/', E'/ˌpɑːləˈneɪʃn/', E'transfer of pollen', E'thụ phấn', 'noun', E'Insect pollination.', E'Thụ phấn nhờ côn trùng.', '{}', '{}', ARRAY['cross pollination']::text[]) ON CONFLICT ("id") DO NOTHING;
INSERT INTO "VocabItem" ("id", "topicId", "word", "phonBr", "phonNAm", "meaning", "vietnameseMeaning", "partOfSpeech", "exampleSentence", "exampleTranslation", "synonyms", "antonyms", "collocations") VALUES ('nature-plants-c2-perennial', 'nature-plants-c2', E'perennial', E'/pəˈreniəl/', E'/pəˈreniəl/', E'lasting years', E'lâu năm', 'adjective', E'Perennial plants.', E'Cây lâu năm.', ARRAY['long-lasting']::text[], ARRAY['annual']::text[], ARRAY['hardy perennial']::text[]) ON CONFLICT ("id") DO NOTHING;
INSERT INTO "VocabItem" ("id", "topicId", "word", "phonBr", "phonNAm", "meaning", "vietnameseMeaning", "partOfSpeech", "exampleSentence", "exampleTranslation", "synonyms", "antonyms", "collocations") VALUES ('nature-plants-c2-deciduous', 'nature-plants-c2', E'deciduous', E'/dɪˈsɪdʒuəs/', E'/dɪˈsɪdʒuəs/', E'losing leaves', E'rụng lá', 'adjective', E'Deciduous forest.', E'Rừng rụng lá.', '{}', ARRAY['evergreen']::text[], ARRAY['deciduous tree']::text[]) ON CONFLICT ("id") DO NOTHING;
INSERT INTO "VocabItem" ("id", "topicId", "word", "phonBr", "phonNAm", "meaning", "vietnameseMeaning", "partOfSpeech", "exampleSentence", "exampleTranslation", "synonyms", "antonyms", "collocations") VALUES ('nature-plants-c2-evergreen', 'nature-plants-c2', E'evergreen', E'/ˈevəɡriːn/', E'/ˈevərɡriːn/', E'keeping leaves', E'thường xanh', 'adjective', E'Evergreen shrub.', E'Bụi cây thường xanh.', '{}', ARRAY['deciduous']::text[], ARRAY['evergreen forest']::text[]) ON CONFLICT ("id") DO NOTHING;
INSERT INTO "VocabItem" ("id", "topicId", "word", "phonBr", "phonNAm", "meaning", "vietnameseMeaning", "partOfSpeech", "exampleSentence", "exampleTranslation", "synonyms", "antonyms", "collocations") VALUES ('nature-plants-c2-horticulture', 'nature-plants-c2', E'horticulture', E'/ˈhɔːtɪkʌltʃər/', E'/ˈhɔːrtɪkʌltʃər/', E'garden cultivation', E'nghề làm vườn', 'noun', E'Study horticulture.', E'Học nghề làm vườn.', ARRAY['gardening']::text[], '{}', ARRAY['horticulture expert']::text[]) ON CONFLICT ("id") DO NOTHING;
INSERT INTO "VocabItem" ("id", "topicId", "word", "phonBr", "phonNAm", "meaning", "vietnameseMeaning", "partOfSpeech", "exampleSentence", "exampleTranslation", "synonyms", "antonyms", "collocations") VALUES ('nature-plants-c2-foliage', 'nature-plants-c2', E'foliage', E'/ˈfəʊliɪdʒ/', E'/ˈfoʊliɪdʒ/', E'leaves of a plant', E'tán lá', 'noun', E'Green foliage.', E'Tán lá xanh.', ARRAY['leaves']::text[], '{}', ARRAY['dense foliage']::text[]) ON CONFLICT ("id") DO NOTHING;
INSERT INTO "VocabItem" ("id", "topicId", "word", "phonBr", "phonNAm", "meaning", "vietnameseMeaning", "partOfSpeech", "exampleSentence", "exampleTranslation", "synonyms", "antonyms", "collocations") VALUES ('nature-plants-c2-indigenous', 'nature-plants-c2', E'indigenous', E'/ɪnˈdɪdʒənəs/', E'/ɪnˈdɪdʒənəs/', E'native', E'bản địa', 'adjective', E'Indigenous plants.', E'Cây bản địa.', ARRAY['native']::text[], ARRAY['exotic']::text[], ARRAY['indigenous species']::text[]) ON CONFLICT ("id") DO NOTHING;
INSERT INTO "VocabItem" ("id", "topicId", "word", "phonBr", "phonNAm", "meaning", "vietnameseMeaning", "partOfSpeech", "exampleSentence", "exampleTranslation", "synonyms", "antonyms", "collocations") VALUES ('nature-plants-c2-invasive', 'nature-plants-c2', E'invasive', E'/ɪnˈveɪsɪv/', E'/ɪnˈveɪsɪv/', E'spreading harmfully', E'xâm lấn', 'adjective', E'Invasive weed.', E'Cỏ dại xâm lấn.', '{}', '{}', ARRAY['invasive species']::text[]) ON CONFLICT ("id") DO NOTHING;
INSERT INTO "VocabItem" ("id", "topicId", "word", "phonBr", "phonNAm", "meaning", "vietnameseMeaning", "partOfSpeech", "exampleSentence", "exampleTranslation", "synonyms", "antonyms", "collocations") VALUES ('nature-plants-c2-flora', 'nature-plants-c2', E'flora', E'/ˈflɔːrə/', E'/ˈflɔːrə/', E'plants of a region', E'hệ thực vật', 'noun', E'Alpine flora.', E'Hệ thực vật núi cao.', '{}', ARRAY['fauna']::text[], ARRAY['rich flora']::text[]) ON CONFLICT ("id") DO NOTHING;

-- Topic: Weather - A1 (10 words)
INSERT INTO "Topic" ("id", "title", "subtitle", "description", "level", "wordCount", "estimatedTime", "category", "subcategory", "order", "topicGroupId") VALUES ('nature-weather-a1', 'Weather - A1', 'Vocabulary about weather', 'Learn essential vocabulary about weather at A1 level.', 'A1', 10, 20, 'Nature', 'Weather', 0, 's4af04a6370612fb40141') ON CONFLICT ("id") DO NOTHING;
INSERT INTO "VocabItem" ("id", "topicId", "word", "phonBr", "phonNAm", "meaning", "vietnameseMeaning", "partOfSpeech", "exampleSentence", "exampleTranslation", "synonyms", "antonyms", "collocations") VALUES ('nature-weather-a1-sun', 'nature-weather-a1', E'sun', E'/sʌn/', E'/sʌn/', E'star warming earth', E'mặt trời', 'noun', E'The sun is hot.', E'Mặt trời rất nóng.', '{}', '{}', ARRAY['bright sun']::text[]) ON CONFLICT ("id") DO NOTHING;
INSERT INTO "VocabItem" ("id", "topicId", "word", "phonBr", "phonNAm", "meaning", "vietnameseMeaning", "partOfSpeech", "exampleSentence", "exampleTranslation", "synonyms", "antonyms", "collocations") VALUES ('nature-weather-a1-rain', 'nature-weather-a1', E'rain', E'/reɪn/', E'/reɪn/', E'water from sky', E'mưa', 'noun', E'I like rain.', E'Tôi thích mưa.', '{}', '{}', ARRAY['heavy rain']::text[]) ON CONFLICT ("id") DO NOTHING;
INSERT INTO "VocabItem" ("id", "topicId", "word", "phonBr", "phonNAm", "meaning", "vietnameseMeaning", "partOfSpeech", "exampleSentence", "exampleTranslation", "synonyms", "antonyms", "collocations") VALUES ('nature-weather-a1-snow', 'nature-weather-a1', E'snow', E'/snəʊ/', E'/snoʊ/', E'frozen rain', E'tuyết', 'noun', E'White snow.', E'Tuyết trắng.', '{}', '{}', ARRAY['heavy snow']::text[]) ON CONFLICT ("id") DO NOTHING;
INSERT INTO "VocabItem" ("id", "topicId", "word", "phonBr", "phonNAm", "meaning", "vietnameseMeaning", "partOfSpeech", "exampleSentence", "exampleTranslation", "synonyms", "antonyms", "collocations") VALUES ('nature-weather-a1-wind', 'nature-weather-a1', E'wind', E'/wɪnd/', E'/wɪnd/', E'moving air', E'gió', 'noun', E'Strong wind.', E'Gió mạnh.', '{}', '{}', ARRAY['cold wind']::text[]) ON CONFLICT ("id") DO NOTHING;
INSERT INTO "VocabItem" ("id", "topicId", "word", "phonBr", "phonNAm", "meaning", "vietnameseMeaning", "partOfSpeech", "exampleSentence", "exampleTranslation", "synonyms", "antonyms", "collocations") VALUES ('nature-weather-a1-hot', 'nature-weather-a1', E'hot', E'/hɒt/', E'/hɑːt/', E'high temperature', E'nóng', 'adjective', E'It is hot today.', E'Hôm nay trời nóng.', ARRAY['warm']::text[], ARRAY['cold']::text[], ARRAY['very hot']::text[]) ON CONFLICT ("id") DO NOTHING;
INSERT INTO "VocabItem" ("id", "topicId", "word", "phonBr", "phonNAm", "meaning", "vietnameseMeaning", "partOfSpeech", "exampleSentence", "exampleTranslation", "synonyms", "antonyms", "collocations") VALUES ('nature-weather-a1-cold', 'nature-weather-a1', E'cold', E'/kəʊld/', E'/koʊld/', E'low temperature', E'lạnh', 'adjective', E'It is cold outside.', E'Ngoài trời lạnh.', ARRAY['chilly']::text[], ARRAY['hot']::text[], ARRAY['freezing cold']::text[]) ON CONFLICT ("id") DO NOTHING;
INSERT INTO "VocabItem" ("id", "topicId", "word", "phonBr", "phonNAm", "meaning", "vietnameseMeaning", "partOfSpeech", "exampleSentence", "exampleTranslation", "synonyms", "antonyms", "collocations") VALUES ('nature-weather-a1-cloud', 'nature-weather-a1', E'cloud', E'/klaʊd/', E'/klaʊd/', E'white shape in sky', E'mây', 'noun', E'Look at the cloud.', E'Nhìn đám mây kìa.', '{}', '{}', ARRAY['dark cloud']::text[]) ON CONFLICT ("id") DO NOTHING;
INSERT INTO "VocabItem" ("id", "topicId", "word", "phonBr", "phonNAm", "meaning", "vietnameseMeaning", "partOfSpeech", "exampleSentence", "exampleTranslation", "synonyms", "antonyms", "collocations") VALUES ('nature-weather-a1-sky', 'nature-weather-a1', E'sky', E'/skaɪ/', E'/skaɪ/', E'space above earth', E'bầu trời', 'noun', E'Blue sky.', E'Bầu trời xanh.', '{}', '{}', ARRAY['clear sky']::text[]) ON CONFLICT ("id") DO NOTHING;
INSERT INTO "VocabItem" ("id", "topicId", "word", "phonBr", "phonNAm", "meaning", "vietnameseMeaning", "partOfSpeech", "exampleSentence", "exampleTranslation", "synonyms", "antonyms", "collocations") VALUES ('nature-weather-a1-weather', 'nature-weather-a1', E'weather', E'/ˈweðər/', E'/ˈweðər/', E'state of atmosphere', E'thời tiết', 'noun', E'Good weather.', E'Thời tiết tốt.', '{}', '{}', ARRAY['bad weather']::text[]) ON CONFLICT ("id") DO NOTHING;
INSERT INTO "VocabItem" ("id", "topicId", "word", "phonBr", "phonNAm", "meaning", "vietnameseMeaning", "partOfSpeech", "exampleSentence", "exampleTranslation", "synonyms", "antonyms", "collocations") VALUES ('nature-weather-a1-storm', 'nature-weather-a1', E'storm', E'/stɔːm/', E'/stɔːrm/', E'bad weather', E'bão', 'noun', E'Big storm.', E'Cơn bão lớn.', '{}', '{}', ARRAY['storm coming']::text[]) ON CONFLICT ("id") DO NOTHING;

-- Topic: Weather - B1 (10 words)
INSERT INTO "Topic" ("id", "title", "subtitle", "description", "level", "wordCount", "estimatedTime", "category", "subcategory", "order", "topicGroupId") VALUES ('nature-weather-b1', 'Weather - B1', 'Vocabulary about weather', 'Learn essential vocabulary about weather at B1 level.', 'B1', 10, 20, 'Nature', 'Weather', 2, 's4af04a6370612fb40141') ON CONFLICT ("id") DO NOTHING;
INSERT INTO "VocabItem" ("id", "topicId", "word", "phonBr", "phonNAm", "meaning", "vietnameseMeaning", "partOfSpeech", "exampleSentence", "exampleTranslation", "synonyms", "antonyms", "collocations") VALUES ('nature-weather-b1-climate', 'nature-weather-b1', E'climate', E'/ˈklaɪmət/', E'/ˈklaɪmət/', E'weather pattern', E'khí hậu', 'noun', E'Tropical climate.', E'Khí hậu nhiệt đới.', '{}', '{}', ARRAY['climate change']::text[]) ON CONFLICT ("id") DO NOTHING;
INSERT INTO "VocabItem" ("id", "topicId", "word", "phonBr", "phonNAm", "meaning", "vietnameseMeaning", "partOfSpeech", "exampleSentence", "exampleTranslation", "synonyms", "antonyms", "collocations") VALUES ('nature-weather-b1-temperature', 'nature-weather-b1', E'temperature', E'/ˈtemprətʃər/', E'/ˈtemprətʃər/', E'measure of heat', E'nhiệt độ', 'noun', E'High temperature.', E'Nhiệt độ cao.', '{}', '{}', ARRAY['room temperature']::text[]) ON CONFLICT ("id") DO NOTHING;
INSERT INTO "VocabItem" ("id", "topicId", "word", "phonBr", "phonNAm", "meaning", "vietnameseMeaning", "partOfSpeech", "exampleSentence", "exampleTranslation", "synonyms", "antonyms", "collocations") VALUES ('nature-weather-b1-lightning', 'nature-weather-b1', E'lightning', E'/ˈlaɪtnɪŋ/', E'/ˈlaɪtnɪŋ/', E'flash in sky', E'sét', 'noun', E'Thunder and lightning.', E'Sấm và sét.', '{}', '{}', ARRAY['strike of lightning']::text[]) ON CONFLICT ("id") DO NOTHING;
INSERT INTO "VocabItem" ("id", "topicId", "word", "phonBr", "phonNAm", "meaning", "vietnameseMeaning", "partOfSpeech", "exampleSentence", "exampleTranslation", "synonyms", "antonyms", "collocations") VALUES ('nature-weather-b1-fog', 'nature-weather-b1', E'fog', E'/fɒɡ/', E'/fɒɡ/', E'thick cloud low down', E'sương mù', 'noun', E'Thick fog.', E'Sương mù dày đặc.', ARRAY['mist']::text[], '{}', ARRAY['dense fog']::text[]) ON CONFLICT ("id") DO NOTHING;
INSERT INTO "VocabItem" ("id", "topicId", "word", "phonBr", "phonNAm", "meaning", "vietnameseMeaning", "partOfSpeech", "exampleSentence", "exampleTranslation", "synonyms", "antonyms", "collocations") VALUES ('nature-weather-b1-freeze', 'nature-weather-b1', E'freeze', E'/friːz/', E'/friːz/', E'turn to ice', E'đóng băng', 'verb', E'Water freezes at 0.', E'Nước đóng băng ở 0 độ.', '{}', ARRAY['melt']::text[], ARRAY['freeze over']::text[]) ON CONFLICT ("id") DO NOTHING;
INSERT INTO "VocabItem" ("id", "topicId", "word", "phonBr", "phonNAm", "meaning", "vietnameseMeaning", "partOfSpeech", "exampleSentence", "exampleTranslation", "synonyms", "antonyms", "collocations") VALUES ('nature-weather-b1-blow', 'nature-weather-b1', E'blow', E'/bləʊ/', E'/bloʊ/', E'air moving', E'thổi', 'verb', E'Wind blows.', E'Gió thổi.', '{}', '{}', ARRAY['blow hard']::text[]) ON CONFLICT ("id") DO NOTHING;
INSERT INTO "VocabItem" ("id", "topicId", "word", "phonBr", "phonNAm", "meaning", "vietnameseMeaning", "partOfSpeech", "exampleSentence", "exampleTranslation", "synonyms", "antonyms", "collocations") VALUES ('nature-weather-b1-forecast', 'nature-weather-b1', E'forecast', E'/ˈfɔːkɑːst/', E'/ˈfɔːrkæst/', E'weather prediction', E'dự báo', 'noun', E'Check the forecast.', E'Xem dự báo.', ARRAY['prediction']::text[], '{}', ARRAY['weather forecast']::text[]) ON CONFLICT ("id") DO NOTHING;
INSERT INTO "VocabItem" ("id", "topicId", "word", "phonBr", "phonNAm", "meaning", "vietnameseMeaning", "partOfSpeech", "exampleSentence", "exampleTranslation", "synonyms", "antonyms", "collocations") VALUES ('nature-weather-b1-flood', 'nature-weather-b1', E'flood', E'/flʌd/', E'/flʌd/', E'too much water', E'lũ lụt', 'noun', E'Severe flood.', E'Lũ lụt nghiêm trọng.', '{}', '{}', ARRAY['flash flood']::text[]) ON CONFLICT ("id") DO NOTHING;
INSERT INTO "VocabItem" ("id", "topicId", "word", "phonBr", "phonNAm", "meaning", "vietnameseMeaning", "partOfSpeech", "exampleSentence", "exampleTranslation", "synonyms", "antonyms", "collocations") VALUES ('nature-weather-b1-degree', 'nature-weather-b1', E'degree', E'/dɪˈɡriː/', E'/dɪˈɡriː/', E'unit of temperature', E'độ', 'noun', E'30 degrees.', E'30 độ.', '{}', '{}', ARRAY['high degree']::text[]) ON CONFLICT ("id") DO NOTHING;
INSERT INTO "VocabItem" ("id", "topicId", "word", "phonBr", "phonNAm", "meaning", "vietnameseMeaning", "partOfSpeech", "exampleSentence", "exampleTranslation", "synonyms", "antonyms", "collocations") VALUES ('nature-weather-b1-humid', 'nature-weather-b1', E'humid', E'/ˈhjuːmɪd/', E'/ˈhjuːmɪd/', E'wet air', E'ẩm ướt', 'adjective', E'Humid weather.', E'Thời tiết ẩm ướt.', ARRAY['muggy']::text[], ARRAY['dry']::text[], ARRAY['hot and humid']::text[]) ON CONFLICT ("id") DO NOTHING;

-- Topic: Weather - C2 (10 words)
INSERT INTO "Topic" ("id", "title", "subtitle", "description", "level", "wordCount", "estimatedTime", "category", "subcategory", "order", "topicGroupId") VALUES ('nature-weather-c2', 'Weather - C2', 'Vocabulary about weather', 'Learn essential vocabulary about weather at C2 level.', 'C2', 10, 20, 'Nature', 'Weather', 5, 's4af04a6370612fb40141') ON CONFLICT ("id") DO NOTHING;
INSERT INTO "VocabItem" ("id", "topicId", "word", "phonBr", "phonNAm", "meaning", "vietnameseMeaning", "partOfSpeech", "exampleSentence", "exampleTranslation", "synonyms", "antonyms", "collocations") VALUES ('nature-weather-c2-meteorology', 'nature-weather-c2', E'meteorology', E'/ˌmiːtiəˈrɒlədʒi/', E'/ˌmiːtiəˈrɑːlədʒi/', E'study of weather', E'khí tượng học', 'noun', E'Expert in meteorology.', E'Chuyên gia khí tượng.', '{}', '{}', ARRAY['meteorology department']::text[]) ON CONFLICT ("id") DO NOTHING;
INSERT INTO "VocabItem" ("id", "topicId", "word", "phonBr", "phonNAm", "meaning", "vietnameseMeaning", "partOfSpeech", "exampleSentence", "exampleTranslation", "synonyms", "antonyms", "collocations") VALUES ('nature-weather-c2-precipitation', 'nature-weather-c2', E'precipitation', E'/prɪˌsɪpɪˈteɪʃn/', E'/prɪˌsɪpɪˈteɪʃn/', E'rain or snow', E'lượng mưa/tuyết', 'noun', E'High precipitation.', E'Lượng mưa cao.', '{}', '{}', ARRAY['annual precipitation']::text[]) ON CONFLICT ("id") DO NOTHING;
INSERT INTO "VocabItem" ("id", "topicId", "word", "phonBr", "phonNAm", "meaning", "vietnameseMeaning", "partOfSpeech", "exampleSentence", "exampleTranslation", "synonyms", "antonyms", "collocations") VALUES ('nature-weather-c2-torrential', 'nature-weather-c2', E'torrential', E'/təˈrenʃl/', E'/təˈrenʃl/', E'pouring rain', E'xối xả', 'adjective', E'Torrential rain.', E'Mưa xối xả.', '{}', '{}', ARRAY['torrential downpour']::text[]) ON CONFLICT ("id") DO NOTHING;
INSERT INTO "VocabItem" ("id", "topicId", "word", "phonBr", "phonNAm", "meaning", "vietnameseMeaning", "partOfSpeech", "exampleSentence", "exampleTranslation", "synonyms", "antonyms", "collocations") VALUES ('nature-weather-c2-drought', 'nature-weather-c2', E'drought', E'/draʊt/', E'/draʊt/', E'long dry period', E'hạn hán', 'noun', E'Severe drought.', E'Hạn hán nghiêm trọng.', '{}', '{}', ARRAY['cause drought']::text[]) ON CONFLICT ("id") DO NOTHING;
INSERT INTO "VocabItem" ("id", "topicId", "word", "phonBr", "phonNAm", "meaning", "vietnameseMeaning", "partOfSpeech", "exampleSentence", "exampleTranslation", "synonyms", "antonyms", "collocations") VALUES ('nature-weather-c2-atmosphere', 'nature-weather-c2', E'atmosphere', E'/ˈætməsfɪər/', E'/ˈætməsfɪr/', E'gases around earth', E'khí quyển', 'noun', E'Upper atmosphere.', E'Tầng khí quyển trên.', '{}', '{}', ARRAY['earth atmosphere']::text[]) ON CONFLICT ("id") DO NOTHING;
INSERT INTO "VocabItem" ("id", "topicId", "word", "phonBr", "phonNAm", "meaning", "vietnameseMeaning", "partOfSpeech", "exampleSentence", "exampleTranslation", "synonyms", "antonyms", "collocations") VALUES ('nature-weather-c2-cyclone', 'nature-weather-c2', E'cyclone', E'/ˈsaɪkləʊn/', E'/ˈsaɪkloʊn/', E'violent storm', E'lốc xoáy/bão', 'noun', E'Tropical cyclone.', E'Bão nhiệt đới.', ARRAY['hurricane']::text[], '{}', ARRAY['cyclone warning']::text[]) ON CONFLICT ("id") DO NOTHING;
INSERT INTO "VocabItem" ("id", "topicId", "word", "phonBr", "phonNAm", "meaning", "vietnameseMeaning", "partOfSpeech", "exampleSentence", "exampleTranslation", "synonyms", "antonyms", "collocations") VALUES ('nature-weather-c2-tempestuous', 'nature-weather-c2', E'tempestuous', E'/temˈpestʃuəs/', E'/temˈpestʃuəs/', E'stormy', E'giông bão/dữ dội', 'adjective', E'Tempestuous weather.', E'Thời tiết giông bão.', ARRAY['stormy']::text[], ARRAY['calm']::text[], ARRAY['tempestuous sea']::text[]) ON CONFLICT ("id") DO NOTHING;
INSERT INTO "VocabItem" ("id", "topicId", "word", "phonBr", "phonNAm", "meaning", "vietnameseMeaning", "partOfSpeech", "exampleSentence", "exampleTranslation", "synonyms", "antonyms", "collocations") VALUES ('nature-weather-c2-inclement', 'nature-weather-c2', E'inclement', E'/ɪnˈklemənt/', E'/ɪnˈklemənt/', E'unpleasant cold/wet', E'khắc nghiệt', 'adjective', E'Inclement weather.', E'Thời tiết khắc nghiệt.', ARRAY['bad']::text[], ARRAY['fine']::text[], ARRAY['due to inclement']::text[]) ON CONFLICT ("id") DO NOTHING;
INSERT INTO "VocabItem" ("id", "topicId", "word", "phonBr", "phonNAm", "meaning", "vietnameseMeaning", "partOfSpeech", "exampleSentence", "exampleTranslation", "synonyms", "antonyms", "collocations") VALUES ('nature-weather-c2-barometer', 'nature-weather-c2', E'barometer', E'/bəˈrɒmɪtər/', E'/bəˈrɑːmɪtər/', E'pressure instrument', E'áp kế', 'noun', E'Barometer falling.', E'Áp kế giảm.', '{}', '{}', ARRAY['read barometer']::text[]) ON CONFLICT ("id") DO NOTHING;
INSERT INTO "VocabItem" ("id", "topicId", "word", "phonBr", "phonNAm", "meaning", "vietnameseMeaning", "partOfSpeech", "exampleSentence", "exampleTranslation", "synonyms", "antonyms", "collocations") VALUES ('nature-weather-c2-monsoon', 'nature-weather-c2', E'monsoon', E'/mɒnˈsuːn/', E'/mɑːnˈsuːn/', E'seasonal wind/rain', E'gió mùa', 'noun', E'Monsoon season.', E'Mùa gió mùa.', '{}', '{}', ARRAY['summer monsoon']::text[]) ON CONFLICT ("id") DO NOTHING;

-- Topic: Environment - B1 (10 words)
INSERT INTO "Topic" ("id", "title", "subtitle", "description", "level", "wordCount", "estimatedTime", "category", "subcategory", "order", "topicGroupId") VALUES ('nature-environment-b1', 'Environment - B1', 'Vocabulary about environment', 'Learn essential vocabulary about environment at B1 level.', 'B1', 10, 20, 'Nature', 'Environment', 2, 's4af04a6370612fb40141') ON CONFLICT ("id") DO NOTHING;
INSERT INTO "VocabItem" ("id", "topicId", "word", "phonBr", "phonNAm", "meaning", "vietnameseMeaning", "partOfSpeech", "exampleSentence", "exampleTranslation", "synonyms", "antonyms", "collocations") VALUES ('nature-environment-b1-pollution', 'nature-environment-b1', E'pollution', E'/pəˈluːʃn/', E'/pəˈluːʃn/', E'dirtying environment', E'sự ô nhiễm', 'noun', E'Air pollution.', E'Ô nhiễm không khí.', ARRAY['contamination']::text[], '{}', ARRAY['reduce pollution']::text[]) ON CONFLICT ("id") DO NOTHING;
INSERT INTO "VocabItem" ("id", "topicId", "word", "phonBr", "phonNAm", "meaning", "vietnameseMeaning", "partOfSpeech", "exampleSentence", "exampleTranslation", "synonyms", "antonyms", "collocations") VALUES ('nature-environment-b1-recycle', 'nature-environment-b1', E'recycle', E'/ˌriːˈsaɪkl/', E'/ˌriːˈsaɪkl/', E'use again', E'tái chế', 'verb', E'Recycle paper.', E'Tái chế giấy.', '{}', '{}', ARRAY['recycle bin']::text[]) ON CONFLICT ("id") DO NOTHING;
INSERT INTO "VocabItem" ("id", "topicId", "word", "phonBr", "phonNAm", "meaning", "vietnameseMeaning", "partOfSpeech", "exampleSentence", "exampleTranslation", "synonyms", "antonyms", "collocations") VALUES ('nature-environment-b1-trash', 'nature-environment-b1', E'trash', E'/træʃ/', E'/træʃ/', E'garbage', E'rác', 'noun', E'Pick up trash.', E'Nhặt rác.', ARRAY['rubbish']::text[], '{}', ARRAY['trash can']::text[]) ON CONFLICT ("id") DO NOTHING;
INSERT INTO "VocabItem" ("id", "topicId", "word", "phonBr", "phonNAm", "meaning", "vietnameseMeaning", "partOfSpeech", "exampleSentence", "exampleTranslation", "synonyms", "antonyms", "collocations") VALUES ('nature-environment-b1-plastic', 'nature-environment-b1', E'plastic', E'/ˈplæstɪk/', E'/ˈplæstɪk/', E'synthetic material', E'nhựa', 'noun', E'Plastic bottle.', E'Chai nhựa.', '{}', '{}', ARRAY['recycle plastic']::text[]) ON CONFLICT ("id") DO NOTHING;
INSERT INTO "VocabItem" ("id", "topicId", "word", "phonBr", "phonNAm", "meaning", "vietnameseMeaning", "partOfSpeech", "exampleSentence", "exampleTranslation", "synonyms", "antonyms", "collocations") VALUES ('nature-environment-b1-save', 'nature-environment-b1', E'save', E'/seɪv/', E'/seɪv/', E'protect/keep', E'tiết kiệm/bảo vệ', 'verb', E'Save the planet.', E'Bảo vệ hành tinh.', ARRAY['protect']::text[], ARRAY['waste']::text[], ARRAY['save energy']::text[]) ON CONFLICT ("id") DO NOTHING;
INSERT INTO "VocabItem" ("id", "topicId", "word", "phonBr", "phonNAm", "meaning", "vietnameseMeaning", "partOfSpeech", "exampleSentence", "exampleTranslation", "synonyms", "antonyms", "collocations") VALUES ('nature-environment-b1-energy', 'nature-environment-b1', E'energy', E'/ˈenədʒi/', E'/ˈenərdʒi/', E'power', E'năng lượng', 'noun', E'Solar energy.', E'Năng lượng mặt trời.', '{}', '{}', ARRAY['clean energy']::text[]) ON CONFLICT ("id") DO NOTHING;
INSERT INTO "VocabItem" ("id", "topicId", "word", "phonBr", "phonNAm", "meaning", "vietnameseMeaning", "partOfSpeech", "exampleSentence", "exampleTranslation", "synonyms", "antonyms", "collocations") VALUES ('nature-environment-b1-global', 'nature-environment-b1', E'global', E'/ˈɡləʊbl/', E'/ˈɡloʊbl/', E'worldwide', E'toàn cầu', 'adjective', E'Global warming.', E'Sự nóng lên toàn cầu.', ARRAY['worldwide']::text[], ARRAY['local']::text[], ARRAY['global issue']::text[]) ON CONFLICT ("id") DO NOTHING;
INSERT INTO "VocabItem" ("id", "topicId", "word", "phonBr", "phonNAm", "meaning", "vietnameseMeaning", "partOfSpeech", "exampleSentence", "exampleTranslation", "synonyms", "antonyms", "collocations") VALUES ('nature-environment-b1-disaster', 'nature-environment-b1', E'disaster', E'/dɪˈzɑːstər/', E'/dɪˈzæstər/', E'terrible event', E'thảm họa', 'noun', E'Natural disaster.', E'Thảm họa thiên nhiên.', ARRAY['catastrophe']::text[], '{}', ARRAY['avoid disaster']::text[]) ON CONFLICT ("id") DO NOTHING;
INSERT INTO "VocabItem" ("id", "topicId", "word", "phonBr", "phonNAm", "meaning", "vietnameseMeaning", "partOfSpeech", "exampleSentence", "exampleTranslation", "synonyms", "antonyms", "collocations") VALUES ('nature-environment-b1-protect', 'nature-environment-b1', E'protect', E'/prəˈtekt/', E'/prəˈtekt/', E'keep safe', E'bảo vệ', 'verb', E'Protect nature.', E'Bảo vệ thiên nhiên.', ARRAY['guard']::text[], ARRAY['harm']::text[], ARRAY['protect from']::text[]) ON CONFLICT ("id") DO NOTHING;
INSERT INTO "VocabItem" ("id", "topicId", "word", "phonBr", "phonNAm", "meaning", "vietnameseMeaning", "partOfSpeech", "exampleSentence", "exampleTranslation", "synonyms", "antonyms", "collocations") VALUES ('nature-environment-b1-environment', 'nature-environment-b1', E'environment', E'/ɪnˈvaɪrənmənt/', E'/ɪnˈvaɪrənmənt/', E'surroundings', E'môi trường', 'noun', E'Clean environment.', E'Môi trường sạch.', '{}', '{}', ARRAY['protect environment']::text[]) ON CONFLICT ("id") DO NOTHING;

-- Topic: Environment - B2 (10 words)
INSERT INTO "Topic" ("id", "title", "subtitle", "description", "level", "wordCount", "estimatedTime", "category", "subcategory", "order", "topicGroupId") VALUES ('nature-environment-b2', 'Environment - B2', 'Vocabulary about environment', 'Learn essential vocabulary about environment at B2 level.', 'B2', 10, 20, 'Nature', 'Environment', 3, 's4af04a6370612fb40141') ON CONFLICT ("id") DO NOTHING;
INSERT INTO "VocabItem" ("id", "topicId", "word", "phonBr", "phonNAm", "meaning", "vietnameseMeaning", "partOfSpeech", "exampleSentence", "exampleTranslation", "synonyms", "antonyms", "collocations") VALUES ('nature-environment-b2-sustainable', 'nature-environment-b2', E'sustainable', E'/səˈsteɪnəbl/', E'/səˈsteɪnəbl/', E'lasting long time', E'bền vững', 'adjective', E'Sustainable development.', E'Phát triển bền vững.', '{}', '{}', ARRAY['sustainable energy']::text[]) ON CONFLICT ("id") DO NOTHING;
INSERT INTO "VocabItem" ("id", "topicId", "word", "phonBr", "phonNAm", "meaning", "vietnameseMeaning", "partOfSpeech", "exampleSentence", "exampleTranslation", "synonyms", "antonyms", "collocations") VALUES ('nature-environment-b2-conservation', 'nature-environment-b2', E'conservation', E'/ˌkɒnsəˈveɪʃn/', E'/ˌkɑːnsərˈveɪʃn/', E'saving resources', E'sự bảo tồn', 'noun', E'Water conservation.', E'Bảo tồn nước.', ARRAY['preservation']::text[], '{}', ARRAY['wildlife conservation']::text[]) ON CONFLICT ("id") DO NOTHING;
INSERT INTO "VocabItem" ("id", "topicId", "word", "phonBr", "phonNAm", "meaning", "vietnameseMeaning", "partOfSpeech", "exampleSentence", "exampleTranslation", "synonyms", "antonyms", "collocations") VALUES ('nature-environment-b2-renewable', 'nature-environment-b2', E'renewable', E'/rɪˈnjuːəbl/', E'/rɪˈnuːəbl/', E'can be replaced', E'tái tạo', 'adjective', E'Renewable sources.', E'Nguồn tái tạo.', '{}', ARRAY['non-renewable']::text[], ARRAY['renewable energy']::text[]) ON CONFLICT ("id") DO NOTHING;
INSERT INTO "VocabItem" ("id", "topicId", "word", "phonBr", "phonNAm", "meaning", "vietnameseMeaning", "partOfSpeech", "exampleSentence", "exampleTranslation", "synonyms", "antonyms", "collocations") VALUES ('nature-environment-b2-emission', 'nature-environment-b2', E'emission', E'/iˈmɪʃn/', E'/iˈmɪʃn/', E'gas sent out', E'khí thải', 'noun', E'Carbon emissions.', E'Khí thải carbon.', '{}', '{}', ARRAY['reduce emission']::text[]) ON CONFLICT ("id") DO NOTHING;
INSERT INTO "VocabItem" ("id", "topicId", "word", "phonBr", "phonNAm", "meaning", "vietnameseMeaning", "partOfSpeech", "exampleSentence", "exampleTranslation", "synonyms", "antonyms", "collocations") VALUES ('nature-environment-b2-ecosystem', 'nature-environment-b2', E'ecosystem', E'/ˈiːkəʊsɪstəm/', E'/ˈiːkoʊsɪstəm/', E'biological community', E'hệ sinh thái', 'noun', E'Fragile ecosystem.', E'Hệ sinh thái mong manh.', '{}', '{}', ARRAY['marine ecosystem']::text[]) ON CONFLICT ("id") DO NOTHING;
INSERT INTO "VocabItem" ("id", "topicId", "word", "phonBr", "phonNAm", "meaning", "vietnameseMeaning", "partOfSpeech", "exampleSentence", "exampleTranslation", "synonyms", "antonyms", "collocations") VALUES ('nature-environment-b2-deforestation', 'nature-environment-b2', E'deforestation', E'/ˌdiːfɒrɪˈsteɪʃn/', E'/ˌdiːfɔːrɪˈsteɪʃn/', E'cutting down forests', E'nạn phá rừng', 'noun', E'Stop deforestation.', E'Ngừng phá rừng.', '{}', '{}', ARRAY['cause deforestation']::text[]) ON CONFLICT ("id") DO NOTHING;
INSERT INTO "VocabItem" ("id", "topicId", "word", "phonBr", "phonNAm", "meaning", "vietnameseMeaning", "partOfSpeech", "exampleSentence", "exampleTranslation", "synonyms", "antonyms", "collocations") VALUES ('nature-environment-b2-waste', 'nature-environment-b2', E'waste', E'/weɪst/', E'/weɪst/', E'unwanted material', E'rác thải/lãng phí', 'noun', E'Toxic waste.', E'Chất thải độc hại.', ARRAY['garbage']::text[], '{}', ARRAY['reduce waste']::text[]) ON CONFLICT ("id") DO NOTHING;
INSERT INTO "VocabItem" ("id", "topicId", "word", "phonBr", "phonNAm", "meaning", "vietnameseMeaning", "partOfSpeech", "exampleSentence", "exampleTranslation", "synonyms", "antonyms", "collocations") VALUES ('nature-environment-b2-resource', 'nature-environment-b2', E'resource', E'/rɪˈzɔːs/', E'/ˈriːsɔːrs/', E'useful material', E'tài nguyên', 'noun', E'Natural resources.', E'Tài nguyên thiên nhiên.', '{}', '{}', ARRAY['valuable resource']::text[]) ON CONFLICT ("id") DO NOTHING;
INSERT INTO "VocabItem" ("id", "topicId", "word", "phonBr", "phonNAm", "meaning", "vietnameseMeaning", "partOfSpeech", "exampleSentence", "exampleTranslation", "synonyms", "antonyms", "collocations") VALUES ('nature-environment-b2-organic', 'nature-environment-b2', E'organic', E'/ɔːˈɡænɪk/', E'/ɔːrˈɡænɪk/', E'natural/no chemicals', E'hữu cơ', 'adjective', E'Organic food.', E'Thực phẩm hữu cơ.', '{}', '{}', ARRAY['buy organic']::text[]) ON CONFLICT ("id") DO NOTHING;
INSERT INTO "VocabItem" ("id", "topicId", "word", "phonBr", "phonNAm", "meaning", "vietnameseMeaning", "partOfSpeech", "exampleSentence", "exampleTranslation", "synonyms", "antonyms", "collocations") VALUES ('nature-environment-b2-solar', 'nature-environment-b2', E'solar', E'/ˈsəʊlər/', E'/ˈsoʊlər/', E'from sun', E'thuộc mặt trời', 'adjective', E'Solar panel.', E'Tấm pin mặt trời.', '{}', '{}', ARRAY['solar power']::text[]) ON CONFLICT ("id") DO NOTHING;

-- Topic: Environment - C1 (10 words)
INSERT INTO "Topic" ("id", "title", "subtitle", "description", "level", "wordCount", "estimatedTime", "category", "subcategory", "order", "topicGroupId") VALUES ('nature-environment-c1', 'Environment - C1', 'Vocabulary about environment', 'Learn essential vocabulary about environment at C1 level.', 'C1', 10, 20, 'Nature', 'Environment', 4, 's4af04a6370612fb40141') ON CONFLICT ("id") DO NOTHING;
INSERT INTO "VocabItem" ("id", "topicId", "word", "phonBr", "phonNAm", "meaning", "vietnameseMeaning", "partOfSpeech", "exampleSentence", "exampleTranslation", "synonyms", "antonyms", "collocations") VALUES ('nature-environment-c1-biodiversity', 'nature-environment-c1', E'biodiversity', E'/ˌbaɪəʊdaɪˈvɜːsəti/', E'/ˌbaɪoʊdaɪˈvɜːrsəti/', E'variety of life', E'đa dạng sinh học', 'noun', E'Loss of biodiversity.', E'Mất đa dạng sinh học.', '{}', '{}', ARRAY['rich biodiversity']::text[]) ON CONFLICT ("id") DO NOTHING;
INSERT INTO "VocabItem" ("id", "topicId", "word", "phonBr", "phonNAm", "meaning", "vietnameseMeaning", "partOfSpeech", "exampleSentence", "exampleTranslation", "synonyms", "antonyms", "collocations") VALUES ('nature-environment-c1-ecological', 'nature-environment-c1', E'ecological', E'/ˌiːkəˈlɒdʒɪkl/', E'/ˌiːkəˈlɑːdʒɪkl/', E'relating to ecology', E'thuộc sinh thái', 'adjective', E'Ecological disaster.', E'Thảm họa sinh thái.', '{}', '{}', ARRAY['ecological balance']::text[]) ON CONFLICT ("id") DO NOTHING;
INSERT INTO "VocabItem" ("id", "topicId", "word", "phonBr", "phonNAm", "meaning", "vietnameseMeaning", "partOfSpeech", "exampleSentence", "exampleTranslation", "synonyms", "antonyms", "collocations") VALUES ('nature-environment-c1-contamination', 'nature-environment-c1', E'contamination', E'/kənˌtæmɪˈneɪʃn/', E'/kənˌtæmɪˈneɪʃn/', E'making dirty', E'sự nhiễm bẩn', 'noun', E'Water contamination.', E'Nhiễm bẩn nước.', ARRAY['pollution']::text[], '{}', ARRAY['avoid contamination']::text[]) ON CONFLICT ("id") DO NOTHING;
INSERT INTO "VocabItem" ("id", "topicId", "word", "phonBr", "phonNAm", "meaning", "vietnameseMeaning", "partOfSpeech", "exampleSentence", "exampleTranslation", "synonyms", "antonyms", "collocations") VALUES ('nature-environment-c1-catastrophe', 'nature-environment-c1', E'catastrophe', E'/kəˈtæstrəfi/', E'/kəˈtæstrəfi/', E'huge disaster', E'thảm khốc', 'noun', E'Environmental catastrophe.', E'Thảm họa môi trường.', ARRAY['disaster']::text[], '{}', ARRAY['avert catastrophe']::text[]) ON CONFLICT ("id") DO NOTHING;
INSERT INTO "VocabItem" ("id", "topicId", "word", "phonBr", "phonNAm", "meaning", "vietnameseMeaning", "partOfSpeech", "exampleSentence", "exampleTranslation", "synonyms", "antonyms", "collocations") VALUES ('nature-environment-c1-carbon-footprint', 'nature-environment-c1', E'carbon footprint', E'/ˈkɑːbən fʊtprɪnt/', E'/ˈkɑːrbən fʊtprɪnt/', E'impact on climate', E'dấu chân carbon', 'noun', E'Reduce carbon footprint.', E'Giảm dấu chân carbon.', '{}', '{}', ARRAY['calculate footprint']::text[]) ON CONFLICT ("id") DO NOTHING;
INSERT INTO "VocabItem" ("id", "topicId", "word", "phonBr", "phonNAm", "meaning", "vietnameseMeaning", "partOfSpeech", "exampleSentence", "exampleTranslation", "synonyms", "antonyms", "collocations") VALUES ('nature-environment-c1-glacier', 'nature-environment-c1', E'glacier', E'/ˈɡlæsiər/', E'/ˈɡleɪʃər/', E'river of ice', E'sông băng', 'noun', E'Melting glaciers.', E'Sông băng tan chảy.', '{}', '{}', ARRAY['alpine glacier']::text[]) ON CONFLICT ("id") DO NOTHING;
INSERT INTO "VocabItem" ("id", "topicId", "word", "phonBr", "phonNAm", "meaning", "vietnameseMeaning", "partOfSpeech", "exampleSentence", "exampleTranslation", "synonyms", "antonyms", "collocations") VALUES ('nature-environment-c1-extinction', 'nature-environment-c1', E'extinction', E'/ɪkˈstɪŋkʃn/', E'/ɪkˈstɪŋkʃn/', E'dying out', E'sự tuyệt chủng', 'noun', E'Face extinction.', E'Đối mặt tuyệt chủng.', '{}', '{}', ARRAY['mass extinction']::text[]) ON CONFLICT ("id") DO NOTHING;
INSERT INTO "VocabItem" ("id", "topicId", "word", "phonBr", "phonNAm", "meaning", "vietnameseMeaning", "partOfSpeech", "exampleSentence", "exampleTranslation", "synonyms", "antonyms", "collocations") VALUES ('nature-environment-c1-biodegradable', 'nature-environment-c1', E'biodegradable', E'/ˌbaɪəʊdɪˈɡreɪdəbl/', E'/ˌbaɪoʊdɪˈɡreɪdəbl/', E'breaks down naturally', E'phân hủy sinh học', 'adjective', E'Biodegradable packaging.', E'Bao bì phân hủy sinh học.', '{}', '{}', ARRAY['fully biodegradable']::text[]) ON CONFLICT ("id") DO NOTHING;
INSERT INTO "VocabItem" ("id", "topicId", "word", "phonBr", "phonNAm", "meaning", "vietnameseMeaning", "partOfSpeech", "exampleSentence", "exampleTranslation", "synonyms", "antonyms", "collocations") VALUES ('nature-environment-c1-preservation', 'nature-environment-c1', E'preservation', E'/ˌprezəˈveɪʃn/', E'/ˌprezərˈveɪʃn/', E'keeping safe', E'sự gìn giữ', 'noun', E'Forest preservation.', E'Gìn giữ rừng.', ARRAY['conservation']::text[], ARRAY['destruction']::text[], ARRAY['preservation order']::text[]) ON CONFLICT ("id") DO NOTHING;
INSERT INTO "VocabItem" ("id", "topicId", "word", "phonBr", "phonNAm", "meaning", "vietnameseMeaning", "partOfSpeech", "exampleSentence", "exampleTranslation", "synonyms", "antonyms", "collocations") VALUES ('nature-environment-c1-ozone', 'nature-environment-c1', E'ozone', E'/ˈəʊzəʊn/', E'/ˈoʊzoʊn/', E'gas layer', E'ô-zôn', 'noun', E'Ozone layer.', E'Tầng ô-zôn.', '{}', '{}', ARRAY['ozone depletion']::text[]) ON CONFLICT ("id") DO NOTHING;

-- ══════════════════════════════════════════════════
-- VOCAB: Entertainment
-- ══════════════════════════════════════════════════
INSERT INTO "TopicGroup" ("id", "name", "order", "hubType", "subcategories") VALUES ('sa88bc9a4524b307d0cc4', 'Entertainment', 6, 'vocab', ARRAY['Movies & TV','Music','Gaming','Literature']::text[]) ON CONFLICT ("name", "hubType") DO NOTHING;

-- Topic: Movies & TV - A1 (10 words)
INSERT INTO "Topic" ("id", "title", "subtitle", "description", "level", "wordCount", "estimatedTime", "category", "subcategory", "order", "topicGroupId") VALUES ('entertainment-movies-and-tv-a1', 'Movies & TV - A1', 'Vocabulary about movies & tv', 'Learn essential vocabulary about movies & tv at A1 level.', 'A1', 10, 20, 'Entertainment', 'Movies & TV', 0, 'sa88bc9a4524b307d0cc4') ON CONFLICT ("id") DO NOTHING;
INSERT INTO "VocabItem" ("id", "topicId", "word", "phonBr", "phonNAm", "meaning", "vietnameseMeaning", "partOfSpeech", "exampleSentence", "exampleTranslation", "synonyms", "antonyms", "collocations") VALUES ('entertainment-movies-and-tv-a1-film', 'entertainment-movies-and-tv-a1', E'film', E'/fɪlm/', E'/fɪlm/', E'movie', E'phim', 'noun', E'Watch a film.', E'Xem phim.', ARRAY['movie']::text[], '{}', ARRAY['good film']::text[]) ON CONFLICT ("id") DO NOTHING;
INSERT INTO "VocabItem" ("id", "topicId", "word", "phonBr", "phonNAm", "meaning", "vietnameseMeaning", "partOfSpeech", "exampleSentence", "exampleTranslation", "synonyms", "antonyms", "collocations") VALUES ('entertainment-movies-and-tv-a1-cinema', 'entertainment-movies-and-tv-a1', E'cinema', E'/ˈsɪnəmə/', E'/ˈsɪnəmə/', E'place for films', E'rạp chiếu phim', 'noun', E'Go to the cinema.', E'Đi xem phim.', ARRAY['theaters']::text[], '{}', ARRAY['local cinema']::text[]) ON CONFLICT ("id") DO NOTHING;
INSERT INTO "VocabItem" ("id", "topicId", "word", "phonBr", "phonNAm", "meaning", "vietnameseMeaning", "partOfSpeech", "exampleSentence", "exampleTranslation", "synonyms", "antonyms", "collocations") VALUES ('entertainment-movies-and-tv-a1-actor', 'entertainment-movies-and-tv-a1', E'actor', E'/ˈæktər/', E'/ˈæktər/', E'person in film', E'diễn viên nam', 'noun', E'Famous actor.', E'Diễn viên nổi tiếng.', '{}', '{}', ARRAY['best actor']::text[]) ON CONFLICT ("id") DO NOTHING;
INSERT INTO "VocabItem" ("id", "topicId", "word", "phonBr", "phonNAm", "meaning", "vietnameseMeaning", "partOfSpeech", "exampleSentence", "exampleTranslation", "synonyms", "antonyms", "collocations") VALUES ('entertainment-movies-and-tv-a1-star', 'entertainment-movies-and-tv-a1', E'star', E'/stɑːr/', E'/stɑːr/', E'famous person', E'ngôi sao', 'noun', E'Movie star.', E'Ngôi sao điện ảnh.', ARRAY['celebrity']::text[], '{}', ARRAY['pop star']::text[]) ON CONFLICT ("id") DO NOTHING;
INSERT INTO "VocabItem" ("id", "topicId", "word", "phonBr", "phonNAm", "meaning", "vietnameseMeaning", "partOfSpeech", "exampleSentence", "exampleTranslation", "synonyms", "antonyms", "collocations") VALUES ('entertainment-movies-and-tv-a1-watch', 'entertainment-movies-and-tv-a1', E'watch', E'/wɒtʃ/', E'/wɑːtʃ/', E'look at', E'xem', 'verb', E'Watch TV.', E'Xem tivi.', ARRAY['view']::text[], '{}', ARRAY['watch movie']::text[]) ON CONFLICT ("id") DO NOTHING;
INSERT INTO "VocabItem" ("id", "topicId", "word", "phonBr", "phonNAm", "meaning", "vietnameseMeaning", "partOfSpeech", "exampleSentence", "exampleTranslation", "synonyms", "antonyms", "collocations") VALUES ('entertainment-movies-and-tv-a1-show', 'entertainment-movies-and-tv-a1', E'show', E'/ʃəʊ/', E'/ʃoʊ/', E'TV program', E'chương trình', 'noun', E'Funny show.', E'Chương trình hài hước.', ARRAY['program']::text[], '{}', ARRAY['tv show']::text[]) ON CONFLICT ("id") DO NOTHING;
INSERT INTO "VocabItem" ("id", "topicId", "word", "phonBr", "phonNAm", "meaning", "vietnameseMeaning", "partOfSpeech", "exampleSentence", "exampleTranslation", "synonyms", "antonyms", "collocations") VALUES ('entertainment-movies-and-tv-a1-funny', 'entertainment-movies-and-tv-a1', E'funny', E'/ˈfʌni/', E'/ˈfʌni/', E'making laugh', E'buồn cười', 'adjective', E'It is funny.', E'Nó rất buồn cười.', ARRAY['amusing']::text[], ARRAY['sad']::text[], ARRAY['very funny']::text[]) ON CONFLICT ("id") DO NOTHING;
INSERT INTO "VocabItem" ("id", "topicId", "word", "phonBr", "phonNAm", "meaning", "vietnameseMeaning", "partOfSpeech", "exampleSentence", "exampleTranslation", "synonyms", "antonyms", "collocations") VALUES ('entertainment-movies-and-tv-a1-sad', 'entertainment-movies-and-tv-a1', E'sad', E'/sæd/', E'/sæd/', E'making cry', E'buồn', 'adjective', E'Sad movie.', E'Phim buồn.', ARRAY['unhappy']::text[], ARRAY['happy']::text[], ARRAY['feel sad']::text[]) ON CONFLICT ("id") DO NOTHING;
INSERT INTO "VocabItem" ("id", "topicId", "word", "phonBr", "phonNAm", "meaning", "vietnameseMeaning", "partOfSpeech", "exampleSentence", "exampleTranslation", "synonyms", "antonyms", "collocations") VALUES ('entertainment-movies-and-tv-a1-ticket', 'entertainment-movies-and-tv-a1', E'ticket', E'/ˈtɪkɪt/', E'/ˈtɪkɪt/', E'paper to enter', E'vé', 'noun', E'Buy a ticket.', E'Mua vé.', '{}', '{}', ARRAY['cinema ticket']::text[]) ON CONFLICT ("id") DO NOTHING;
INSERT INTO "VocabItem" ("id", "topicId", "word", "phonBr", "phonNAm", "meaning", "vietnameseMeaning", "partOfSpeech", "exampleSentence", "exampleTranslation", "synonyms", "antonyms", "collocations") VALUES ('entertainment-movies-and-tv-a1-seat', 'entertainment-movies-and-tv-a1', E'seat', E'/siːt/', E'/siːt/', E'chair', E'chỗ ngồi', 'noun', E'Take a seat.', E'Ngồi xuống.', ARRAY['chair']::text[], '{}', ARRAY['front seat']::text[]) ON CONFLICT ("id") DO NOTHING;

-- Topic: Movies & TV - B1 (10 words)
INSERT INTO "Topic" ("id", "title", "subtitle", "description", "level", "wordCount", "estimatedTime", "category", "subcategory", "order", "topicGroupId") VALUES ('entertainment-movies-and-tv-b1', 'Movies & TV - B1', 'Vocabulary about movies & tv', 'Learn essential vocabulary about movies & tv at B1 level.', 'B1', 10, 20, 'Entertainment', 'Movies & TV', 2, 'sa88bc9a4524b307d0cc4') ON CONFLICT ("id") DO NOTHING;
INSERT INTO "VocabItem" ("id", "topicId", "word", "phonBr", "phonNAm", "meaning", "vietnameseMeaning", "partOfSpeech", "exampleSentence", "exampleTranslation", "synonyms", "antonyms", "collocations") VALUES ('entertainment-movies-and-tv-b1-genre', 'entertainment-movies-and-tv-b1', E'genre', E'/ˈʒɒnrə/', E'/ˈʒɑːnrə/', E'style of art', E'thể loại', 'noun', E'Horror genre.', E'Thể loại kinh dị.', ARRAY['style']::text[], '{}', ARRAY['movie genre']::text[]) ON CONFLICT ("id") DO NOTHING;
INSERT INTO "VocabItem" ("id", "topicId", "word", "phonBr", "phonNAm", "meaning", "vietnameseMeaning", "partOfSpeech", "exampleSentence", "exampleTranslation", "synonyms", "antonyms", "collocations") VALUES ('entertainment-movies-and-tv-b1-comedy', 'entertainment-movies-and-tv-b1', E'comedy', E'/ˈkɒmədi/', E'/ˈkɑːmədi/', E'funny film', E'phim hài', 'noun', E'Romantic comedy.', E'Phim hài lãng mạn.', '{}', ARRAY['tragedy']::text[], ARRAY['watch comedy']::text[]) ON CONFLICT ("id") DO NOTHING;
INSERT INTO "VocabItem" ("id", "topicId", "word", "phonBr", "phonNAm", "meaning", "vietnameseMeaning", "partOfSpeech", "exampleSentence", "exampleTranslation", "synonyms", "antonyms", "collocations") VALUES ('entertainment-movies-and-tv-b1-drama', 'entertainment-movies-and-tv-b1', E'drama', E'/ˈdrɑːmə/', E'/ˈdrɑːmə/', E'serious film', E'phim chính kịch', 'noun', E'Family drama.', E'Phim gia đình.', '{}', '{}', ARRAY['period drama']::text[]) ON CONFLICT ("id") DO NOTHING;
INSERT INTO "VocabItem" ("id", "topicId", "word", "phonBr", "phonNAm", "meaning", "vietnameseMeaning", "partOfSpeech", "exampleSentence", "exampleTranslation", "synonyms", "antonyms", "collocations") VALUES ('entertainment-movies-and-tv-b1-scene', 'entertainment-movies-and-tv-b1', E'scene', E'/siːn/', E'/siːn/', E'part of film', E'cảnh phim', 'noun', E'Action scene.', E'Cảnh hành động.', '{}', '{}', ARRAY['opening scene']::text[]) ON CONFLICT ("id") DO NOTHING;
INSERT INTO "VocabItem" ("id", "topicId", "word", "phonBr", "phonNAm", "meaning", "vietnameseMeaning", "partOfSpeech", "exampleSentence", "exampleTranslation", "synonyms", "antonyms", "collocations") VALUES ('entertainment-movies-and-tv-b1-plot', 'entertainment-movies-and-tv-b1', E'plot', E'/plɒt/', E'/plɑːt/', E'story of film', E'cốt truyện', 'noun', E'Complex plot.', E'Cốt truyện phức tạp.', ARRAY['storyline']::text[], '{}', ARRAY['follow plot']::text[]) ON CONFLICT ("id") DO NOTHING;
INSERT INTO "VocabItem" ("id", "topicId", "word", "phonBr", "phonNAm", "meaning", "vietnameseMeaning", "partOfSpeech", "exampleSentence", "exampleTranslation", "synonyms", "antonyms", "collocations") VALUES ('entertainment-movies-and-tv-b1-character', 'entertainment-movies-and-tv-b1', E'character', E'/ˈkærəktər/', E'/ˈkærəktər/', E'person in story', E'nhân vật', 'noun', E'Main character.', E'Nhân vật chính.', '{}', '{}', ARRAY['favorite character']::text[]) ON CONFLICT ("id") DO NOTHING;
INSERT INTO "VocabItem" ("id", "topicId", "word", "phonBr", "phonNAm", "meaning", "vietnameseMeaning", "partOfSpeech", "exampleSentence", "exampleTranslation", "synonyms", "antonyms", "collocations") VALUES ('entertainment-movies-and-tv-b1-audience', 'entertainment-movies-and-tv-b1', E'audience', E'/ˈɔːdiəns/', E'/ˈɔːdiəns/', E'people watching', E'khán giả', 'noun', E'Large audience.', E'Đông đảo khán giả.', ARRAY['viewers']::text[], '{}', ARRAY['target audience']::text[]) ON CONFLICT ("id") DO NOTHING;
INSERT INTO "VocabItem" ("id", "topicId", "word", "phonBr", "phonNAm", "meaning", "vietnameseMeaning", "partOfSpeech", "exampleSentence", "exampleTranslation", "synonyms", "antonyms", "collocations") VALUES ('entertainment-movies-and-tv-b1-screenplay', 'entertainment-movies-and-tv-b1', E'screenplay', E'/ˈskriːnpleɪ/', E'/ˈskriːnpleɪ/', E'written story', E'kịch bản', 'noun', E'Write a screenplay.', E'Viết kịch bản.', ARRAY['script']::text[], '{}', ARRAY['original screenplay']::text[]) ON CONFLICT ("id") DO NOTHING;
INSERT INTO "VocabItem" ("id", "topicId", "word", "phonBr", "phonNAm", "meaning", "vietnameseMeaning", "partOfSpeech", "exampleSentence", "exampleTranslation", "synonyms", "antonyms", "collocations") VALUES ('entertainment-movies-and-tv-b1-director', 'entertainment-movies-and-tv-b1', E'director', E'/dəˈrektər/', E'/dəˈrektər/', E'person making film', E'đạo diễn', 'noun', E'Film director.', E'Đạo diễn phim.', '{}', '{}', ARRAY['famous director']::text[]) ON CONFLICT ("id") DO NOTHING;
INSERT INTO "VocabItem" ("id", "topicId", "word", "phonBr", "phonNAm", "meaning", "vietnameseMeaning", "partOfSpeech", "exampleSentence", "exampleTranslation", "synonyms", "antonyms", "collocations") VALUES ('entertainment-movies-and-tv-b1-series', 'entertainment-movies-and-tv-b1', E'series', E'/ˈsɪəriːz/', E'/ˈsɪriːz/', E'set of episodes', E'phim bộ', 'noun', E'TV series.', E'Phim truyền hình nhiều tập.', '{}', '{}', ARRAY['watch series']::text[]) ON CONFLICT ("id") DO NOTHING;

-- Topic: Movies & TV - C2 (10 words)
INSERT INTO "Topic" ("id", "title", "subtitle", "description", "level", "wordCount", "estimatedTime", "category", "subcategory", "order", "topicGroupId") VALUES ('entertainment-movies-and-tv-c2', 'Movies & TV - C2', 'Vocabulary about movies & tv', 'Learn essential vocabulary about movies & tv at C2 level.', 'C2', 10, 20, 'Entertainment', 'Movies & TV', 5, 'sa88bc9a4524b307d0cc4') ON CONFLICT ("id") DO NOTHING;
INSERT INTO "VocabItem" ("id", "topicId", "word", "phonBr", "phonNAm", "meaning", "vietnameseMeaning", "partOfSpeech", "exampleSentence", "exampleTranslation", "synonyms", "antonyms", "collocations") VALUES ('entertainment-movies-and-tv-c2-cinematography', 'entertainment-movies-and-tv-c2', E'cinematography', E'/ˌsɪnəməˈtɒɡrəfi/', E'/ˌsɪnəməˈtɑːɡrəfi/', E'art of camera work', E'nghệ thuật quay phim', 'noun', E'Stunning cinematography.', E'Kỹ thuật quay phim tuyệt đẹp.', '{}', '{}', ARRAY['director of cinematography']::text[]) ON CONFLICT ("id") DO NOTHING;
INSERT INTO "VocabItem" ("id", "topicId", "word", "phonBr", "phonNAm", "meaning", "vietnameseMeaning", "partOfSpeech", "exampleSentence", "exampleTranslation", "synonyms", "antonyms", "collocations") VALUES ('entertainment-movies-and-tv-c2-protagonist', 'entertainment-movies-and-tv-c2', E'protagonist', E'/prəˈtæɡənɪst/', E'/prəˈtæɡənɪst/', E'main character', E'nhân vật chính diện', 'noun', E'Heroic protagonist.', E'Nhân vật chính anh hùng.', ARRAY['hero']::text[], ARRAY['antagonist']::text[], ARRAY['main protagonist']::text[]) ON CONFLICT ("id") DO NOTHING;
INSERT INTO "VocabItem" ("id", "topicId", "word", "phonBr", "phonNAm", "meaning", "vietnameseMeaning", "partOfSpeech", "exampleSentence", "exampleTranslation", "synonyms", "antonyms", "collocations") VALUES ('entertainment-movies-and-tv-c2-antagonist', 'entertainment-movies-and-tv-c2', E'antagonist', E'/ænˈtæɡənɪst/', E'/ænˈtæɡənɪst/', E'villain', E'nhân vật phản diện', 'noun', E'Evil antagonist.', E'Kẻ phản diện độc ác.', ARRAY['villain']::text[], ARRAY['protagonist']::text[], ARRAY['main antagonist']::text[]) ON CONFLICT ("id") DO NOTHING;
INSERT INTO "VocabItem" ("id", "topicId", "word", "phonBr", "phonNAm", "meaning", "vietnameseMeaning", "partOfSpeech", "exampleSentence", "exampleTranslation", "synonyms", "antonyms", "collocations") VALUES ('entertainment-movies-and-tv-c2-blockbuster', 'entertainment-movies-and-tv-c2', E'blockbuster', E'/ˈblɒkbʌstər/', E'/ˈblɑːkbʌstər/', E'very popular film', E'phim bom tấn', 'noun', E'Summer blockbuster.', E'Bom tấn mùa hè.', ARRAY['hit']::text[], ARRAY['flop']::text[], ARRAY['hollywood blockbuster']::text[]) ON CONFLICT ("id") DO NOTHING;
INSERT INTO "VocabItem" ("id", "topicId", "word", "phonBr", "phonNAm", "meaning", "vietnameseMeaning", "partOfSpeech", "exampleSentence", "exampleTranslation", "synonyms", "antonyms", "collocations") VALUES ('entertainment-movies-and-tv-c2-premiere', 'entertainment-movies-and-tv-c2', E'premiere', E'/ˈpremieər/', E'/prɪˈmɪr/', E'first showing', E'buổi công chiếu', 'noun', E'World premiere.', E'Công chiếu toàn cầu.', ARRAY['debut']::text[], '{}', ARRAY['attend premiere']::text[]) ON CONFLICT ("id") DO NOTHING;
INSERT INTO "VocabItem" ("id", "topicId", "word", "phonBr", "phonNAm", "meaning", "vietnameseMeaning", "partOfSpeech", "exampleSentence", "exampleTranslation", "synonyms", "antonyms", "collocations") VALUES ('entertainment-movies-and-tv-c2-cameo', 'entertainment-movies-and-tv-c2', E'cameo', E'/ˈkæmiəʊ/', E'/ˈkæmioʊ/', E'short appearance', E'vai khách mời', 'noun', E'Celebrity cameo.', E'Sự xuất hiện của người nổi tiếng.', '{}', '{}', ARRAY['make a cameo']::text[]) ON CONFLICT ("id") DO NOTHING;
INSERT INTO "VocabItem" ("id", "topicId", "word", "phonBr", "phonNAm", "meaning", "vietnameseMeaning", "partOfSpeech", "exampleSentence", "exampleTranslation", "synonyms", "antonyms", "collocations") VALUES ('entertainment-movies-and-tv-c2-sequel', 'entertainment-movies-and-tv-c2', E'sequel', E'/ˈsiːkwəl/', E'/ˈsiːkwəl/', E'next film', E'phần tiếp theo', 'noun', E'Movie sequel.', E'Phần kế tiếp của phim.', ARRAY['follow-up']::text[], ARRAY['prequel']::text[], ARRAY['long-awaited sequel']::text[]) ON CONFLICT ("id") DO NOTHING;
INSERT INTO "VocabItem" ("id", "topicId", "word", "phonBr", "phonNAm", "meaning", "vietnameseMeaning", "partOfSpeech", "exampleSentence", "exampleTranslation", "synonyms", "antonyms", "collocations") VALUES ('entertainment-movies-and-tv-c2-prequel', 'entertainment-movies-and-tv-c2', E'prequel', E'/ˈpriːkwəl/', E'/ˈpriːkwəl/', E'film set before', E'phần tiền truyện', 'noun', E'Star Wars prequel.', E'Tiền truyện Star Wars.', '{}', ARRAY['sequel']::text[], ARRAY['planned prequel']::text[]) ON CONFLICT ("id") DO NOTHING;
INSERT INTO "VocabItem" ("id", "topicId", "word", "phonBr", "phonNAm", "meaning", "vietnameseMeaning", "partOfSpeech", "exampleSentence", "exampleTranslation", "synonyms", "antonyms", "collocations") VALUES ('entertainment-movies-and-tv-c2-climax', 'entertainment-movies-and-tv-c2', E'climax', E'/ˈklaɪmæks/', E'/ˈklaɪmæks/', E'exciting end part', E'cao trào', 'noun', E'Dramatic climax.', E'Cao trào kịch tính.', ARRAY['peak']::text[], '{}', ARRAY['reach climax']::text[]) ON CONFLICT ("id") DO NOTHING;
INSERT INTO "VocabItem" ("id", "topicId", "word", "phonBr", "phonNAm", "meaning", "vietnameseMeaning", "partOfSpeech", "exampleSentence", "exampleTranslation", "synonyms", "antonyms", "collocations") VALUES ('entertainment-movies-and-tv-c2-spoiler', 'entertainment-movies-and-tv-c2', E'spoiler', E'/ˈspɔɪlər/', E'/ˈspɔɪlər/', E'revealing ending', E'tiết lộ nội dung', 'noun', E'No spoilers!', E'Đừng tiết lộ nội dung!', '{}', '{}', ARRAY['spoiler alert']::text[]) ON CONFLICT ("id") DO NOTHING;

-- Topic: Music - A1 (10 words)
INSERT INTO "Topic" ("id", "title", "subtitle", "description", "level", "wordCount", "estimatedTime", "category", "subcategory", "order", "topicGroupId") VALUES ('entertainment-music-a1', 'Music - A1', 'Vocabulary about music', 'Learn essential vocabulary about music at A1 level.', 'A1', 10, 20, 'Entertainment', 'Music', 0, 'sa88bc9a4524b307d0cc4') ON CONFLICT ("id") DO NOTHING;
INSERT INTO "VocabItem" ("id", "topicId", "word", "phonBr", "phonNAm", "meaning", "vietnameseMeaning", "partOfSpeech", "exampleSentence", "exampleTranslation", "synonyms", "antonyms", "collocations") VALUES ('entertainment-music-a1-music', 'entertainment-music-a1', E'music', E'/ˈmjuːzɪk/', E'/ˈmjuːzɪk/', E'sounds for listening', E'âm nhạc', 'noun', E'Listen to music.', E'Nghe nhạc.', '{}', '{}', ARRAY['pop music']::text[]) ON CONFLICT ("id") DO NOTHING;
INSERT INTO "VocabItem" ("id", "topicId", "word", "phonBr", "phonNAm", "meaning", "vietnameseMeaning", "partOfSpeech", "exampleSentence", "exampleTranslation", "synonyms", "antonyms", "collocations") VALUES ('entertainment-music-a1-song', 'entertainment-music-a1', E'song', E'/sɒŋ/', E'/sɔːŋ/', E'short piece of music', E'bài hát', 'noun', E'Sing a song.', E'Hát một bài.', '{}', '{}', ARRAY['love song']::text[]) ON CONFLICT ("id") DO NOTHING;
INSERT INTO "VocabItem" ("id", "topicId", "word", "phonBr", "phonNAm", "meaning", "vietnameseMeaning", "partOfSpeech", "exampleSentence", "exampleTranslation", "synonyms", "antonyms", "collocations") VALUES ('entertainment-music-a1-sing', 'entertainment-music-a1', E'sing', E'/sɪŋ/', E'/sɪŋ/', E'make music with voice', E'hát', 'verb', E'Can you sing?', E'Bạn biết hát không?', '{}', '{}', ARRAY['sing together']::text[]) ON CONFLICT ("id") DO NOTHING;
INSERT INTO "VocabItem" ("id", "topicId", "word", "phonBr", "phonNAm", "meaning", "vietnameseMeaning", "partOfSpeech", "exampleSentence", "exampleTranslation", "synonyms", "antonyms", "collocations") VALUES ('entertainment-music-a1-band', 'entertainment-music-a1', E'band', E'/bænd/', E'/bænd/', E'group of musicians', E'ban nhạc', 'noun', E'Rock band.', E'Ban nhạc Rock.', ARRAY['group']::text[], '{}', ARRAY['live band']::text[]) ON CONFLICT ("id") DO NOTHING;
INSERT INTO "VocabItem" ("id", "topicId", "word", "phonBr", "phonNAm", "meaning", "vietnameseMeaning", "partOfSpeech", "exampleSentence", "exampleTranslation", "synonyms", "antonyms", "collocations") VALUES ('entertainment-music-a1-dance', 'entertainment-music-a1', E'dance', E'/dɑːns/', E'/dæns/', E'move to music', E'nhảy', 'verb', E'Dance with me.', E'Nhảy với tôi đi.', '{}', '{}', ARRAY['dance floor']::text[]) ON CONFLICT ("id") DO NOTHING;
INSERT INTO "VocabItem" ("id", "topicId", "word", "phonBr", "phonNAm", "meaning", "vietnameseMeaning", "partOfSpeech", "exampleSentence", "exampleTranslation", "synonyms", "antonyms", "collocations") VALUES ('entertainment-music-a1-radio', 'entertainment-music-a1', E'radio', E'/ˈreɪdiəʊ/', E'/ˈreɪdioʊ/', E'device for music', E'đài', 'noun', E'On the radio.', E'Trên đài.', '{}', '{}', ARRAY['turn on radio']::text[]) ON CONFLICT ("id") DO NOTHING;
INSERT INTO "VocabItem" ("id", "topicId", "word", "phonBr", "phonNAm", "meaning", "vietnameseMeaning", "partOfSpeech", "exampleSentence", "exampleTranslation", "synonyms", "antonyms", "collocations") VALUES ('entertainment-music-a1-loud', 'entertainment-music-a1', E'loud', E'/laʊd/', E'/laʊd/', E'big sound', E'to', 'adjective', E'Loud music.', E'Nhạc to.', ARRAY['noisy']::text[], ARRAY['quiet']::text[], ARRAY['too loud']::text[]) ON CONFLICT ("id") DO NOTHING;
INSERT INTO "VocabItem" ("id", "topicId", "word", "phonBr", "phonNAm", "meaning", "vietnameseMeaning", "partOfSpeech", "exampleSentence", "exampleTranslation", "synonyms", "antonyms", "collocations") VALUES ('entertainment-music-a1-listen', 'entertainment-music-a1', E'listen', E'/ˈlɪsn/', E'/ˈlɪsn/', E'hear with attention', E'nghe', 'verb', E'Listen to this.', E'Nghe cái này nè.', '{}', '{}', ARRAY['listen music']::text[]) ON CONFLICT ("id") DO NOTHING;
INSERT INTO "VocabItem" ("id", "topicId", "word", "phonBr", "phonNAm", "meaning", "vietnameseMeaning", "partOfSpeech", "exampleSentence", "exampleTranslation", "synonyms", "antonyms", "collocations") VALUES ('entertainment-music-a1-play', 'entertainment-music-a1', E'play', E'/pleɪ/', E'/pleɪ/', E'make music', E'chơi (nhạc)', 'verb', E'Play guitar.', E'Chơi đàn guitar.', '{}', '{}', ARRAY['play piano']::text[]) ON CONFLICT ("id") DO NOTHING;
INSERT INTO "VocabItem" ("id", "topicId", "word", "phonBr", "phonNAm", "meaning", "vietnameseMeaning", "partOfSpeech", "exampleSentence", "exampleTranslation", "synonyms", "antonyms", "collocations") VALUES ('entertainment-music-a1-star', 'entertainment-music-a1', E'star', E'/stɑːr/', E'/stɑːr/', E'famous singer', E'ngôi sao', 'noun', E'Pop star.', E'Ngôi sao nhạc Pop.', '{}', '{}', ARRAY['rock star']::text[]) ON CONFLICT ("id") DO NOTHING;

-- Topic: Music - B2 (10 words)
INSERT INTO "Topic" ("id", "title", "subtitle", "description", "level", "wordCount", "estimatedTime", "category", "subcategory", "order", "topicGroupId") VALUES ('entertainment-music-b2', 'Music - B2', 'Vocabulary about music', 'Learn essential vocabulary about music at B2 level.', 'B2', 10, 20, 'Entertainment', 'Music', 3, 'sa88bc9a4524b307d0cc4') ON CONFLICT ("id") DO NOTHING;
INSERT INTO "VocabItem" ("id", "topicId", "word", "phonBr", "phonNAm", "meaning", "vietnameseMeaning", "partOfSpeech", "exampleSentence", "exampleTranslation", "synonyms", "antonyms", "collocations") VALUES ('entertainment-music-b2-lyrics', 'entertainment-music-b2', E'lyrics', E'/ˈlɪrɪks/', E'/ˈlɪrɪks/', E'words of song', E'lời bài hát', 'noun', E'Meaningful lyrics.', E'Lời bài hát ý nghĩa.', ARRAY['words']::text[], '{}', ARRAY['write lyrics']::text[]) ON CONFLICT ("id") DO NOTHING;
INSERT INTO "VocabItem" ("id", "topicId", "word", "phonBr", "phonNAm", "meaning", "vietnameseMeaning", "partOfSpeech", "exampleSentence", "exampleTranslation", "synonyms", "antonyms", "collocations") VALUES ('entertainment-music-b2-rhythm', 'entertainment-music-b2', E'rhythm', E'/ˈrɪðəm/', E'/ˈrɪðəm/', E'beat of music', E'nhịp điệu', 'noun', E'Fast rhythm.', E'Nhịp điệu nhanh.', ARRAY['beat']::text[], '{}', ARRAY['got rhythm']::text[]) ON CONFLICT ("id") DO NOTHING;
INSERT INTO "VocabItem" ("id", "topicId", "word", "phonBr", "phonNAm", "meaning", "vietnameseMeaning", "partOfSpeech", "exampleSentence", "exampleTranslation", "synonyms", "antonyms", "collocations") VALUES ('entertainment-music-b2-melody', 'entertainment-music-b2', E'melody', E'/ˈmelədi/', E'/ˈmelədi/', E'tune', E'giai điệu', 'noun', E'Beautiful melody.', E'Giai điệu đẹp.', ARRAY['tune']::text[], '{}', ARRAY['catchy melody']::text[]) ON CONFLICT ("id") DO NOTHING;
INSERT INTO "VocabItem" ("id", "topicId", "word", "phonBr", "phonNAm", "meaning", "vietnameseMeaning", "partOfSpeech", "exampleSentence", "exampleTranslation", "synonyms", "antonyms", "collocations") VALUES ('entertainment-music-b2-instrument', 'entertainment-music-b2', E'instrument', E'/ˈɪnstrəmənt/', E'/ˈɪnstrəmənt/', E'device for music', E'nhạc cụ', 'noun', E'Musical instrument.', E'Nhạc cụ.', '{}', '{}', ARRAY['play instrument']::text[]) ON CONFLICT ("id") DO NOTHING;
INSERT INTO "VocabItem" ("id", "topicId", "word", "phonBr", "phonNAm", "meaning", "vietnameseMeaning", "partOfSpeech", "exampleSentence", "exampleTranslation", "synonyms", "antonyms", "collocations") VALUES ('entertainment-music-b2-genre', 'entertainment-music-b2', E'genre', E'/ˈʒɒnrə/', E'/ˈʒɑːnrə/', E'type of music', E'thể loại', 'noun', E'Music genre.', E'Thể loại nhạc.', ARRAY['style']::text[], '{}', ARRAY['favorite genre']::text[]) ON CONFLICT ("id") DO NOTHING;
INSERT INTO "VocabItem" ("id", "topicId", "word", "phonBr", "phonNAm", "meaning", "vietnameseMeaning", "partOfSpeech", "exampleSentence", "exampleTranslation", "synonyms", "antonyms", "collocations") VALUES ('entertainment-music-b2-composer', 'entertainment-music-b2', E'composer', E'/kəmˈpəʊzər/', E'/kəmˈpoʊzər/', E'person writing music', E'nhà soạn nhạc', 'noun', E'Classical composer.', E'Nhà soạn nhạc cổ điển.', ARRAY['writer']::text[], '{}', ARRAY['famous composer']::text[]) ON CONFLICT ("id") DO NOTHING;
INSERT INTO "VocabItem" ("id", "topicId", "word", "phonBr", "phonNAm", "meaning", "vietnameseMeaning", "partOfSpeech", "exampleSentence", "exampleTranslation", "synonyms", "antonyms", "collocations") VALUES ('entertainment-music-b2-orchestra', 'entertainment-music-b2', E'orchestra', E'/ˈɔːkɪstrə/', E'/ˈɔːrkɪstrə/', E'large music group', E'dàn nhạc', 'noun', E'Symphony orchestra.', E'Dàn nhạc giao hưởng.', '{}', '{}', ARRAY['conduct orchestra']::text[]) ON CONFLICT ("id") DO NOTHING;
INSERT INTO "VocabItem" ("id", "topicId", "word", "phonBr", "phonNAm", "meaning", "vietnameseMeaning", "partOfSpeech", "exampleSentence", "exampleTranslation", "synonyms", "antonyms", "collocations") VALUES ('entertainment-music-b2-performance', 'entertainment-music-b2', E'performance', E'/pəˈfɔːməns/', E'/pərˈfɔːrməns/', E'show', E'buổi biểu diễn', 'noun', E'Live performance.', E'Biểu diễn trực tiếp.', ARRAY['show']::text[], '{}', ARRAY['give performance']::text[]) ON CONFLICT ("id") DO NOTHING;
INSERT INTO "VocabItem" ("id", "topicId", "word", "phonBr", "phonNAm", "meaning", "vietnameseMeaning", "partOfSpeech", "exampleSentence", "exampleTranslation", "synonyms", "antonyms", "collocations") VALUES ('entertainment-music-b2-album', 'entertainment-music-b2', E'album', E'/ˈælbəm/', E'/ˈælbəm/', E'collection of songs', E'album', 'noun', E'New album.', E'Album mới.', ARRAY['record']::text[], '{}', ARRAY['debut album']::text[]) ON CONFLICT ("id") DO NOTHING;
INSERT INTO "VocabItem" ("id", "topicId", "word", "phonBr", "phonNAm", "meaning", "vietnameseMeaning", "partOfSpeech", "exampleSentence", "exampleTranslation", "synonyms", "antonyms", "collocations") VALUES ('entertainment-music-b2-track', 'entertainment-music-b2', E'track', E'/træk/', E'/træk/', E'one song', E'bản thu/bài', 'noun', E'Bonus track.', E'Bài hát tặng kèm.', ARRAY['song']::text[], '{}', ARRAY['sound track']::text[]) ON CONFLICT ("id") DO NOTHING;

-- Topic: Music - C1 (10 words)
INSERT INTO "Topic" ("id", "title", "subtitle", "description", "level", "wordCount", "estimatedTime", "category", "subcategory", "order", "topicGroupId") VALUES ('entertainment-music-c1', 'Music - C1', 'Vocabulary about music', 'Learn essential vocabulary about music at C1 level.', 'C1', 10, 20, 'Entertainment', 'Music', 4, 'sa88bc9a4524b307d0cc4') ON CONFLICT ("id") DO NOTHING;
INSERT INTO "VocabItem" ("id", "topicId", "word", "phonBr", "phonNAm", "meaning", "vietnameseMeaning", "partOfSpeech", "exampleSentence", "exampleTranslation", "synonyms", "antonyms", "collocations") VALUES ('entertainment-music-c1-acoustic', 'entertainment-music-c1', E'acoustic', E'/əˈkuːstɪk/', E'/əˈkuːstɪk/', E'not electric', E'mộc/không điện', 'adjective', E'Acoustic guitar.', E'Đàn guitar thùng.', '{}', '{}', ARRAY['acoustic session']::text[]) ON CONFLICT ("id") DO NOTHING;
INSERT INTO "VocabItem" ("id", "topicId", "word", "phonBr", "phonNAm", "meaning", "vietnameseMeaning", "partOfSpeech", "exampleSentence", "exampleTranslation", "synonyms", "antonyms", "collocations") VALUES ('entertainment-music-c1-repertoire', 'entertainment-music-c1', E'repertoire', E'/ˈrepətwɑːr/', E'/ˈrepərtwɑːr/', E'list of songs known', E'tiết mục', 'noun', E'Wide repertoire.', E'Danh mục tiết mục rộng.', '{}', '{}', ARRAY['piano repertoire']::text[]) ON CONFLICT ("id") DO NOTHING;
INSERT INTO "VocabItem" ("id", "topicId", "word", "phonBr", "phonNAm", "meaning", "vietnameseMeaning", "partOfSpeech", "exampleSentence", "exampleTranslation", "synonyms", "antonyms", "collocations") VALUES ('entertainment-music-c1-symphony', 'entertainment-music-c1', E'symphony', E'/ˈsɪmfəni/', E'/ˈsɪmfəni/', E'long piece for orchestra', E'bản giao hưởng', 'noun', E'Beethoven''s symphony.', E'Giao hưởng Beethoven.', '{}', '{}', ARRAY['ninth symphony']::text[]) ON CONFLICT ("id") DO NOTHING;
INSERT INTO "VocabItem" ("id", "topicId", "word", "phonBr", "phonNAm", "meaning", "vietnameseMeaning", "partOfSpeech", "exampleSentence", "exampleTranslation", "synonyms", "antonyms", "collocations") VALUES ('entertainment-music-c1-conductor', 'entertainment-music-c1', E'conductor', E'/kənˈdʌktər/', E'/kənˈdʌktər/', E'leader of orchestra', E'nhạc trưởng', 'noun', E'Orchestra conductor.', E'Nhạc trưởng dàn nhạc.', ARRAY['director']::text[], '{}', ARRAY['chief conductor']::text[]) ON CONFLICT ("id") DO NOTHING;
INSERT INTO "VocabItem" ("id", "topicId", "word", "phonBr", "phonNAm", "meaning", "vietnameseMeaning", "partOfSpeech", "exampleSentence", "exampleTranslation", "synonyms", "antonyms", "collocations") VALUES ('entertainment-music-c1-harmony', 'entertainment-music-c1', E'harmony', E'/ˈhɑːməni/', E'/ˈhɑːrməni/', E'pleasant sound together', E'sự hòa âm', 'noun', E'Vocal harmony.', E'Hòa âm giọng hát.', '{}', '{}', ARRAY['perfect harmony']::text[]) ON CONFLICT ("id") DO NOTHING;
INSERT INTO "VocabItem" ("id", "topicId", "word", "phonBr", "phonNAm", "meaning", "vietnameseMeaning", "partOfSpeech", "exampleSentence", "exampleTranslation", "synonyms", "antonyms", "collocations") VALUES ('entertainment-music-c1-improvisation', 'entertainment-music-c1', E'improvisation', E'/ˌɪmprəvaɪˈzeɪʃn/', E'/ˌɪmprəvaɪˈzeɪʃn/', E'making up as playing', E'sự ngẫu hứng', 'noun', E'Jazz improvisation.', E'Ngẫu hứng Jazz.', '{}', '{}', ARRAY['skillful improvisation']::text[]) ON CONFLICT ("id") DO NOTHING;
INSERT INTO "VocabItem" ("id", "topicId", "word", "phonBr", "phonNAm", "meaning", "vietnameseMeaning", "partOfSpeech", "exampleSentence", "exampleTranslation", "synonyms", "antonyms", "collocations") VALUES ('entertainment-music-c1-vocalist', 'entertainment-music-c1', E'vocalist', E'/ˈvəʊkəlɪst/', E'/ˈvoʊkəlɪst/', E'singer', E'ca sĩ (chuyên nghiệp)', 'noun', E'Lead vocalist.', E'Ca sĩ chính.', ARRAY['singer']::text[], '{}', ARRAY['backing vocalist']::text[]) ON CONFLICT ("id") DO NOTHING;
INSERT INTO "VocabItem" ("id", "topicId", "word", "phonBr", "phonNAm", "meaning", "vietnameseMeaning", "partOfSpeech", "exampleSentence", "exampleTranslation", "synonyms", "antonyms", "collocations") VALUES ('entertainment-music-c1-audition', 'entertainment-music-c1', E'audition', E'/ɔːˈdɪʃn/', E'/ɔːˈdɪʃn/', E'test for role', E'buổi thử giọng', 'noun', E'Go to an audition.', E'Đi thử giọng.', ARRAY['trial']::text[], '{}', ARRAY['pass audition']::text[]) ON CONFLICT ("id") DO NOTHING;
INSERT INTO "VocabItem" ("id", "topicId", "word", "phonBr", "phonNAm", "meaning", "vietnameseMeaning", "partOfSpeech", "exampleSentence", "exampleTranslation", "synonyms", "antonyms", "collocations") VALUES ('entertainment-music-c1-choreography', 'entertainment-music-c1', E'choreography', E'/ˌkɒriˈɒɡrəfi/', E'/ˌkɔːriˈɑːɡrəfi/', E'dance design', E'biên đạo múa', 'noun', E'Complex choreography.', E'Vũ đạo phức tạp.', '{}', '{}', ARRAY['dance choreography']::text[]) ON CONFLICT ("id") DO NOTHING;
INSERT INTO "VocabItem" ("id", "topicId", "word", "phonBr", "phonNAm", "meaning", "vietnameseMeaning", "partOfSpeech", "exampleSentence", "exampleTranslation", "synonyms", "antonyms", "collocations") VALUES ('entertainment-music-c1-anthem', 'entertainment-music-c1', E'anthem', E'/ˈænθəm/', E'/ˈænθəm/', E'important song', E'bài ca/quốc ca', 'noun', E'National anthem.', E'Quốc ca.', '{}', '{}', ARRAY['party anthem']::text[]) ON CONFLICT ("id") DO NOTHING;

-- Topic: Gaming - A2 (10 words)
INSERT INTO "Topic" ("id", "title", "subtitle", "description", "level", "wordCount", "estimatedTime", "category", "subcategory", "order", "topicGroupId") VALUES ('entertainment-gaming-a2', 'Gaming - A2', 'Vocabulary about gaming', 'Learn essential vocabulary about gaming at A2 level.', 'A2', 10, 20, 'Entertainment', 'Gaming', 1, 'sa88bc9a4524b307d0cc4') ON CONFLICT ("id") DO NOTHING;
INSERT INTO "VocabItem" ("id", "topicId", "word", "phonBr", "phonNAm", "meaning", "vietnameseMeaning", "partOfSpeech", "exampleSentence", "exampleTranslation", "synonyms", "antonyms", "collocations") VALUES ('entertainment-gaming-a2-game', 'entertainment-gaming-a2', E'game', E'/ɡeɪm/', E'/ɡeɪm/', E'fun activity', E'trò chơi', 'noun', E'Video game.', E'Trò chơi điện tử.', '{}', '{}', ARRAY['play game']::text[]) ON CONFLICT ("id") DO NOTHING;
INSERT INTO "VocabItem" ("id", "topicId", "word", "phonBr", "phonNAm", "meaning", "vietnameseMeaning", "partOfSpeech", "exampleSentence", "exampleTranslation", "synonyms", "antonyms", "collocations") VALUES ('entertainment-gaming-a2-player', 'entertainment-gaming-a2', E'player', E'/ˈpleɪər/', E'/ˈpleɪər/', E'person playing', E'người chơi', 'noun', E'Multi-player.', E'Nhiều người chơi.', ARRAY['gamer']::text[], '{}', ARRAY['best player']::text[]) ON CONFLICT ("id") DO NOTHING;
INSERT INTO "VocabItem" ("id", "topicId", "word", "phonBr", "phonNAm", "meaning", "vietnameseMeaning", "partOfSpeech", "exampleSentence", "exampleTranslation", "synonyms", "antonyms", "collocations") VALUES ('entertainment-gaming-a2-level', 'entertainment-gaming-a2', E'level', E'/ˈlevl/', E'/ˈlevl/', E'stage of game', E'cấp độ', 'noun', E'Next level.', E'Cấp độ tiếp theo.', ARRAY['stage']::text[], '{}', ARRAY['high level']::text[]) ON CONFLICT ("id") DO NOTHING;
INSERT INTO "VocabItem" ("id", "topicId", "word", "phonBr", "phonNAm", "meaning", "vietnameseMeaning", "partOfSpeech", "exampleSentence", "exampleTranslation", "synonyms", "antonyms", "collocations") VALUES ('entertainment-gaming-a2-win', 'entertainment-gaming-a2', E'win', E'/wɪn/', E'/wɪn/', E'be first/best', E'thắng', 'verb', E'Win the game.', E'Thắng trò chơi.', ARRAY['succeed']::text[], ARRAY['lose']::text[], ARRAY['win prize']::text[]) ON CONFLICT ("id") DO NOTHING;
INSERT INTO "VocabItem" ("id", "topicId", "word", "phonBr", "phonNAm", "meaning", "vietnameseMeaning", "partOfSpeech", "exampleSentence", "exampleTranslation", "synonyms", "antonyms", "collocations") VALUES ('entertainment-gaming-a2-lose', 'entertainment-gaming-a2', E'lose', E'/luːz/', E'/luːz/', E'not win', E'thua', 'verb', E'Don''t lose.', E'Đừng thua.', ARRAY['fail']::text[], ARRAY['win']::text[], ARRAY['lose game']::text[]) ON CONFLICT ("id") DO NOTHING;
INSERT INTO "VocabItem" ("id", "topicId", "word", "phonBr", "phonNAm", "meaning", "vietnameseMeaning", "partOfSpeech", "exampleSentence", "exampleTranslation", "synonyms", "antonyms", "collocations") VALUES ('entertainment-gaming-a2-score', 'entertainment-gaming-a2', E'score', E'/skɔːr/', E'/skɔːr/', E'points', E'điểm số', 'noun', E'High score.', E'Điểm cao.', ARRAY['points']::text[], '{}', ARRAY['get score']::text[]) ON CONFLICT ("id") DO NOTHING;
INSERT INTO "VocabItem" ("id", "topicId", "word", "phonBr", "phonNAm", "meaning", "vietnameseMeaning", "partOfSpeech", "exampleSentence", "exampleTranslation", "synonyms", "antonyms", "collocations") VALUES ('entertainment-gaming-a2-team', 'entertainment-gaming-a2', E'team', E'/tiːm/', E'/tiːm/', E'group playing', E'đội', 'noun', E'Join a team.', E'Gia nhập đội.', ARRAY['group']::text[], '{}', ARRAY['team work']::text[]) ON CONFLICT ("id") DO NOTHING;
INSERT INTO "VocabItem" ("id", "topicId", "word", "phonBr", "phonNAm", "meaning", "vietnameseMeaning", "partOfSpeech", "exampleSentence", "exampleTranslation", "synonyms", "antonyms", "collocations") VALUES ('entertainment-gaming-a2-fun', 'entertainment-gaming-a2', E'fun', E'/fʌn/', E'/fʌn/', E'enjoyment', E'vui vẻ', 'noun', E'Have fun.', E'Vui vẻ nhé.', ARRAY['enjoyment']::text[], '{}', ARRAY['just for fun']::text[]) ON CONFLICT ("id") DO NOTHING;
INSERT INTO "VocabItem" ("id", "topicId", "word", "phonBr", "phonNAm", "meaning", "vietnameseMeaning", "partOfSpeech", "exampleSentence", "exampleTranslation", "synonyms", "antonyms", "collocations") VALUES ('entertainment-gaming-a2-screen', 'entertainment-gaming-a2', E'screen', E'/skriːn/', E'/skriːn/', E'display', E'màn hình', 'noun', E'Look at screen.', E'Nhìn màn hình.', '{}', '{}', ARRAY['wide screen']::text[]) ON CONFLICT ("id") DO NOTHING;
INSERT INTO "VocabItem" ("id", "topicId", "word", "phonBr", "phonNAm", "meaning", "vietnameseMeaning", "partOfSpeech", "exampleSentence", "exampleTranslation", "synonyms", "antonyms", "collocations") VALUES ('entertainment-gaming-a2-online', 'entertainment-gaming-a2', E'online', E'/ˌɒnˈlaɪn/', E'/ˌɑːnˈlaɪn/', E'on internet', E'trực tuyến', 'adjective', E'Play online.', E'Chơi trực tuyến.', '{}', ARRAY['offline']::text[], ARRAY['online game']::text[]) ON CONFLICT ("id") DO NOTHING;

-- Topic: Gaming - B2 (10 words)
INSERT INTO "Topic" ("id", "title", "subtitle", "description", "level", "wordCount", "estimatedTime", "category", "subcategory", "order", "topicGroupId") VALUES ('entertainment-gaming-b2', 'Gaming - B2', 'Vocabulary about gaming', 'Learn essential vocabulary about gaming at B2 level.', 'B2', 10, 20, 'Entertainment', 'Gaming', 3, 'sa88bc9a4524b307d0cc4') ON CONFLICT ("id") DO NOTHING;
INSERT INTO "VocabItem" ("id", "topicId", "word", "phonBr", "phonNAm", "meaning", "vietnameseMeaning", "partOfSpeech", "exampleSentence", "exampleTranslation", "synonyms", "antonyms", "collocations") VALUES ('entertainment-gaming-b2-console', 'entertainment-gaming-b2', E'console', E'/ˈkɒnsəʊl/', E'/ˈkɑːnsoʊl/', E'gaming machine', E'máy chơi game', 'noun', E'Game console.', E'Máy chơi game console.', '{}', '{}', ARRAY['new console']::text[]) ON CONFLICT ("id") DO NOTHING;
INSERT INTO "VocabItem" ("id", "topicId", "word", "phonBr", "phonNAm", "meaning", "vietnameseMeaning", "partOfSpeech", "exampleSentence", "exampleTranslation", "synonyms", "antonyms", "collocations") VALUES ('entertainment-gaming-b2-graphics', 'entertainment-gaming-b2', E'graphics', E'/ˈɡræfɪks/', E'/ˈɡræfɪks/', E'images', E'đồ họa', 'noun', E'Stunning graphics.', E'Đồ họa tuyệt đẹp.', ARRAY['visuals']::text[], '{}', ARRAY['3D graphics']::text[]) ON CONFLICT ("id") DO NOTHING;
INSERT INTO "VocabItem" ("id", "topicId", "word", "phonBr", "phonNAm", "meaning", "vietnameseMeaning", "partOfSpeech", "exampleSentence", "exampleTranslation", "synonyms", "antonyms", "collocations") VALUES ('entertainment-gaming-b2-character', 'entertainment-gaming-b2', E'character', E'/ˈkærəktər/', E'/ˈkærəktər/', E'person in game', E'nhân vật', 'noun', E'Choose your character.', E'Chọn nhân vật.', ARRAY['avatar']::text[], '{}', ARRAY['game character']::text[]) ON CONFLICT ("id") DO NOTHING;
INSERT INTO "VocabItem" ("id", "topicId", "word", "phonBr", "phonNAm", "meaning", "vietnameseMeaning", "partOfSpeech", "exampleSentence", "exampleTranslation", "synonyms", "antonyms", "collocations") VALUES ('entertainment-gaming-b2-strategy', 'entertainment-gaming-b2', E'strategy', E'/ˈstrætədʒi/', E'/ˈstrætədʒi/', E'plan to win', E'chiến thuật', 'noun', E'Good strategy.', E'Chiến thuật tốt.', ARRAY['plan']::text[], '{}', ARRAY['game strategy']::text[]) ON CONFLICT ("id") DO NOTHING;
INSERT INTO "VocabItem" ("id", "topicId", "word", "phonBr", "phonNAm", "meaning", "vietnameseMeaning", "partOfSpeech", "exampleSentence", "exampleTranslation", "synonyms", "antonyms", "collocations") VALUES ('entertainment-gaming-b2-virtual', 'entertainment-gaming-b2', E'virtual', E'/ˈvɜːtʃuəl/', E'/ˈvɜːrtʃuəl/', E'computer generated', E'ảo', 'adjective', E'Virtual reality.', E'Thực tế ảo.', '{}', ARRAY['real']::text[], ARRAY['virtual world']::text[]) ON CONFLICT ("id") DO NOTHING;
INSERT INTO "VocabItem" ("id", "topicId", "word", "phonBr", "phonNAm", "meaning", "vietnameseMeaning", "partOfSpeech", "exampleSentence", "exampleTranslation", "synonyms", "antonyms", "collocations") VALUES ('entertainment-gaming-b2-controller', 'entertainment-gaming-b2', E'controller', E'/kənˈtrəʊlər/', E'/kənˈtroʊlər/', E'device to play', E'tay cầm', 'noun', E'Wireless controller.', E'Tay cầm không dây.', '{}', '{}', ARRAY['game controller']::text[]) ON CONFLICT ("id") DO NOTHING;
INSERT INTO "VocabItem" ("id", "topicId", "word", "phonBr", "phonNAm", "meaning", "vietnameseMeaning", "partOfSpeech", "exampleSentence", "exampleTranslation", "synonyms", "antonyms", "collocations") VALUES ('entertainment-gaming-b2-stream', 'entertainment-gaming-b2', E'stream', E'/striːm/', E'/striːm/', E'broadcast online', E'phát trực tiếp', 'verb', E'Stream gameplay.', E'Phát trực tiếp chơi game.', ARRAY['broadcast']::text[], '{}', ARRAY['live stream']::text[]) ON CONFLICT ("id") DO NOTHING;
INSERT INTO "VocabItem" ("id", "topicId", "word", "phonBr", "phonNAm", "meaning", "vietnameseMeaning", "partOfSpeech", "exampleSentence", "exampleTranslation", "synonyms", "antonyms", "collocations") VALUES ('entertainment-gaming-b2-esports', 'entertainment-gaming-b2', E'esports', E'/ˈiːspɔːts/', E'/ˈiːspɔːrts/', E'competitive gaming', E'thể thao điện tử', 'noun', E'Esports tournament.', E'Giải đấu thể thao điện tử.', '{}', '{}', ARRAY['pro esports']::text[]) ON CONFLICT ("id") DO NOTHING;
INSERT INTO "VocabItem" ("id", "topicId", "word", "phonBr", "phonNAm", "meaning", "vietnameseMeaning", "partOfSpeech", "exampleSentence", "exampleTranslation", "synonyms", "antonyms", "collocations") VALUES ('entertainment-gaming-b2-role-playing', 'entertainment-gaming-b2', E'role-playing', E'/ˈrəʊl pleɪɪŋ/', E'/ˈroʊl pleɪɪŋ/', E'acting as character', E'nhập vai', 'noun', E'Role-playing game (RPG).', E'Game nhập vai.', '{}', '{}', ARRAY['tabletop role-playing']::text[]) ON CONFLICT ("id") DO NOTHING;
INSERT INTO "VocabItem" ("id", "topicId", "word", "phonBr", "phonNAm", "meaning", "vietnameseMeaning", "partOfSpeech", "exampleSentence", "exampleTranslation", "synonyms", "antonyms", "collocations") VALUES ('entertainment-gaming-b2-quest', 'entertainment-gaming-b2', E'quest', E'/kwest/', E'/kwest/', E'mission', E'nhiệm vụ', 'noun', E'Complete the quest.', E'Hoàn thành nhiệm vụ.', ARRAY['mission']::text[], '{}', ARRAY['side quest']::text[]) ON CONFLICT ("id") DO NOTHING;

-- Topic: Gaming - C1 (10 words)
INSERT INTO "Topic" ("id", "title", "subtitle", "description", "level", "wordCount", "estimatedTime", "category", "subcategory", "order", "topicGroupId") VALUES ('entertainment-gaming-c1', 'Gaming - C1', 'Vocabulary about gaming', 'Learn essential vocabulary about gaming at C1 level.', 'C1', 10, 20, 'Entertainment', 'Gaming', 4, 'sa88bc9a4524b307d0cc4') ON CONFLICT ("id") DO NOTHING;
INSERT INTO "VocabItem" ("id", "topicId", "word", "phonBr", "phonNAm", "meaning", "vietnameseMeaning", "partOfSpeech", "exampleSentence", "exampleTranslation", "synonyms", "antonyms", "collocations") VALUES ('entertainment-gaming-c1-immersion', 'entertainment-gaming-c1', E'immersion', E'/ɪˈmɜːʃn/', E'/ɪˈmɜːrʒn/', E'deep involvement', E'sự nhập tâm', 'noun', E'Total immersion.', E'Sự nhập tâm hoàn toàn.', ARRAY['absorption']::text[], '{}', ARRAY['game immersion']::text[]) ON CONFLICT ("id") DO NOTHING;
INSERT INTO "VocabItem" ("id", "topicId", "word", "phonBr", "phonNAm", "meaning", "vietnameseMeaning", "partOfSpeech", "exampleSentence", "exampleTranslation", "synonyms", "antonyms", "collocations") VALUES ('entertainment-gaming-c1-mechanic', 'entertainment-gaming-c1', E'mechanic', E'/məˈkænɪk/', E'/məˈkænɪk/', E'how game works', E'cơ chế game', 'noun', E'Game mechanics.', E'Cơ chế trò chơi.', '{}', '{}', ARRAY['core mechanic']::text[]) ON CONFLICT ("id") DO NOTHING;
INSERT INTO "VocabItem" ("id", "topicId", "word", "phonBr", "phonNAm", "meaning", "vietnameseMeaning", "partOfSpeech", "exampleSentence", "exampleTranslation", "synonyms", "antonyms", "collocations") VALUES ('entertainment-gaming-c1-narrative', 'entertainment-gaming-c1', E'narrative', E'/ˈnærətɪv/', E'/ˈnærətɪv/', E'story', E'cốt truyện/tường thuật', 'noun', E'Strong narrative.', E'Cốt truyện mạnh.', ARRAY['story']::text[], '{}', ARRAY['narrative design']::text[]) ON CONFLICT ("id") DO NOTHING;
INSERT INTO "VocabItem" ("id", "topicId", "word", "phonBr", "phonNAm", "meaning", "vietnameseMeaning", "partOfSpeech", "exampleSentence", "exampleTranslation", "synonyms", "antonyms", "collocations") VALUES ('entertainment-gaming-c1-latency', 'entertainment-gaming-c1', E'latency', E'/ˈleɪtənsi/', E'/ˈleɪtənsi/', E'lag', E'độ trễ', 'noun', E'Low latency is good.', E'Độ trễ thấp thì tốt.', ARRAY['lag']::text[], '{}', ARRAY['input latency']::text[]) ON CONFLICT ("id") DO NOTHING;
INSERT INTO "VocabItem" ("id", "topicId", "word", "phonBr", "phonNAm", "meaning", "vietnameseMeaning", "partOfSpeech", "exampleSentence", "exampleTranslation", "synonyms", "antonyms", "collocations") VALUES ('entertainment-gaming-c1-glitch', 'entertainment-gaming-c1', E'glitch', E'/ɡlɪtʃ/', E'/ɡlɪtʃ/', E'small error', E'lỗi kỹ thuật nhỏ', 'noun', E'Visual glitch.', E'Lỗi hình ảnh.', ARRAY['bug']::text[], '{}', ARRAY['game glitch']::text[]) ON CONFLICT ("id") DO NOTHING;
INSERT INTO "VocabItem" ("id", "topicId", "word", "phonBr", "phonNAm", "meaning", "vietnameseMeaning", "partOfSpeech", "exampleSentence", "exampleTranslation", "synonyms", "antonyms", "collocations") VALUES ('entertainment-gaming-c1-microtransaction', 'entertainment-gaming-c1', E'microtransaction', E'/ˌmaɪkrəʊtrænˈzækʃn/', E'/ˌmaɪkroʊtrænˈzækʃn/', E'small payments', E'giao dịch nhỏ trong game', 'noun', E'Avoid microtransactions.', E'Tránh giao dịch nhỏ.', '{}', '{}', ARRAY['in-game microtransaction']::text[]) ON CONFLICT ("id") DO NOTHING;
INSERT INTO "VocabItem" ("id", "topicId", "word", "phonBr", "phonNAm", "meaning", "vietnameseMeaning", "partOfSpeech", "exampleSentence", "exampleTranslation", "synonyms", "antonyms", "collocations") VALUES ('entertainment-gaming-c1-simulator', 'entertainment-gaming-c1', E'simulator', E'/ˈsɪmjuleɪtər/', E'/ˈsɪmjuleɪtər/', E'mimic machine', E'máy mô phỏng', 'noun', E'Flight simulator.', E'Mô phỏng lái máy bay.', '{}', '{}', ARRAY['racing simulator']::text[]) ON CONFLICT ("id") DO NOTHING;
INSERT INTO "VocabItem" ("id", "topicId", "word", "phonBr", "phonNAm", "meaning", "vietnameseMeaning", "partOfSpeech", "exampleSentence", "exampleTranslation", "synonyms", "antonyms", "collocations") VALUES ('entertainment-gaming-c1-achievement', 'entertainment-gaming-c1', E'achievement', E'/əˈtʃiːvmənt/', E'/əˈtʃiːvmənt/', E'goal reached', E'thành tựu', 'noun', E'Unlock achievement.', E'Mở khóa thành tựu.', ARRAY['accomplishment']::text[], '{}', ARRAY['rare achievement']::text[]) ON CONFLICT ("id") DO NOTHING;
INSERT INTO "VocabItem" ("id", "topicId", "word", "phonBr", "phonNAm", "meaning", "vietnameseMeaning", "partOfSpeech", "exampleSentence", "exampleTranslation", "synonyms", "antonyms", "collocations") VALUES ('entertainment-gaming-c1-augmented', 'entertainment-gaming-c1', E'augmented', E'/ɔːɡˈmentɪd/', E'/ɔːɡˈmentɪd/', E'added to', E'tăng cường', 'adjective', E'Augmented reality.', E'Thực tế tăng cường (AR).', '{}', '{}', ARRAY['augmented vision']::text[]) ON CONFLICT ("id") DO NOTHING;
INSERT INTO "VocabItem" ("id", "topicId", "word", "phonBr", "phonNAm", "meaning", "vietnameseMeaning", "partOfSpeech", "exampleSentence", "exampleTranslation", "synonyms", "antonyms", "collocations") VALUES ('entertainment-gaming-c1-sandbox', 'entertainment-gaming-c1', E'sandbox', E'/ˈsændbɒks/', E'/ˈsændbɑːks/', E'open worl play', E'thế giới mở/tự do', 'noun', E'Sandbox game.', E'Game thế giới mở.', '{}', '{}', ARRAY['sandbox mode']::text[]) ON CONFLICT ("id") DO NOTHING;

-- Topic: Literature - B1 (10 words)
INSERT INTO "Topic" ("id", "title", "subtitle", "description", "level", "wordCount", "estimatedTime", "category", "subcategory", "order", "topicGroupId") VALUES ('entertainment-literature-b1', 'Literature - B1', 'Vocabulary about literature', 'Learn essential vocabulary about literature at B1 level.', 'B1', 10, 20, 'Entertainment', 'Literature', 2, 'sa88bc9a4524b307d0cc4') ON CONFLICT ("id") DO NOTHING;
INSERT INTO "VocabItem" ("id", "topicId", "word", "phonBr", "phonNAm", "meaning", "vietnameseMeaning", "partOfSpeech", "exampleSentence", "exampleTranslation", "synonyms", "antonyms", "collocations") VALUES ('entertainment-literature-b1-novel', 'entertainment-literature-b1', E'novel', E'/ˈnɒvl/', E'/ˈnɑːvl/', E'long story book', E'tiểu thuyết', 'noun', E'Read a novel.', E'Đọc tiểu thuyết.', ARRAY['book']::text[], '{}', ARRAY['classic novel']::text[]) ON CONFLICT ("id") DO NOTHING;
INSERT INTO "VocabItem" ("id", "topicId", "word", "phonBr", "phonNAm", "meaning", "vietnameseMeaning", "partOfSpeech", "exampleSentence", "exampleTranslation", "synonyms", "antonyms", "collocations") VALUES ('entertainment-literature-b1-author', 'entertainment-literature-b1', E'author', E'/ˈɔːθər/', E'/ˈɔːθər/', E'writer', E'tác giả', 'noun', E'Favorite author.', E'Tác giả yêu thích.', ARRAY['writer']::text[], '{}', ARRAY['famous author']::text[]) ON CONFLICT ("id") DO NOTHING;
INSERT INTO "VocabItem" ("id", "topicId", "word", "phonBr", "phonNAm", "meaning", "vietnameseMeaning", "partOfSpeech", "exampleSentence", "exampleTranslation", "synonyms", "antonyms", "collocations") VALUES ('entertainment-literature-b1-chapter', 'entertainment-literature-b1', E'chapter', E'/ˈtʃæptər/', E'/ˈtʃæptər/', E'part of book', E'chương', 'noun', E'Chapter one.', E'Chương một.', ARRAY['section']::text[], '{}', ARRAY['final chapter']::text[]) ON CONFLICT ("id") DO NOTHING;
INSERT INTO "VocabItem" ("id", "topicId", "word", "phonBr", "phonNAm", "meaning", "vietnameseMeaning", "partOfSpeech", "exampleSentence", "exampleTranslation", "synonyms", "antonyms", "collocations") VALUES ('entertainment-literature-b1-fiction', 'entertainment-literature-b1', E'fiction', E'/ˈfɪkʃn/', E'/ˈfɪkʃn/', E'not true story', E'hư cấu', 'noun', E'Science fiction.', E'Khoa học viễn tưởng.', ARRAY['story']::text[], ARRAY['non-fiction']::text[], ARRAY['work of fiction']::text[]) ON CONFLICT ("id") DO NOTHING;
INSERT INTO "VocabItem" ("id", "topicId", "word", "phonBr", "phonNAm", "meaning", "vietnameseMeaning", "partOfSpeech", "exampleSentence", "exampleTranslation", "synonyms", "antonyms", "collocations") VALUES ('entertainment-literature-b1-poetry', 'entertainment-literature-b1', E'poetry', E'/ˈpəʊətri/', E'/ˈpoʊətri/', E'poems', E'thơ ca', 'noun', E'Love poetry.', E'Thơ tình.', ARRAY['verse']::text[], '{}', ARRAY['write poetry']::text[]) ON CONFLICT ("id") DO NOTHING;
INSERT INTO "VocabItem" ("id", "topicId", "word", "phonBr", "phonNAm", "meaning", "vietnameseMeaning", "partOfSpeech", "exampleSentence", "exampleTranslation", "synonyms", "antonyms", "collocations") VALUES ('entertainment-literature-b1-poem', 'entertainment-literature-b1', E'poem', E'/ˈpəʊɪm/', E'/ˈpoʊəm/', E'piece of poetry', E'bài thơ', 'noun', E'Read a poem.', E'Đọc một bài thơ.', ARRAY['verse']::text[], '{}', ARRAY['short poem']::text[]) ON CONFLICT ("id") DO NOTHING;
INSERT INTO "VocabItem" ("id", "topicId", "word", "phonBr", "phonNAm", "meaning", "vietnameseMeaning", "partOfSpeech", "exampleSentence", "exampleTranslation", "synonyms", "antonyms", "collocations") VALUES ('entertainment-literature-b1-library', 'entertainment-literature-b1', E'library', E'/ˈlaɪbrəri/', E'/ˈlaɪbreri/', E'place for books', E'thư viện', 'noun', E'Go to library.', E'Đến thư viện.', '{}', '{}', ARRAY['public library']::text[]) ON CONFLICT ("id") DO NOTHING;
INSERT INTO "VocabItem" ("id", "topicId", "word", "phonBr", "phonNAm", "meaning", "vietnameseMeaning", "partOfSpeech", "exampleSentence", "exampleTranslation", "synonyms", "antonyms", "collocations") VALUES ('entertainment-literature-b1-publish', 'entertainment-literature-b1', E'publish', E'/ˈpʌblɪʃ/', E'/ˈpʌblɪʃ/', E'make book available', E'xuất bản', 'verb', E'Publish a book.', E'Xuất bản sách.', ARRAY['print']::text[], '{}', ARRAY['get published']::text[]) ON CONFLICT ("id") DO NOTHING;
INSERT INTO "VocabItem" ("id", "topicId", "word", "phonBr", "phonNAm", "meaning", "vietnameseMeaning", "partOfSpeech", "exampleSentence", "exampleTranslation", "synonyms", "antonyms", "collocations") VALUES ('entertainment-literature-b1-hero', 'entertainment-literature-b1', E'hero', E'/ˈhɪərəʊ/', E'/ˈhɪroʊ/', E'main brave person', E'người hùng', 'noun', E'Comic book hero.', E'Người hùng truyện tranh.', ARRAY['protagonist']::text[], ARRAY['villain']::text[], ARRAY['super hero']::text[]) ON CONFLICT ("id") DO NOTHING;
INSERT INTO "VocabItem" ("id", "topicId", "word", "phonBr", "phonNAm", "meaning", "vietnameseMeaning", "partOfSpeech", "exampleSentence", "exampleTranslation", "synonyms", "antonyms", "collocations") VALUES ('entertainment-literature-b1-imagination', 'entertainment-literature-b1', E'imagination', E'/ɪˌmædʒɪˈneɪʃn/', E'/ɪˌmædʒɪˈneɪʃn/', E'mind creativity', E'trí tưởng tượng', 'noun', E'Use imagination.', E'Dùng trí tưởng tượng.', '{}', '{}', ARRAY['vivid imagination']::text[]) ON CONFLICT ("id") DO NOTHING;

-- Topic: Literature - B2 (10 words)
INSERT INTO "Topic" ("id", "title", "subtitle", "description", "level", "wordCount", "estimatedTime", "category", "subcategory", "order", "topicGroupId") VALUES ('entertainment-literature-b2', 'Literature - B2', 'Vocabulary about literature', 'Learn essential vocabulary about literature at B2 level.', 'B2', 10, 20, 'Entertainment', 'Literature', 3, 'sa88bc9a4524b307d0cc4') ON CONFLICT ("id") DO NOTHING;
INSERT INTO "VocabItem" ("id", "topicId", "word", "phonBr", "phonNAm", "meaning", "vietnameseMeaning", "partOfSpeech", "exampleSentence", "exampleTranslation", "synonyms", "antonyms", "collocations") VALUES ('entertainment-literature-b2-biography', 'entertainment-literature-b2', E'biography', E'/baɪˈɒɡrəfi/', E'/baɪˈɑːɡrəfi/', E'life story', E'tiểu sử', 'noun', E'Write a biography.', E'Viết tiểu sử.', ARRAY['life story']::text[], '{}', ARRAY['autobiography']::text[]) ON CONFLICT ("id") DO NOTHING;
INSERT INTO "VocabItem" ("id", "topicId", "word", "phonBr", "phonNAm", "meaning", "vietnameseMeaning", "partOfSpeech", "exampleSentence", "exampleTranslation", "synonyms", "antonyms", "collocations") VALUES ('entertainment-literature-b2-mystery', 'entertainment-literature-b2', E'mystery', E'/ˈmɪstri/', E'/ˈmɪstri/', E'secret story', E'bí ẩn/trinh thám', 'noun', E'Murder mystery.', E'Truyện trinh thám giết người.', ARRAY['puzzle']::text[], '{}', ARRAY['solve mystery']::text[]) ON CONFLICT ("id") DO NOTHING;
INSERT INTO "VocabItem" ("id", "topicId", "word", "phonBr", "phonNAm", "meaning", "vietnameseMeaning", "partOfSpeech", "exampleSentence", "exampleTranslation", "synonyms", "antonyms", "collocations") VALUES ('entertainment-literature-b2-fantasy', 'entertainment-literature-b2', E'fantasy', E'/ˈfæntəsi/', E'/ˈfæntəsi/', E'magic story', E'kỳ ảo', 'noun', E'Fantasy novel.', E'Tiểu thuyết kỳ ảo.', '{}', ARRAY['reality']::text[], ARRAY['high fantasy']::text[]) ON CONFLICT ("id") DO NOTHING;
INSERT INTO "VocabItem" ("id", "topicId", "word", "phonBr", "phonNAm", "meaning", "vietnameseMeaning", "partOfSpeech", "exampleSentence", "exampleTranslation", "synonyms", "antonyms", "collocations") VALUES ('entertainment-literature-b2-prose', 'entertainment-literature-b2', E'prose', E'/prəʊz/', E'/proʊz/', E'normal writing', E'văn xuôi', 'noun', E'Poetry and prose.', E'Thơ và văn xuôi.', '{}', ARRAY['poetry']::text[], ARRAY['purple prose']::text[]) ON CONFLICT ("id") DO NOTHING;
INSERT INTO "VocabItem" ("id", "topicId", "word", "phonBr", "phonNAm", "meaning", "vietnameseMeaning", "partOfSpeech", "exampleSentence", "exampleTranslation", "synonyms", "antonyms", "collocations") VALUES ('entertainment-literature-b2-narrative', 'entertainment-literature-b2', E'narrative', E'/ˈnærətɪv/', E'/ˈnærətɪv/', E'story telling', E'tường thuật', 'noun', E'First-person narrative.', E'Kể chuyện ngôi thứ nhất.', ARRAY['story']::text[], '{}', ARRAY['narrative style']::text[]) ON CONFLICT ("id") DO NOTHING;
INSERT INTO "VocabItem" ("id", "topicId", "word", "phonBr", "phonNAm", "meaning", "vietnameseMeaning", "partOfSpeech", "exampleSentence", "exampleTranslation", "synonyms", "antonyms", "collocations") VALUES ('entertainment-literature-b2-editor', 'entertainment-literature-b2', E'editor', E'/ˈedɪtər/', E'/ˈedɪtər/', E'person checking text', E'biên tập viên', 'noun', E'Book editor.', E'Biên tập viên sách.', '{}', '{}', ARRAY['chief editor']::text[]) ON CONFLICT ("id") DO NOTHING;
INSERT INTO "VocabItem" ("id", "topicId", "word", "phonBr", "phonNAm", "meaning", "vietnameseMeaning", "partOfSpeech", "exampleSentence", "exampleTranslation", "synonyms", "antonyms", "collocations") VALUES ('entertainment-literature-b2-bestseller', 'entertainment-literature-b2', E'bestseller', E'/ˌbestˈselər/', E'/ˌbestˈselər/', E'very popular book', E'sách bán chạy', 'noun', E'New York Times bestseller.', E'Sách bán chạy NYT.', ARRAY['hit']::text[], '{}', ARRAY['international bestseller']::text[]) ON CONFLICT ("id") DO NOTHING;
INSERT INTO "VocabItem" ("id", "topicId", "word", "phonBr", "phonNAm", "meaning", "vietnameseMeaning", "partOfSpeech", "exampleSentence", "exampleTranslation", "synonyms", "antonyms", "collocations") VALUES ('entertainment-literature-b2-classic', 'entertainment-literature-b2', E'classic', E'/ˈklæsɪk/', E'/ˈklæsɪk/', E'old and good', E'cổ điển', 'adjective', E'Classic literature.', E'Văn học cổ điển.', '{}', '{}', ARRAY['modern classic']::text[]) ON CONFLICT ("id") DO NOTHING;
INSERT INTO "VocabItem" ("id", "topicId", "word", "phonBr", "phonNAm", "meaning", "vietnameseMeaning", "partOfSpeech", "exampleSentence", "exampleTranslation", "synonyms", "antonyms", "collocations") VALUES ('entertainment-literature-b2-literacy', 'entertainment-literature-b2', E'literacy', E'/ˈlɪtərəsi/', E'/ˈlɪtərəsi/', E'ability to read', E'biết đọc viết', 'noun', E'Literacy rate.', E'Tỷ lệ biết chữ.', '{}', ARRAY['illiteracy']::text[], ARRAY['promote literacy']::text[]) ON CONFLICT ("id") DO NOTHING;
INSERT INTO "VocabItem" ("id", "topicId", "word", "phonBr", "phonNAm", "meaning", "vietnameseMeaning", "partOfSpeech", "exampleSentence", "exampleTranslation", "synonyms", "antonyms", "collocations") VALUES ('entertainment-literature-b2-metaphor', 'entertainment-literature-b2', E'metaphor', E'/ˈmetəfə(r)/', E'/ˈmetəfɔːr/', E'comparison', E'phép ẩn dụ', 'noun', E'Use a metaphor.', E'Dùng phép ẩn dụ.', '{}', '{}', ARRAY['mixed metaphor']::text[]) ON CONFLICT ("id") DO NOTHING;

-- Topic: Literature - C2 (10 words)
INSERT INTO "Topic" ("id", "title", "subtitle", "description", "level", "wordCount", "estimatedTime", "category", "subcategory", "order", "topicGroupId") VALUES ('entertainment-literature-c2', 'Literature - C2', 'Vocabulary about literature', 'Learn essential vocabulary about literature at C2 level.', 'C2', 10, 20, 'Entertainment', 'Literature', 5, 'sa88bc9a4524b307d0cc4') ON CONFLICT ("id") DO NOTHING;
INSERT INTO "VocabItem" ("id", "topicId", "word", "phonBr", "phonNAm", "meaning", "vietnameseMeaning", "partOfSpeech", "exampleSentence", "exampleTranslation", "synonyms", "antonyms", "collocations") VALUES ('entertainment-literature-c2-anthology', 'entertainment-literature-c2', E'anthology', E'/ænˈθɒlədʒi/', E'/ænˈθɑːlədʒi/', E'collection of writings', E'tuyển tập', 'noun', E'Poetry anthology.', E'Tuyển tập thơ.', ARRAY['collection']::text[], '{}', ARRAY['literary anthology']::text[]) ON CONFLICT ("id") DO NOTHING;
INSERT INTO "VocabItem" ("id", "topicId", "word", "phonBr", "phonNAm", "meaning", "vietnameseMeaning", "partOfSpeech", "exampleSentence", "exampleTranslation", "synonyms", "antonyms", "collocations") VALUES ('entertainment-literature-c2-manuscript', 'entertainment-literature-c2', E'manuscript', E'/ˈmænjuskrɪpt/', E'/ˈmænjuskrɪpt/', E'unpublished book', E'bản thảo', 'noun', E'Submit manuscript.', E'Nộp bản thảo.', ARRAY['draft']::text[], '{}', ARRAY['original manuscript']::text[]) ON CONFLICT ("id") DO NOTHING;
INSERT INTO "VocabItem" ("id", "topicId", "word", "phonBr", "phonNAm", "meaning", "vietnameseMeaning", "partOfSpeech", "exampleSentence", "exampleTranslation", "synonyms", "antonyms", "collocations") VALUES ('entertainment-literature-c2-pseudonym', 'entertainment-literature-c2', E'pseudonym', E'/ˈsuːdənɪm/', E'/ˈsuːdənɪm/', E'fake name', E'bút danh', 'noun', E'Write under a pseudonym.', E'Viết dưới bút danh.', ARRAY['pen name']::text[], '{}', ARRAY['use pseudonym']::text[]) ON CONFLICT ("id") DO NOTHING;
INSERT INTO "VocabItem" ("id", "topicId", "word", "phonBr", "phonNAm", "meaning", "vietnameseMeaning", "partOfSpeech", "exampleSentence", "exampleTranslation", "synonyms", "antonyms", "collocations") VALUES ('entertainment-literature-c2-critique', 'entertainment-literature-c2', E'critique', E'/krɪˈtiːk/', E'/krɪˈtiːk/', E'detailed analysis', E'bài phê bình', 'noun', E'Literary critique.', E'Phê bình văn học.', ARRAY['review']::text[], '{}', ARRAY['write critique']::text[]) ON CONFLICT ("id") DO NOTHING;
INSERT INTO "VocabItem" ("id", "topicId", "word", "phonBr", "phonNAm", "meaning", "vietnameseMeaning", "partOfSpeech", "exampleSentence", "exampleTranslation", "synonyms", "antonyms", "collocations") VALUES ('entertainment-literature-c2-satire', 'entertainment-literature-c2', E'satire', E'/ˈsætaɪər/', E'/ˈsætaɪər/', E'humor to criticize', E'châm biếm', 'noun', E'Political satire.', E'Châm biếm chính trị.', ARRAY['parody']::text[], '{}', ARRAY['biting satire']::text[]) ON CONFLICT ("id") DO NOTHING;
INSERT INTO "VocabItem" ("id", "topicId", "word", "phonBr", "phonNAm", "meaning", "vietnameseMeaning", "partOfSpeech", "exampleSentence", "exampleTranslation", "synonyms", "antonyms", "collocations") VALUES ('entertainment-literature-c2-allegory', 'entertainment-literature-c2', E'allegory', E'/ˈæləɡəri/', E'/ˈæləɡɔːri/', E'story with hidden meaning', E'truyện ngụ ngôn/ẩn dụ', 'noun', E'Political allegory.', E'Ẩn dụ chính trị.', ARRAY['symbol']::text[], '{}', ARRAY['complex allegory']::text[]) ON CONFLICT ("id") DO NOTHING;
INSERT INTO "VocabItem" ("id", "topicId", "word", "phonBr", "phonNAm", "meaning", "vietnameseMeaning", "partOfSpeech", "exampleSentence", "exampleTranslation", "synonyms", "antonyms", "collocations") VALUES ('entertainment-literature-c2-memoir', 'entertainment-literature-c2', E'memoir', E'/ˈmemwɑːr/', E'/ˈmemwɑːr/', E'personal record', E'hồi ký', 'noun', E'Write a memoir.', E'Viết hồi ký.', ARRAY['autobiography']::text[], '{}', ARRAY['war memoir']::text[]) ON CONFLICT ("id") DO NOTHING;
INSERT INTO "VocabItem" ("id", "topicId", "word", "phonBr", "phonNAm", "meaning", "vietnameseMeaning", "partOfSpeech", "exampleSentence", "exampleTranslation", "synonyms", "antonyms", "collocations") VALUES ('entertainment-literature-c2-plagiarism', 'entertainment-literature-c2', E'plagiarism', E'/ˈpleɪdʒərɪzəm/', E'/ˈpleɪdʒərɪzəm/', E'copying writing', E'đạo văn', 'noun', E'Accused of plagiarism.', E'Bị buộc tội đạo văn.', ARRAY['copying']::text[], '{}', ARRAY['avoid plagiarism']::text[]) ON CONFLICT ("id") DO NOTHING;
INSERT INTO "VocabItem" ("id", "topicId", "word", "phonBr", "phonNAm", "meaning", "vietnameseMeaning", "partOfSpeech", "exampleSentence", "exampleTranslation", "synonyms", "antonyms", "collocations") VALUES ('entertainment-literature-c2-syntax', 'entertainment-literature-c2', E'syntax', E'/ˈsɪntæks/', E'/ˈsɪntæks/', E'sentence structure', E'cú pháp', 'noun', E'Complex syntax.', E'Cú pháp phức tạp.', ARRAY['grammar']::text[], '{}', ARRAY['syntax error']::text[]) ON CONFLICT ("id") DO NOTHING;
INSERT INTO "VocabItem" ("id", "topicId", "word", "phonBr", "phonNAm", "meaning", "vietnameseMeaning", "partOfSpeech", "exampleSentence", "exampleTranslation", "synonyms", "antonyms", "collocations") VALUES ('entertainment-literature-c2-vernacular', 'entertainment-literature-c2', E'vernacular', E'/vəˈnækjələ(r)/', E'/vərˈnækjələr/', E'everyday language', E'ngôn ngữ bản địa/bình dân', 'noun', E'Local vernacular.', E'Tiếng địa phương.', ARRAY['dialect']::text[], '{}', ARRAY['speak vernacular']::text[]) ON CONFLICT ("id") DO NOTHING;

-- ══════════════════════════════════════════════════
-- VOCAB: Education
-- ══════════════════════════════════════════════════
INSERT INTO "TopicGroup" ("id", "name", "order", "hubType", "subcategories") VALUES ('se86f42d61455526d69f7', 'Education', 7, 'vocab', ARRAY['School Life','Higher Education','Exams & Tests','Teaching & Learning']::text[]) ON CONFLICT ("name", "hubType") DO NOTHING;

-- Topic: School Life - A1 (8 words)
INSERT INTO "Topic" ("id", "title", "subtitle", "description", "level", "wordCount", "estimatedTime", "category", "subcategory", "order", "topicGroupId") VALUES ('education-school-life-a1', 'School Life - A1', 'Vocabulary about school life', 'Learn essential vocabulary about school life at A1 level.', 'A1', 8, 16, 'Education', 'School Life', 0, 'se86f42d61455526d69f7') ON CONFLICT ("id") DO NOTHING;
INSERT INTO "VocabItem" ("id", "topicId", "word", "phonBr", "phonNAm", "meaning", "vietnameseMeaning", "partOfSpeech", "exampleSentence", "exampleTranslation", "synonyms", "antonyms", "collocations") VALUES ('education-school-life-a1-class', 'education-school-life-a1', E'class', E'/klɑːs/', E'/klæs/', E'a group of students who are taught together', E'lớp học', 'noun', E'I am in a big class.', E'Tôi đang ở trong một lớp học lớn.', ARRAY['group','course']::text[], '{}', ARRAY['attend class','start class']::text[]) ON CONFLICT ("id") DO NOTHING;
INSERT INTO "VocabItem" ("id", "topicId", "word", "phonBr", "phonNAm", "meaning", "vietnameseMeaning", "partOfSpeech", "exampleSentence", "exampleTranslation", "synonyms", "antonyms", "collocations") VALUES ('education-school-life-a1-book', 'education-school-life-a1', E'book', E'/bʊk/', E'/bʊk/', E'a set of printed pages held together in a cover', E'sách', 'noun', E'Please open your book to page ten.', E'Làm ơn hãy mở sách của bạn ra trang mười.', ARRAY['textbook']::text[], '{}', ARRAY['read a book','open a book']::text[]) ON CONFLICT ("id") DO NOTHING;
INSERT INTO "VocabItem" ("id", "topicId", "word", "phonBr", "phonNAm", "meaning", "vietnameseMeaning", "partOfSpeech", "exampleSentence", "exampleTranslation", "synonyms", "antonyms", "collocations") VALUES ('education-school-life-a1-study', 'education-school-life-a1', E'study', E'/ˈstʌdi/', E'/ˈstʌdi/', E'to learn about a subject', E'học', 'verb', E'I study English at school.', E'Tôi học tiếng Anh ở trường.', ARRAY['learn','examine']::text[], '{}', ARRAY['study hard','study English']::text[]) ON CONFLICT ("id") DO NOTHING;
INSERT INTO "VocabItem" ("id", "topicId", "word", "phonBr", "phonNAm", "meaning", "vietnameseMeaning", "partOfSpeech", "exampleSentence", "exampleTranslation", "synonyms", "antonyms", "collocations") VALUES ('education-school-life-a1-teacher', 'education-school-life-a1', E'teacher', E'/ˈtiːtʃə(r)/', E'/ˈtiːtʃər/', E'a person who teaches at a school', E'Giáo viên của tôi rất tốt bụng.', 'noun', E'My teacher is very kind.', E'', ARRAY['instructor','tutor']::text[], ARRAY['student']::text[], ARRAY['meet the teacher','ask the teacher']::text[]) ON CONFLICT ("id") DO NOTHING;
INSERT INTO "VocabItem" ("id", "topicId", "word", "phonBr", "phonNAm", "meaning", "vietnameseMeaning", "partOfSpeech", "exampleSentence", "exampleTranslation", "synonyms", "antonyms", "collocations") VALUES ('education-school-life-a1-test', 'education-school-life-a1', E'test', E'/test/', E'/test/', E'an examination of someone''s knowledge', E'bài kiểm tra', 'noun', E'We have a math test today.', E'Chúng tôi có một bài kiểm tra toán hôm nay.', ARRAY['exam','quiz']::text[], '{}', ARRAY['take a test','pass a test']::text[]) ON CONFLICT ("id") DO NOTHING;
INSERT INTO "VocabItem" ("id", "topicId", "word", "phonBr", "phonNAm", "meaning", "vietnameseMeaning", "partOfSpeech", "exampleSentence", "exampleTranslation", "synonyms", "antonyms", "collocations") VALUES ('education-school-life-a1-read', 'education-school-life-a1', E'read', E'/riːd/', E'/riːd/', E'to look at and understand written words', E'đọc', 'verb', E'Can you read this word?', E'Bạn có thể đọc từ này không?', ARRAY['peruse']::text[], '{}', ARRAY['read a book','read aloud']::text[]) ON CONFLICT ("id") DO NOTHING;
INSERT INTO "VocabItem" ("id", "topicId", "word", "phonBr", "phonNAm", "meaning", "vietnameseMeaning", "partOfSpeech", "exampleSentence", "exampleTranslation", "synonyms", "antonyms", "collocations") VALUES ('education-school-life-a1-write', 'education-school-life-a1', E'write', E'/raɪt/', E'/raɪt/', E'to mark letters or words on paper', E'viết', 'verb', E'Please write your name here.', E'Làm ơn viết tên của bạn vào đây.', ARRAY['record','compose']::text[], '{}', ARRAY['write down','write a sentence']::text[]) ON CONFLICT ("id") DO NOTHING;
INSERT INTO "VocabItem" ("id", "topicId", "word", "phonBr", "phonNAm", "meaning", "vietnameseMeaning", "partOfSpeech", "exampleSentence", "exampleTranslation", "synonyms", "antonyms", "collocations") VALUES ('education-school-life-a1-school', 'education-school-life-a1', E'school', E'/skuːl/', E'/skuːl/', E'a place where children go to learn', E'trường học', 'noun', E'I go to school by bus.', E'Tôi đi học bằng xe buýt.', ARRAY['academy','institution']::text[], '{}', ARRAY['go to school','at school']::text[]) ON CONFLICT ("id") DO NOTHING;

-- Topic: School Life - A2 (9 words)
INSERT INTO "Topic" ("id", "title", "subtitle", "description", "level", "wordCount", "estimatedTime", "category", "subcategory", "order", "topicGroupId") VALUES ('education-school-life-a2', 'School Life - A2', 'Vocabulary about school life', 'Learn essential vocabulary about school life at A2 level.', 'A2', 9, 18, 'Education', 'School Life', 1, 'se86f42d61455526d69f7') ON CONFLICT ("id") DO NOTHING;
INSERT INTO "VocabItem" ("id", "topicId", "word", "phonBr", "phonNAm", "meaning", "vietnameseMeaning", "partOfSpeech", "exampleSentence", "exampleTranslation", "synonyms", "antonyms", "collocations") VALUES ('education-school-life-a2-subject', 'education-school-life-a2', E'subject', E'/ˈsʌbdʒɪkt/', E'/ˈsʌbdʒɪkt/', E'an area of knowledge studied at school', E'môn học', 'noun', E'My favorite school subject is mathematics.', E'Môn học yêu thích của tôi ở trường là toán.', ARRAY['discipline']::text[], '{}', ARRAY['school subject','favorite subject']::text[]) ON CONFLICT ("id") DO NOTHING;
INSERT INTO "VocabItem" ("id", "topicId", "word", "phonBr", "phonNAm", "meaning", "vietnameseMeaning", "partOfSpeech", "exampleSentence", "exampleTranslation", "synonyms", "antonyms", "collocations") VALUES ('education-school-life-a2-uniform', 'education-school-life-a2', E'uniform', E'/ˈjuːnɪfɔːm/', E'/ˈjuːnɪfɔːrm/', E'a special set of clothes worn by all students at a school', E'đồng phục', 'noun', E'All students must wear a school uniform.', E'Tất cả học sinh phải mặc đồng phục trường.', ARRAY['outfit']::text[], '{}', ARRAY['school uniform','wear a uniform']::text[]) ON CONFLICT ("id") DO NOTHING;
INSERT INTO "VocabItem" ("id", "topicId", "word", "phonBr", "phonNAm", "meaning", "vietnameseMeaning", "partOfSpeech", "exampleSentence", "exampleTranslation", "synonyms", "antonyms", "collocations") VALUES ('education-school-life-a2-grade', 'education-school-life-a2', E'grade', E'/ɡreɪd/', E'/ɡreɪd/', E'a mark or score given to a student''s work', E'điểm số', 'noun', E'She got a good grade on her English test.', E'Cô ấy đạt điểm cao trong bài kiểm tra tiếng Anh.', ARRAY['mark','score']::text[], '{}', ARRAY['get a grade','good grade']::text[]) ON CONFLICT ("id") DO NOTHING;
INSERT INTO "VocabItem" ("id", "topicId", "word", "phonBr", "phonNAm", "meaning", "vietnameseMeaning", "partOfSpeech", "exampleSentence", "exampleTranslation", "synonyms", "antonyms", "collocations") VALUES ('education-school-life-a2-homework', 'education-school-life-a2', E'homework', E'/ˈhəʊmwɜːk/', E'/ˈhoʊmwɜːrk/', E'work that a student is given to do at home', E'bài tập về nhà', 'noun', E'I usually finish my homework after dinner.', E'Tôi thường làm xong bài tập về nhà sau bữa tối.', ARRAY['assignment']::text[], '{}', ARRAY['do homework','finish homework']::text[]) ON CONFLICT ("id") DO NOTHING;
INSERT INTO "VocabItem" ("id", "topicId", "word", "phonBr", "phonNAm", "meaning", "vietnameseMeaning", "partOfSpeech", "exampleSentence", "exampleTranslation", "synonyms", "antonyms", "collocations") VALUES ('education-school-life-a2-semester', 'education-school-life-a2', E'semester', E'/sɪˈmestə(r)/', E'/səˈmestər/', E'one of the two periods that a school year is divided into', E'học kỳ', 'noun', E'The first semester ends in December.', E'Học kỳ đầu tiên kết thúc vào tháng 12.', ARRAY['term']::text[], '{}', ARRAY['first semester','second semester']::text[]) ON CONFLICT ("id") DO NOTHING;
INSERT INTO "VocabItem" ("id", "topicId", "word", "phonBr", "phonNAm", "meaning", "vietnameseMeaning", "partOfSpeech", "exampleSentence", "exampleTranslation", "synonyms", "antonyms", "collocations") VALUES ('education-school-life-a2-break', 'education-school-life-a2', E'break', E'/breɪk/', E'/breɪk/', E'a short period of time when students stop working and rest', E'giờ ra chơi', 'noun', E'We play soccer during the break.', E'Chúng tôi chơi đá bóng trong giờ ra chơi.', ARRAY['recess']::text[], '{}', ARRAY['lunch break','short break']::text[]) ON CONFLICT ("id") DO NOTHING;
INSERT INTO "VocabItem" ("id", "topicId", "word", "phonBr", "phonNAm", "meaning", "vietnameseMeaning", "partOfSpeech", "exampleSentence", "exampleTranslation", "synonyms", "antonyms", "collocations") VALUES ('education-school-life-a2-graduate', 'education-school-life-a2', E'graduate', E'/ˈɡrædʒueɪt/', E'/ˈɡrædʒueɪt/', E'to complete a course of study at a school or college', E'tốt nghiệp', 'verb', E'He will graduate from high school next year.', E'Anh ấy sẽ tốt nghiệp trung học vào năm tới.', ARRAY['finish school']::text[], '{}', ARRAY['graduate from','graduate school']::text[]) ON CONFLICT ("id") DO NOTHING;
INSERT INTO "VocabItem" ("id", "topicId", "word", "phonBr", "phonNAm", "meaning", "vietnameseMeaning", "partOfSpeech", "exampleSentence", "exampleTranslation", "synonyms", "antonyms", "collocations") VALUES ('education-school-life-a2-difficult', 'education-school-life-a2', E'difficult', E'/ˈdɪfɪkəlt/', E'/ˈdɪfɪkəlt/', E'needing effort or skill to do or understand', E'khó', 'adjective', E'The history test was very difficult.', E'Bài kiểm tra lịch sử rất khó.', ARRAY['hard','tough']::text[], ARRAY['easy']::text[], ARRAY['difficult subject','very difficult']::text[]) ON CONFLICT ("id") DO NOTHING;
INSERT INTO "VocabItem" ("id", "topicId", "word", "phonBr", "phonNAm", "meaning", "vietnameseMeaning", "partOfSpeech", "exampleSentence", "exampleTranslation", "synonyms", "antonyms", "collocations") VALUES ('education-school-life-a2-absent', 'education-school-life-a2', E'absent', E'/ˈæbsənt/', E'/ˈæbsənt/', E'not at school when you should be there', E'vắng mặt', 'adjective', E'She was absent from class because of a cold.', E'Cô ấy vắng mặt trong lớp vì bị cảm lạnh.', ARRAY['away']::text[], ARRAY['present']::text[], ARRAY['absent from','mark absent']::text[]) ON CONFLICT ("id") DO NOTHING;

-- Topic: School Life - B1 (7 words)
INSERT INTO "Topic" ("id", "title", "subtitle", "description", "level", "wordCount", "estimatedTime", "category", "subcategory", "order", "topicGroupId") VALUES ('education-school-life-b1', 'School Life - B1', 'Vocabulary about school life', 'Learn essential vocabulary about school life at B1 level.', 'B1', 7, 14, 'Education', 'School Life', 2, 'se86f42d61455526d69f7') ON CONFLICT ("id") DO NOTHING;
INSERT INTO "VocabItem" ("id", "topicId", "word", "phonBr", "phonNAm", "meaning", "vietnameseMeaning", "partOfSpeech", "exampleSentence", "exampleTranslation", "synonyms", "antonyms", "collocations") VALUES ('education-school-life-b1-assignment', 'education-school-life-b1', E'assignment', E'/əˈsaɪnmənt/', E'/əˈsaɪnmənt/', E'a task or piece of work allocated to someone as part of a course of study', E'bài tập, nhiệm vụ', 'noun', E'I have to finish my history assignment before the deadline tomorrow.', E'Tôi phải hoàn thành bài tập lịch sử trước hạn chót ngày mai.', ARRAY['homework','task']::text[], '{}', ARRAY['hand in an assignment','complete an assignment']::text[]) ON CONFLICT ("id") DO NOTHING;
INSERT INTO "VocabItem" ("id", "topicId", "word", "phonBr", "phonNAm", "meaning", "vietnameseMeaning", "partOfSpeech", "exampleSentence", "exampleTranslation", "synonyms", "antonyms", "collocations") VALUES ('education-school-life-b1-attendance', 'education-school-life-b1', E'attendance', E'/əˈtendəns/', E'/əˈtendəns/', E'the action or state of going regularly to or being present at a place or event', E'sự tham dự, điểm danh', 'noun', E'Poor attendance can affect your final grade in this class.', E'Việc đi học không chuyên cần có thể ảnh hưởng đến điểm tổng kết của bạn trong lớp này.', ARRAY['presence']::text[], ARRAY['absence']::text[], ARRAY['check attendance','compulsory attendance']::text[]) ON CONFLICT ("id") DO NOTHING;
INSERT INTO "VocabItem" ("id", "topicId", "word", "phonBr", "phonNAm", "meaning", "vietnameseMeaning", "partOfSpeech", "exampleSentence", "exampleTranslation", "synonyms", "antonyms", "collocations") VALUES ('education-school-life-b1-enroll', 'education-school-life-b1', E'enroll', E'/ɪnˈrəʊl/', E'/ɪnˈroʊl/', E'to officially register as a member of an institution or a student on a course', E'ghi danh, đăng ký nhập học', 'verb', E'She decided to enroll in an advanced English course this semester.', E'Cô ấy quyết định đăng ký một khóa học tiếng Anh nâng cao vào học kỳ này.', ARRAY['register','sign up']::text[], ARRAY['withdraw']::text[], ARRAY['enroll in a course','enroll at a university']::text[]) ON CONFLICT ("id") DO NOTHING;
INSERT INTO "VocabItem" ("id", "topicId", "word", "phonBr", "phonNAm", "meaning", "vietnameseMeaning", "partOfSpeech", "exampleSentence", "exampleTranslation", "synonyms", "antonyms", "collocations") VALUES ('education-school-life-b1-lecture', 'education-school-life-b1', E'lecture', E'/ˈlektʃə(r)/', E'/ˈlektʃər/', E'an educational talk to an audience, especially one of students in a university', E'bài giảng', 'noun', E'The professor gave a fascinating lecture on modern history.', E'Giáo sư đã có một bài giảng rất thú vị về lịch sử hiện đại.', ARRAY['talk','presentation']::text[], '{}', ARRAY['attend a lecture','give a lecture']::text[]) ON CONFLICT ("id") DO NOTHING;
INSERT INTO "VocabItem" ("id", "topicId", "word", "phonBr", "phonNAm", "meaning", "vietnameseMeaning", "partOfSpeech", "exampleSentence", "exampleTranslation", "synonyms", "antonyms", "collocations") VALUES ('education-school-life-b1-revise', 'education-school-life-b1', E'revise', E'/rɪˈvaɪz/', E'/rɪˈvaɪz/', E'to study again something you have already learned, in preparation for an exam', E'ôn tập', 'verb', E'I need to revise for my biology test all weekend.', E'Tôi cần phải ôn tập cho bài kiểm tra sinh học cả cuối tuần.', ARRAY['review','study']::text[], '{}', ARRAY['revise for an exam','thoroughly revise']::text[]) ON CONFLICT ("id") DO NOTHING;
INSERT INTO "VocabItem" ("id", "topicId", "word", "phonBr", "phonNAm", "meaning", "vietnameseMeaning", "partOfSpeech", "exampleSentence", "exampleTranslation", "synonyms", "antonyms", "collocations") VALUES ('education-school-life-b1-tuition', 'education-school-life-b1', E'tuition', E'/tjuˈɪʃn/', E'/tuˈɪʃn/', E'the money paid for instruction at a school or college', E'học phí', 'noun', E'The university decided to increase tuition fees for international students.', E'Trường đại học đã quyết định tăng học phí cho sinh viên quốc tế.', ARRAY['fees','schooling cost']::text[], '{}', ARRAY['pay tuition','tuition fees']::text[]) ON CONFLICT ("id") DO NOTHING;
INSERT INTO "VocabItem" ("id", "topicId", "word", "phonBr", "phonNAm", "meaning", "vietnameseMeaning", "partOfSpeech", "exampleSentence", "exampleTranslation", "synonyms", "antonyms", "collocations") VALUES ('education-school-life-b1-undergraduate', 'education-school-life-b1', E'undergraduate', E'/ˌʌndəˈɡrædʒuət/', E'/ˌʌndərˈɡrædʒuət/', E'a student at a college or university who has not yet earned a bachelor''s or equivalent degree', E'sinh viên đại học (chưa tốt nghiệp)', 'noun', E'Most undergraduate students live in dormitories on campus.', E'Hầu hết sinh viên đại học sống trong ký túc xá trong khuôn viên trường.', ARRAY['student']::text[], ARRAY['postgraduate']::text[], ARRAY['undergraduate degree','undergraduate student']::text[]) ON CONFLICT ("id") DO NOTHING;

-- Topic: School Life - B2 (7 words)
INSERT INTO "Topic" ("id", "title", "subtitle", "description", "level", "wordCount", "estimatedTime", "category", "subcategory", "order", "topicGroupId") VALUES ('education-school-life-b2', 'School Life - B2', 'Vocabulary about school life', 'Learn essential vocabulary about school life at B2 level.', 'B2', 7, 14, 'Education', 'School Life', 3, 'se86f42d61455526d69f7') ON CONFLICT ("id") DO NOTHING;
INSERT INTO "VocabItem" ("id", "topicId", "word", "phonBr", "phonNAm", "meaning", "vietnameseMeaning", "partOfSpeech", "exampleSentence", "exampleTranslation", "synonyms", "antonyms", "collocations") VALUES ('education-school-life-b2-curriculum', 'education-school-life-b2', E'curriculum', E'/kəˈrɪkjələm/', E'/kəˈrɪkjələm/', E'The subjects comprising a course of study in a school or college.', E'chương trình giảng dạy', 'noun', E'The school is planning to update its curriculum to include more digital literacy skills.', E'Nhà trường đang lên kế hoạch cập nhật chương trình giảng dạy để bao gồm nhiều kỹ năng kỹ thuật số hơn.', ARRAY['syllabus','course of study']::text[], '{}', ARRAY['school curriculum','national curriculum']::text[]) ON CONFLICT ("id") DO NOTHING;
INSERT INTO "VocabItem" ("id", "topicId", "word", "phonBr", "phonNAm", "meaning", "vietnameseMeaning", "partOfSpeech", "exampleSentence", "exampleTranslation", "synonyms", "antonyms", "collocations") VALUES ('education-school-life-b2-extracurricular', 'education-school-life-b2', E'extracurricular', E'/ˌekstrəkəˈrɪkjələ(r)/', E'/ˌekstrəkəˈrɪkjələr/', E'Activities initiated or conducted by students outside the regular curriculum.', E'ngoại khóa', 'adjective', E'Participating in extracurricular activities helps students develop teamwork and leadership skills.', E'Tham gia vào các hoạt động ngoại khóa giúp học sinh phát triển kỹ năng làm việc nhóm và lãnh đạo.', ARRAY['after-school','outside the classroom']::text[], ARRAY['curricular']::text[], ARRAY['extracurricular activities','extracurricular clubs']::text[]) ON CONFLICT ("id") DO NOTHING;
INSERT INTO "VocabItem" ("id", "topicId", "word", "phonBr", "phonNAm", "meaning", "vietnameseMeaning", "partOfSpeech", "exampleSentence", "exampleTranslation", "synonyms", "antonyms", "collocations") VALUES ('education-school-life-b2-academic', 'education-school-life-b2', E'academic', E'/ˌækəˈdemɪk/', E'/ˌækəˈdemɪk/', E'Relating to education and scholarship.', E'thuộc về học tập/học thuật', 'adjective', E'The student showed great academic improvement after attending extra classes.', E'Học sinh đó đã cho thấy sự tiến bộ rõ rệt trong học tập sau khi tham gia các lớp học thêm.', ARRAY['educational','scholastic']::text[], ARRAY['non-academic']::text[], ARRAY['academic performance','academic achievement']::text[]) ON CONFLICT ("id") DO NOTHING;
INSERT INTO "VocabItem" ("id", "topicId", "word", "phonBr", "phonNAm", "meaning", "vietnameseMeaning", "partOfSpeech", "exampleSentence", "exampleTranslation", "synonyms", "antonyms", "collocations") VALUES ('education-school-life-b2-procrastinate', 'education-school-life-b2', E'procrastinate', E'/prəˈkræstɪneɪt/', E'/proʊˈkræstɪneɪt/', E'To delay or postpone action; put off doing something.', E'trì hoãn', 'verb', E'Students often procrastinate when they have difficult assignments to complete.', E'Học sinh thường trì hoãn khi họ có những bài tập khó cần hoàn thành.', ARRAY['delay','dally']::text[], ARRAY['prioritize']::text[], ARRAY['tend to procrastinate','procrastinate on work']::text[]) ON CONFLICT ("id") DO NOTHING;
INSERT INTO "VocabItem" ("id", "topicId", "word", "phonBr", "phonNAm", "meaning", "vietnameseMeaning", "partOfSpeech", "exampleSentence", "exampleTranslation", "synonyms", "antonyms", "collocations") VALUES ('education-school-life-b2-scholarship', 'education-school-life-b2', E'scholarship', E'/ˈskɒləʃɪp/', E'/ˈskɑːlərʃɪp/', E'A grant or payment made to support a student''s education.', E'học bổng', 'noun', E'She was awarded a scholarship because of her outstanding academic results.', E'Cô ấy đã được trao học bổng nhờ vào kết quả học tập xuất sắc của mình.', ARRAY['grant','bursary']::text[], '{}', ARRAY['win a scholarship','apply for a scholarship']::text[]) ON CONFLICT ("id") DO NOTHING;
INSERT INTO "VocabItem" ("id", "topicId", "word", "phonBr", "phonNAm", "meaning", "vietnameseMeaning", "partOfSpeech", "exampleSentence", "exampleTranslation", "synonyms", "antonyms", "collocations") VALUES ('education-school-life-b2-cram', 'education-school-life-b2', E'cram', E'/kræm/', E'/kræm/', E'To study intensively over a short period of time just before an examination.', E'học nhồi nhét', 'verb', E'It is better to review your notes regularly than to cram the night before the exam.', E'Tốt hơn hết là hãy ôn tập ghi chú thường xuyên thay vì học nhồi nhét vào đêm trước kỳ thi.', ARRAY['study intensely','swot']::text[], '{}', ARRAY['cram for an exam','cramming session']::text[]) ON CONFLICT ("id") DO NOTHING;
INSERT INTO "VocabItem" ("id", "topicId", "word", "phonBr", "phonNAm", "meaning", "vietnameseMeaning", "partOfSpeech", "exampleSentence", "exampleTranslation", "synonyms", "antonyms", "collocations") VALUES ('education-school-life-b2-peer', 'education-school-life-b2', E'peer', E'/pɪə(r)/', E'/pɪr/', E'A person of the same age, status, or ability as another specified person.', E'bạn đồng trang lứa', 'noun', E'Peer pressure can often influence the academic habits of teenagers.', E'Áp lực từ bạn bè đồng trang lứa thường có thể ảnh hưởng đến thói quen học tập của thanh thiếu niên.', ARRAY['classmate','contemporary']::text[], '{}', ARRAY['peer pressure','peer review']::text[]) ON CONFLICT ("id") DO NOTHING;

-- Topic: School Life - C1 (5 words)
INSERT INTO "Topic" ("id", "title", "subtitle", "description", "level", "wordCount", "estimatedTime", "category", "subcategory", "order", "topicGroupId") VALUES ('education-school-life-c1', 'School Life - C1', 'Vocabulary about school life', 'Learn essential vocabulary about school life at C1 level.', 'C1', 5, 10, 'Education', 'School Life', 4, 'se86f42d61455526d69f7') ON CONFLICT ("id") DO NOTHING;
INSERT INTO "VocabItem" ("id", "topicId", "word", "phonBr", "phonNAm", "meaning", "vietnameseMeaning", "partOfSpeech", "exampleSentence", "exampleTranslation", "synonyms", "antonyms", "collocations") VALUES ('education-school-life-c1-pedagogy', 'education-school-life-c1', E'pedagogy', E'/ˈpedəɡɒdʒi/', E'/ˈpedəɡɑːdʒi/', E'The method and practice of teaching, especially as an academic subject or theoretical concept.', E'Phương pháp sư phạm', 'noun', E'The university is renowned for its innovative pedagogy, focusing on collaborative learning rather than rote memorization.', E'Trường đại học này nổi tiếng với phương pháp sư phạm đổi mới, tập trung vào học tập hợp tác thay vì học vẹt.', ARRAY['teaching methods','instructional theory']::text[], '{}', ARRAY['modern pedagogy','effective pedagogy']::text[]) ON CONFLICT ("id") DO NOTHING;
INSERT INTO "VocabItem" ("id", "topicId", "word", "phonBr", "phonNAm", "meaning", "vietnameseMeaning", "partOfSpeech", "exampleSentence", "exampleTranslation", "synonyms", "antonyms", "collocations") VALUES ('education-school-life-c1-matriculate', 'education-school-life-c1', E'matriculate', E'/məˈtrɪkjuleɪt/', E'/məˈtrɪkjuleɪt/', E'To be enrolled at a college or university.', E'Nhập học (đại học)', 'verb', E'After graduating from high school, he plans to matriculate at a prestigious university abroad.', E'Sau khi tốt nghiệp trung học, anh ấy dự định nhập học tại một trường đại học danh tiếng ở nước ngoài.', ARRAY['enroll','register']::text[], ARRAY['graduate']::text[], ARRAY['matriculate at','matriculate into']::text[]) ON CONFLICT ("id") DO NOTHING;
INSERT INTO "VocabItem" ("id", "topicId", "word", "phonBr", "phonNAm", "meaning", "vietnameseMeaning", "partOfSpeech", "exampleSentence", "exampleTranslation", "synonyms", "antonyms", "collocations") VALUES ('education-school-life-c1-seminar', 'education-school-life-c1', E'seminar', E'/ˈsemɪnɑː(r)/', E'/ˈsemɪnɑːr/', E'A conference or other meeting for discussion or training, usually involving a small group.', E'Hội thảo chuyên đề', 'noun', E'The professor led a weekly seminar where students analyzed complex historical texts in depth.', E'Giáo sư đã chủ trì một buổi hội thảo hàng tuần, nơi sinh viên phân tích sâu các văn bản lịch sử phức tạp.', ARRAY['workshop','tutorial']::text[], '{}', ARRAY['attend a seminar','lead a seminar']::text[]) ON CONFLICT ("id") DO NOTHING;
INSERT INTO "VocabItem" ("id", "topicId", "word", "phonBr", "phonNAm", "meaning", "vietnameseMeaning", "partOfSpeech", "exampleSentence", "exampleTranslation", "synonyms", "antonyms", "collocations") VALUES ('education-school-life-c1-vocational', 'education-school-life-c1', E'vocational', E'/vəˈkeɪʃənl/', E'/voʊˈkeɪʃənl/', E'Relating to an occupation or employment, often referring to practical skill-based training.', E'Thuộc về nghề nghiệp/dạy nghề', 'adjective', E'The government is increasing funding for vocational training to address the shortage of skilled technicians.', E'Chính phủ đang tăng ngân sách cho đào tạo nghề để giải quyết tình trạng thiếu hụt kỹ thuật viên lành nghề.', ARRAY['occupational','technical']::text[], ARRAY['academic']::text[], ARRAY['vocational training','vocational school']::text[]) ON CONFLICT ("id") DO NOTHING;
INSERT INTO "VocabItem" ("id", "topicId", "word", "phonBr", "phonNAm", "meaning", "vietnameseMeaning", "partOfSpeech", "exampleSentence", "exampleTranslation", "synonyms", "antonyms", "collocations") VALUES ('education-school-life-c1-accreditation', 'education-school-life-c1', E'accreditation', E'/əˌkredɪˈteɪʃn/', E'/əˌkredɪˈteɪʃn/', E'The action or process of officially recognizing someone as having a particular status or being qualified to perform a particular activity.', E'Sự kiểm định chất lượng', 'noun', E'The university sought international accreditation to boost the value of its degrees in the global market.', E'Trường đại học đã tìm kiếm sự kiểm định quốc tế để nâng cao giá trị bằng cấp của mình trên thị trường toàn cầu.', ARRAY['certification','authorization']::text[], '{}', ARRAY['seek accreditation','maintain accreditation']::text[]) ON CONFLICT ("id") DO NOTHING;

-- Topic: School Life - C2 (8 words)
INSERT INTO "Topic" ("id", "title", "subtitle", "description", "level", "wordCount", "estimatedTime", "category", "subcategory", "order", "topicGroupId") VALUES ('education-school-life-c2', 'School Life - C2', 'Vocabulary about school life', 'Learn essential vocabulary about school life at C2 level.', 'C2', 8, 16, 'Education', 'School Life', 5, 'se86f42d61455526d69f7') ON CONFLICT ("id") DO NOTHING;
INSERT INTO "VocabItem" ("id", "topicId", "word", "phonBr", "phonNAm", "meaning", "vietnameseMeaning", "partOfSpeech", "exampleSentence", "exampleTranslation", "synonyms", "antonyms", "collocations") VALUES ('education-school-life-c2-erudition', 'education-school-life-c2', E'erudition', E'/ˌer.jʊˈdɪʃ.ən/', E'/ˌer.jəˈdɪʃ.ən/', E'The quality of having or showing great knowledge or learning.', E'Sự uyên bác', 'noun', E'His erudition in classical literature made him an invaluable asset to the research department.', E'Sự uyên bác của ông ấy về văn học cổ điển đã khiến ông trở thành một tài sản vô giá đối với bộ phận nghiên cứu.', ARRAY['scholarship','learning']::text[], ARRAY['ignorance']::text[], ARRAY['deep erudition','academic erudition']::text[]) ON CONFLICT ("id") DO NOTHING;
INSERT INTO "VocabItem" ("id", "topicId", "word", "phonBr", "phonNAm", "meaning", "vietnameseMeaning", "partOfSpeech", "exampleSentence", "exampleTranslation", "synonyms", "antonyms", "collocations") VALUES ('education-school-life-c2-explicate', 'education-school-life-c2', E'explicate', E'/ˈek.splɪ.keɪt/', E'/ˈek.splə.keɪt/', E'To analyze and develop an idea or principle in detail.', E'Giải thích chi tiết', 'verb', E'The professor took the entire lecture to explicate the nuances of the complex philosophical text.', E'Vị giáo sư đã dành toàn bộ buổi giảng để giải thích chi tiết các sắc thái của văn bản triết học phức tạp.', ARRAY['elucidate','clarify']::text[], ARRAY['obfuscate']::text[], ARRAY['explicate a theory','explicate a text']::text[]) ON CONFLICT ("id") DO NOTHING;
INSERT INTO "VocabItem" ("id", "topicId", "word", "phonBr", "phonNAm", "meaning", "vietnameseMeaning", "partOfSpeech", "exampleSentence", "exampleTranslation", "synonyms", "antonyms", "collocations") VALUES ('education-school-life-c2-didactic', 'education-school-life-c2', E'didactic', E'/daɪˈdæk.tɪk/', E'/daɪˈdæk.tɪk/', E'Intended to teach, particularly in having moral instruction as an ulterior motive.', E'Có tính giáo huấn', 'adjective', E'The fable served a didactic purpose, teaching young students about the consequences of dishonesty.', E'Câu chuyện ngụ ngôn phục vụ một mục đích giáo huấn, dạy cho học sinh nhỏ tuổi về hậu quả của sự không trung thực.', ARRAY['instructive','edifying']::text[], '{}', ARRAY['didactic approach','didactic literature']::text[]) ON CONFLICT ("id") DO NOTHING;
INSERT INTO "VocabItem" ("id", "topicId", "word", "phonBr", "phonNAm", "meaning", "vietnameseMeaning", "partOfSpeech", "exampleSentence", "exampleTranslation", "synonyms", "antonyms", "collocations") VALUES ('education-school-life-c2-exegesis', 'education-school-life-c2', E'exegesis', E'/ˌek.sɪˈdʒiː.sɪs/', E'/ˌek.səˈdʒiː.sɪs/', E'Critical explanation or interpretation of a text, especially of scripture.', E'Phân tích, chú giải văn bản', 'noun', E'The scholar provided a rigorous exegesis of the ancient manuscript to uncover its hidden meanings.', E'Học giả đã cung cấp một bản chú giải nghiêm ngặt về bản thảo cổ để khám phá những ý nghĩa ẩn giấu của nó.', ARRAY['interpretation','analysis']::text[], '{}', ARRAY['textual exegesis','rigorous exegesis']::text[]) ON CONFLICT ("id") DO NOTHING;
INSERT INTO "VocabItem" ("id", "topicId", "word", "phonBr", "phonNAm", "meaning", "vietnameseMeaning", "partOfSpeech", "exampleSentence", "exampleTranslation", "synonyms", "antonyms", "collocations") VALUES ('education-school-life-c2-recapitulate', 'education-school-life-c2', E'recapitulate', E'/ˌriː.kəˈpɪt.jʊ.leɪt/', E'/ˌriː.kəˈpɪtʃ.ə.leɪt/', E'To summarize and state again the main points of.', E'Tóm tắt lại', 'verb', E'At the end of the seminar, the moderator will recapitulate the key findings of the research project.', E'Vào cuối buổi hội thảo, người điều phối sẽ tóm tắt lại những phát hiện chính của dự án nghiên cứu.', ARRAY['summarize','reiterate']::text[], '{}', ARRAY['recapitulate the main points','briefly recapitulate']::text[]) ON CONFLICT ("id") DO NOTHING;
INSERT INTO "VocabItem" ("id", "topicId", "word", "phonBr", "phonNAm", "meaning", "vietnameseMeaning", "partOfSpeech", "exampleSentence", "exampleTranslation", "synonyms", "antonyms", "collocations") VALUES ('education-school-life-c2-pedantic', 'education-school-life-c2', E'pedantic', E'/pəˈdæn.tɪk/', E'/pəˈdæn.t̬ɪk/', E'Excessively concerned with minor details and rules or with displaying academic learning.', E'Máy móc, giáo điều', 'adjective', E'His pedantic obsession with grammar rules often distracted from the creative spirit of his students'' writing.', E'Sự ám ảnh giáo điều của ông ấy đối với các quy tắc ngữ pháp thường làm xao nhãng tinh thần sáng tạo trong bài viết của học sinh.', ARRAY['scrupulous','dogmatic']::text[], '{}', ARRAY['pedantic detail','pedantic manner']::text[]) ON CONFLICT ("id") DO NOTHING;
INSERT INTO "VocabItem" ("id", "topicId", "word", "phonBr", "phonNAm", "meaning", "vietnameseMeaning", "partOfSpeech", "exampleSentence", "exampleTranslation", "synonyms", "antonyms", "collocations") VALUES ('education-school-life-c2-seminarian', 'education-school-life-c2', E'seminarian', E'/ˌsem.ɪˈneə.ri.ən/', E'/ˌsem.əˈner.i.ən/', E'A student in a seminary, especially one studying to become a priest or minister.', E'Sinh viên chủng viện', 'noun', E'The young seminarian spent his mornings in deep contemplation and his afternoons studying theology.', E'Chàng sinh viên chủng viện trẻ tuổi dành buổi sáng để suy ngẫm sâu sắc và buổi chiều để nghiên cứu thần học.', ARRAY['theology student','novice']::text[], '{}', ARRAY['aspiring seminarian','devout seminarian']::text[]) ON CONFLICT ("id") DO NOTHING;
INSERT INTO "VocabItem" ("id", "topicId", "word", "phonBr", "phonNAm", "meaning", "vietnameseMeaning", "partOfSpeech", "exampleSentence", "exampleTranslation", "synonyms", "antonyms", "collocations") VALUES ('education-school-life-c2-interdisciplinary', 'education-school-life-c2', E'interdisciplinary', E'/ˌɪn.təˈdɪs.ə.plɪ.nər.i/', E'/ˌɪn.t̬ɚˈdɪs.ə.plə.ner.i/', E'Relating to more than one branch of knowledge.', E'Liên ngành', 'adjective', E'The course is highly interdisciplinary, drawing on insights from psychology, sociology, and economics.', E'Khóa học này mang tính liên ngành cao, rút ra những hiểu biết từ tâm lý học, xã hội học và kinh tế học.', ARRAY['cross-disciplinary','multidisciplinary']::text[], ARRAY['specialized']::text[], ARRAY['interdisciplinary research','interdisciplinary approach']::text[]) ON CONFLICT ("id") DO NOTHING;

-- Topic: Higher Education - A1 (5 words)
INSERT INTO "Topic" ("id", "title", "subtitle", "description", "level", "wordCount", "estimatedTime", "category", "subcategory", "order", "topicGroupId") VALUES ('education-higher-education-a1', 'Higher Education - A1', 'Vocabulary about higher education', 'Learn essential vocabulary about higher education at A1 level.', 'A1', 5, 10, 'Education', 'Higher Education', 0, 'se86f42d61455526d69f7') ON CONFLICT ("id") DO NOTHING;
INSERT INTO "VocabItem" ("id", "topicId", "word", "phonBr", "phonNAm", "meaning", "vietnameseMeaning", "partOfSpeech", "exampleSentence", "exampleTranslation", "synonyms", "antonyms", "collocations") VALUES ('education-higher-education-a1-exam', 'education-higher-education-a1', E'exam', E'/ɪɡˈzæm/', E'/ɪɡˈzæm/', E'a formal test of knowledge or ability', E'kỳ thi', 'noun', E'The final exam is very difficult.', E'Kỳ thi cuối kỳ rất khó.', ARRAY['test','assessment']::text[], '{}', ARRAY['take an exam','pass an exam']::text[]) ON CONFLICT ("id") DO NOTHING;
INSERT INTO "VocabItem" ("id", "topicId", "word", "phonBr", "phonNAm", "meaning", "vietnameseMeaning", "partOfSpeech", "exampleSentence", "exampleTranslation", "synonyms", "antonyms", "collocations") VALUES ('education-higher-education-a1-student', 'education-higher-education-a1', E'student', E'/ˈstjuːdnt/', E'/ˈstuːdnt/', E'a person who is studying at a school or college', E'sinh viên', 'noun', E'She is a student at the university.', E'Cô ấy là sinh viên tại trường đại học.', ARRAY['learner','pupil']::text[], ARRAY['teacher']::text[], ARRAY['university student','international student']::text[]) ON CONFLICT ("id") DO NOTHING;
INSERT INTO "VocabItem" ("id", "topicId", "word", "phonBr", "phonNAm", "meaning", "vietnameseMeaning", "partOfSpeech", "exampleSentence", "exampleTranslation", "synonyms", "antonyms", "collocations") VALUES ('education-higher-education-a1-note', 'education-higher-education-a1', E'note', E'/nəʊt/', E'/noʊt/', E'a short piece of information written down to help you remember something', E'ghi chú', 'noun', E'I take notes during the lecture.', E'Tôi ghi chú trong suốt bài giảng.', ARRAY['record','jotting']::text[], '{}', ARRAY['take notes','make notes']::text[]) ON CONFLICT ("id") DO NOTHING;
INSERT INTO "VocabItem" ("id", "topicId", "word", "phonBr", "phonNAm", "meaning", "vietnameseMeaning", "partOfSpeech", "exampleSentence", "exampleTranslation", "synonyms", "antonyms", "collocations") VALUES ('education-higher-education-a1-easy', 'education-higher-education-a1', E'easy', E'/ˈiːzi/', E'/ˈiːzi/', E'not difficult; needing little effort', E'dễ', 'adjective', E'This homework is very easy.', E'Bài tập về nhà này rất dễ.', ARRAY['simple','effortless']::text[], ARRAY['difficult']::text[], ARRAY['easy task','easy test']::text[]) ON CONFLICT ("id") DO NOTHING;
INSERT INTO "VocabItem" ("id", "topicId", "word", "phonBr", "phonNAm", "meaning", "vietnameseMeaning", "partOfSpeech", "exampleSentence", "exampleTranslation", "synonyms", "antonyms", "collocations") VALUES ('education-higher-education-a1-pass', 'education-higher-education-a1', E'pass', E'/pɑːs/', E'/pæs/', E'to succeed in an examination or test', E'đỗ, vượt qua', 'verb', E'I want to pass my university exam.', E'Tôi muốn vượt qua kỳ thi đại học của mình.', ARRAY['succeed','qualify']::text[], ARRAY['fail']::text[], ARRAY['pass a test','pass a course']::text[]) ON CONFLICT ("id") DO NOTHING;

-- Topic: Higher Education - A2 (4 words)
INSERT INTO "Topic" ("id", "title", "subtitle", "description", "level", "wordCount", "estimatedTime", "category", "subcategory", "order", "topicGroupId") VALUES ('education-higher-education-a2', 'Higher Education - A2', 'Vocabulary about higher education', 'Learn essential vocabulary about higher education at A2 level.', 'A2', 4, 8, 'Education', 'Higher Education', 1, 'se86f42d61455526d69f7') ON CONFLICT ("id") DO NOTHING;
INSERT INTO "VocabItem" ("id", "topicId", "word", "phonBr", "phonNAm", "meaning", "vietnameseMeaning", "partOfSpeech", "exampleSentence", "exampleTranslation", "synonyms", "antonyms", "collocations") VALUES ('education-higher-education-a2-university', 'education-higher-education-a2', E'university', E'/ˌjuːnɪˈvɜːsəti/', E'/ˌjuːnɪˈvɜːrsəti/', E'an educational institution for advanced studies', E'trường đại học', 'noun', E'She wants to study medicine at university.', E'Cô ấy muốn học y tại trường đại học.', ARRAY['college']::text[], '{}', ARRAY['attend university','go to university']::text[]) ON CONFLICT ("id") DO NOTHING;
INSERT INTO "VocabItem" ("id", "topicId", "word", "phonBr", "phonNAm", "meaning", "vietnameseMeaning", "partOfSpeech", "exampleSentence", "exampleTranslation", "synonyms", "antonyms", "collocations") VALUES ('education-higher-education-a2-course', 'education-higher-education-a2', E'course', E'/kɔːs/', E'/kɔːrs/', E'a series of lessons or lectures on a particular subject', E'khóa học', 'noun', E'I am taking an English course this semester.', E'Tôi đang tham gia một khóa học tiếng Anh trong học kỳ này.', ARRAY['class','program']::text[], '{}', ARRAY['take a course','enroll in a course']::text[]) ON CONFLICT ("id") DO NOTHING;
INSERT INTO "VocabItem" ("id", "topicId", "word", "phonBr", "phonNAm", "meaning", "vietnameseMeaning", "partOfSpeech", "exampleSentence", "exampleTranslation", "synonyms", "antonyms", "collocations") VALUES ('education-higher-education-a2-campus', 'education-higher-education-a2', E'campus', E'/ˈkæmpəs/', E'/ˈkæmpəs/', E'the grounds and buildings of a university', E'khuôn viên trường', 'noun', E'The university campus is very beautiful.', E'Khuôn viên trường đại học rất đẹp.', ARRAY['grounds']::text[], '{}', ARRAY['on campus','campus life']::text[]) ON CONFLICT ("id") DO NOTHING;
INSERT INTO "VocabItem" ("id", "topicId", "word", "phonBr", "phonNAm", "meaning", "vietnameseMeaning", "partOfSpeech", "exampleSentence", "exampleTranslation", "synonyms", "antonyms", "collocations") VALUES ('education-higher-education-a2-professor', 'education-higher-education-a2', E'professor', E'/prəˈfesə(r)/', E'/prəˈfesər/', E'a high-ranking teacher at a university', E'giáo sư', 'noun', E'The professor is very kind to the students.', E'Giáo sư rất tốt bụng với các sinh viên.', ARRAY['lecturer','teacher']::text[], ARRAY['student']::text[], ARRAY['university professor','meet the professor']::text[]) ON CONFLICT ("id") DO NOTHING;

-- Topic: Higher Education - B1 (1 words)
INSERT INTO "Topic" ("id", "title", "subtitle", "description", "level", "wordCount", "estimatedTime", "category", "subcategory", "order", "topicGroupId") VALUES ('education-higher-education-b1', 'Higher Education - B1', 'Vocabulary about higher education', 'Learn essential vocabulary about higher education at B1 level.', 'B1', 1, 2, 'Education', 'Higher Education', 2, 'se86f42d61455526d69f7') ON CONFLICT ("id") DO NOTHING;
INSERT INTO "VocabItem" ("id", "topicId", "word", "phonBr", "phonNAm", "meaning", "vietnameseMeaning", "partOfSpeech", "exampleSentence", "exampleTranslation", "synonyms", "antonyms", "collocations") VALUES ('education-higher-education-b1-tutor', 'education-higher-education-b1', E'tutor', E'/ˈtjuːtə(r)/', E'/ˈtuːtər/', E'a person who gives private instruction to a student', E'gia sư, người hướng dẫn', 'noun', E'My math tutor helped me understand complex equations.', E'Gia sư toán đã giúp tôi hiểu các phương trình phức tạp.', ARRAY['instructor','coach']::text[], '{}', ARRAY['private tutor','academic tutor']::text[]) ON CONFLICT ("id") DO NOTHING;

-- Topic: Higher Education - B2 (3 words)
INSERT INTO "Topic" ("id", "title", "subtitle", "description", "level", "wordCount", "estimatedTime", "category", "subcategory", "order", "topicGroupId") VALUES ('education-higher-education-b2', 'Higher Education - B2', 'Vocabulary about higher education', 'Learn essential vocabulary about higher education at B2 level.', 'B2', 3, 6, 'Education', 'Higher Education', 3, 'se86f42d61455526d69f7') ON CONFLICT ("id") DO NOTHING;
INSERT INTO "VocabItem" ("id", "topicId", "word", "phonBr", "phonNAm", "meaning", "vietnameseMeaning", "partOfSpeech", "exampleSentence", "exampleTranslation", "synonyms", "antonyms", "collocations") VALUES ('education-higher-education-b2-dissertation', 'education-higher-education-b2', E'dissertation', E'/ˌdɪsəˈteɪʃn/', E'/ˌdɪsərˈteɪʃn/', E'A long essay on a particular subject, especially one written for a university degree.', E'Luận văn', 'noun', E'He spent months researching his final year dissertation.', E'Anh ấy đã dành nhiều tháng để nghiên cứu cho luận văn năm cuối của mình.', ARRAY['thesis']::text[], '{}', ARRAY['write a dissertation','submit a dissertation']::text[]) ON CONFLICT ("id") DO NOTHING;
INSERT INTO "VocabItem" ("id", "topicId", "word", "phonBr", "phonNAm", "meaning", "vietnameseMeaning", "partOfSpeech", "exampleSentence", "exampleTranslation", "synonyms", "antonyms", "collocations") VALUES ('education-higher-education-b2-faculty', 'education-higher-education-b2', E'faculty', E'/ˈfæklti/', E'/ˈfæklti/', E'A department or group of departments in a college or university specializing in a particular field.', E'Khoa (trong trường đại học)', 'noun', E'The faculty of science is hosting a conference next month.', E'Khoa khoa học sẽ tổ chức một hội nghị vào tháng tới.', ARRAY['department','school']::text[], '{}', ARRAY['faculty member','the Faculty of Arts']::text[]) ON CONFLICT ("id") DO NOTHING;
INSERT INTO "VocabItem" ("id", "topicId", "word", "phonBr", "phonNAm", "meaning", "vietnameseMeaning", "partOfSpeech", "exampleSentence", "exampleTranslation", "synonyms", "antonyms", "collocations") VALUES ('education-higher-education-b2-prerequisite', 'education-higher-education-b2', E'prerequisite', E'/ˌpriːˈrekwɪzɪt/', E'/ˌpriːˈrekwɪzɪt/', E'A thing that is required as a prior condition for something else to happen or exist.', E'Điều kiện tiên quyết', 'noun', E'Mathematics is a prerequisite for taking this physics course.', E'Toán học là điều kiện tiên quyết để tham gia khóa học vật lý này.', ARRAY['requirement','necessity']::text[], ARRAY['elective']::text[], ARRAY['meet a prerequisite','course prerequisite']::text[]) ON CONFLICT ("id") DO NOTHING;

-- Topic: Higher Education - C1 (1 words)
INSERT INTO "Topic" ("id", "title", "subtitle", "description", "level", "wordCount", "estimatedTime", "category", "subcategory", "order", "topicGroupId") VALUES ('education-higher-education-c1', 'Higher Education - C1', 'Vocabulary about higher education', 'Learn essential vocabulary about higher education at C1 level.', 'C1', 1, 2, 'Education', 'Higher Education', 4, 'se86f42d61455526d69f7') ON CONFLICT ("id") DO NOTHING;
INSERT INTO "VocabItem" ("id", "topicId", "word", "phonBr", "phonNAm", "meaning", "vietnameseMeaning", "partOfSpeech", "exampleSentence", "exampleTranslation", "synonyms", "antonyms", "collocations") VALUES ('education-higher-education-c1-rigorous', 'education-higher-education-c1', E'rigorous', E'/ˈrɪɡ.ər.əs/', E'/ˈrɪɡ.ɚ.əs/', E'extremely thorough, exhaustive, or accurate', E'nghiêm ngặt, chặt chẽ', 'adjective', E'The university maintains a rigorous academic standard that challenges even the most talented students.', E'Trường đại học duy trì một tiêu chuẩn học thuật nghiêm ngặt thách thức cả những sinh viên tài năng nhất.', ARRAY['thorough','exacting']::text[], ARRAY['lax']::text[], ARRAY['rigorous academic standards','rigorous analysis']::text[]) ON CONFLICT ("id") DO NOTHING;

-- Topic: Higher Education - C2 (3 words)
INSERT INTO "Topic" ("id", "title", "subtitle", "description", "level", "wordCount", "estimatedTime", "category", "subcategory", "order", "topicGroupId") VALUES ('education-higher-education-c2', 'Higher Education - C2', 'Vocabulary about higher education', 'Learn essential vocabulary about higher education at C2 level.', 'C2', 3, 6, 'Education', 'Higher Education', 5, 'se86f42d61455526d69f7') ON CONFLICT ("id") DO NOTHING;
INSERT INTO "VocabItem" ("id", "topicId", "word", "phonBr", "phonNAm", "meaning", "vietnameseMeaning", "partOfSpeech", "exampleSentence", "exampleTranslation", "synonyms", "antonyms", "collocations") VALUES ('education-higher-education-c2-postgraduate', 'education-higher-education-c2', E'postgraduate', E'/ˌpəʊstˈɡrædʒ.u.ət/', E'/ˌpoʊstˈɡrædʒ.u.ət/', E'A person who has completed a first degree and is studying for a more advanced degree.', E'Sau đại học', 'noun', E'The library provides dedicated resources for postgraduate students writing their dissertations.', E'Thư viện cung cấp các tài nguyên chuyên biệt dành cho sinh viên sau đại học đang viết luận án của họ.', ARRAY['graduate student']::text[], ARRAY['undergraduate']::text[], ARRAY['postgraduate degree','postgraduate study']::text[]) ON CONFLICT ("id") DO NOTHING;
INSERT INTO "VocabItem" ("id", "topicId", "word", "phonBr", "phonNAm", "meaning", "vietnameseMeaning", "partOfSpeech", "exampleSentence", "exampleTranslation", "synonyms", "antonyms", "collocations") VALUES ('education-higher-education-c2-epistemological', 'education-higher-education-c2', E'epistemological', E'/ɪˌpɪs.tə.məˈlɒdʒ.ɪ.kəl/', E'/ɪˌpɪs.tə.məˈlɑː.dʒɪ.kəl/', E'Relating to the theory of knowledge, especially with regard to its methods, validity, and scope.', E'Thuộc về nhận thức luận', 'adjective', E'His thesis challenges the epistemological foundations of modern social sciences.', E'Luận án của anh ấy thách thức các nền tảng nhận thức luận của các ngành khoa học xã hội hiện đại.', ARRAY['philosophical','cognitive']::text[], '{}', ARRAY['epistemological framework','epistemological basis']::text[]) ON CONFLICT ("id") DO NOTHING;
INSERT INTO "VocabItem" ("id", "topicId", "word", "phonBr", "phonNAm", "meaning", "vietnameseMeaning", "partOfSpeech", "exampleSentence", "exampleTranslation", "synonyms", "antonyms", "collocations") VALUES ('education-higher-education-c2-adjunct', 'education-higher-education-c2', E'adjunct', E'/ˈædʒ.ʌŋkt/', E'/ˈædʒ.ʌŋkt/', E'A person who is employed at a college or university on a temporary or auxiliary basis.', E'Giảng viên thỉnh giảng', 'noun', E'The university relies heavily on adjunct faculty to teach introductory courses.', E'Trường đại học dựa nhiều vào đội ngũ giảng viên thỉnh giảng để giảng dạy các khóa học nhập môn.', ARRAY['visiting lecturer','part-time instructor']::text[], ARRAY['tenured professor']::text[], ARRAY['adjunct professor','adjunct faculty']::text[]) ON CONFLICT ("id") DO NOTHING;

-- Topic: Exams & Tests - A1 (4 words)
INSERT INTO "Topic" ("id", "title", "subtitle", "description", "level", "wordCount", "estimatedTime", "category", "subcategory", "order", "topicGroupId") VALUES ('education-exams-and-tests-a1', 'Exams & Tests - A1', 'Vocabulary about exams & tests', 'Learn essential vocabulary about exams & tests at A1 level.', 'A1', 4, 8, 'Education', 'Exams & Tests', 0, 'se86f42d61455526d69f7') ON CONFLICT ("id") DO NOTHING;
INSERT INTO "VocabItem" ("id", "topicId", "word", "phonBr", "phonNAm", "meaning", "vietnameseMeaning", "partOfSpeech", "exampleSentence", "exampleTranslation", "synonyms", "antonyms", "collocations") VALUES ('education-exams-and-tests-a1-fail', 'education-exams-and-tests-a1', E'fail', E'/feɪl/', E'/feɪl/', E'to not be successful in an exam', E'trượt, không đạt', 'verb', E'Do not worry if you fail the test.', E'Đừng lo lắng nếu bạn trượt bài kiểm tra.', ARRAY['flunk']::text[], ARRAY['pass']::text[], ARRAY['fail a test','fail an exam']::text[]) ON CONFLICT ("id") DO NOTHING;
INSERT INTO "VocabItem" ("id", "topicId", "word", "phonBr", "phonNAm", "meaning", "vietnameseMeaning", "partOfSpeech", "exampleSentence", "exampleTranslation", "synonyms", "antonyms", "collocations") VALUES ('education-exams-and-tests-a1-mark', 'education-exams-and-tests-a1', E'mark', E'/mɑːk/', E'/mɑːrk/', E'a number or letter showing how well you did', E'điểm số', 'noun', E'I got a high mark on my test.', E'Tôi đã nhận được điểm cao trong bài kiểm tra của mình.', ARRAY['grade','score']::text[], '{}', ARRAY['get a mark','high mark']::text[]) ON CONFLICT ("id") DO NOTHING;
INSERT INTO "VocabItem" ("id", "topicId", "word", "phonBr", "phonNAm", "meaning", "vietnameseMeaning", "partOfSpeech", "exampleSentence", "exampleTranslation", "synonyms", "antonyms", "collocations") VALUES ('education-exams-and-tests-a1-hard', 'education-exams-and-tests-a1', E'hard', E'/hɑːd/', E'/hɑːrd/', E'difficult to do or understand', E'khó', 'adjective', E'That was a hard exam.', E'Đó là một bài thi khó.', ARRAY['difficult','tough']::text[], ARRAY['easy']::text[], ARRAY['hard test','hard question']::text[]) ON CONFLICT ("id") DO NOTHING;
INSERT INTO "VocabItem" ("id", "topicId", "word", "phonBr", "phonNAm", "meaning", "vietnameseMeaning", "partOfSpeech", "exampleSentence", "exampleTranslation", "synonyms", "antonyms", "collocations") VALUES ('education-exams-and-tests-a1-question', 'education-exams-and-tests-a1', E'question', E'/ˈkwes.tʃən/', E'/ˈkwes.tʃən/', E'a sentence asking for information', E'câu hỏi', 'noun', E'There are ten questions on the test.', E'Có mười câu hỏi trong bài kiểm tra.', ARRAY['inquiry','query']::text[], ARRAY['answer']::text[], ARRAY['answer a question','difficult question']::text[]) ON CONFLICT ("id") DO NOTHING;

-- Topic: Exams & Tests - A2 (1 words)
INSERT INTO "Topic" ("id", "title", "subtitle", "description", "level", "wordCount", "estimatedTime", "category", "subcategory", "order", "topicGroupId") VALUES ('education-exams-and-tests-a2', 'Exams & Tests - A2', 'Vocabulary about exams & tests', 'Learn essential vocabulary about exams & tests at A2 level.', 'A2', 1, 2, 'Education', 'Exams & Tests', 1, 'se86f42d61455526d69f7') ON CONFLICT ("id") DO NOTHING;
INSERT INTO "VocabItem" ("id", "topicId", "word", "phonBr", "phonNAm", "meaning", "vietnameseMeaning", "partOfSpeech", "exampleSentence", "exampleTranslation", "synonyms", "antonyms", "collocations") VALUES ('education-exams-and-tests-a2-prepare', 'education-exams-and-tests-a2', E'prepare', E'/prɪˈpeər/', E'/prɪˈper/', E'to get ready for something', E'chuẩn bị', 'verb', E'Students need to prepare for the final exam.', E'Học sinh cần chuẩn bị cho kỳ thi cuối kỳ.', ARRAY['study','revise']::text[], '{}', ARRAY['prepare for','well-prepared']::text[]) ON CONFLICT ("id") DO NOTHING;

-- Topic: Exams & Tests - B1 (7 words)
INSERT INTO "Topic" ("id", "title", "subtitle", "description", "level", "wordCount", "estimatedTime", "category", "subcategory", "order", "topicGroupId") VALUES ('education-exams-and-tests-b1', 'Exams & Tests - B1', 'Vocabulary about exams & tests', 'Learn essential vocabulary about exams & tests at B1 level.', 'B1', 7, 14, 'Education', 'Exams & Tests', 2, 'se86f42d61455526d69f7') ON CONFLICT ("id") DO NOTHING;
INSERT INTO "VocabItem" ("id", "topicId", "word", "phonBr", "phonNAm", "meaning", "vietnameseMeaning", "partOfSpeech", "exampleSentence", "exampleTranslation", "synonyms", "antonyms", "collocations") VALUES ('education-exams-and-tests-b1-invigilator', 'education-exams-and-tests-b1', E'invigilator', E'/ɪnˈvɪdʒɪleɪtə(r)/', E'/ɪnˈvɪdʒɪleɪtər/', E'a person who watches students during an exam to prevent cheating', E'giám thị', 'noun', E'The invigilator walked around the room to ensure no one was using a phone.', E'Giám thị đi quanh phòng để đảm bảo không có ai sử dụng điện thoại.', ARRAY['proctor','supervisor']::text[], '{}', ARRAY['strict invigilator']::text[]) ON CONFLICT ("id") DO NOTHING;
INSERT INTO "VocabItem" ("id", "topicId", "word", "phonBr", "phonNAm", "meaning", "vietnameseMeaning", "partOfSpeech", "exampleSentence", "exampleTranslation", "synonyms", "antonyms", "collocations") VALUES ('education-exams-and-tests-b1-assessment', 'education-exams-and-tests-b1', E'assessment', E'/əˈsesmənt/', E'/əˈsesmənt/', E'a test or evaluation of someone''s knowledge or ability', E'sự đánh giá', 'noun', E'The final assessment will cover all the topics we studied this term.', E'Bài đánh giá cuối kỳ sẽ bao quát tất cả các chủ đề chúng ta đã học trong học kỳ này.', ARRAY['evaluation','test']::text[], '{}', ARRAY['formal assessment','complete an assessment']::text[]) ON CONFLICT ("id") DO NOTHING;
INSERT INTO "VocabItem" ("id", "topicId", "word", "phonBr", "phonNAm", "meaning", "vietnameseMeaning", "partOfSpeech", "exampleSentence", "exampleTranslation", "synonyms", "antonyms", "collocations") VALUES ('education-exams-and-tests-b1-certificate', 'education-exams-and-tests-b1', E'certificate', E'/səˈtɪfɪkət/', E'/sərˈtɪfɪkət/', E'an official document proving you passed an exam or finished a course', E'chứng chỉ', 'noun', E'She received a certificate after passing her English proficiency exam.', E'Cô ấy đã nhận được chứng chỉ sau khi vượt qua kỳ thi năng lực tiếng Anh.', ARRAY['diploma','qualification']::text[], '{}', ARRAY['obtain a certificate','language certificate']::text[]) ON CONFLICT ("id") DO NOTHING;
INSERT INTO "VocabItem" ("id", "topicId", "word", "phonBr", "phonNAm", "meaning", "vietnameseMeaning", "partOfSpeech", "exampleSentence", "exampleTranslation", "synonyms", "antonyms", "collocations") VALUES ('education-exams-and-tests-b1-attempt', 'education-exams-and-tests-b1', E'attempt', E'/əˈtempt/', E'/əˈtempt/', E'to try to answer a question or complete a test', E'cố gắng, làm thử', 'verb', E'Make sure you attempt every question on the test, even if you are unsure.', E'Hãy chắc chắn rằng bạn làm thử mọi câu hỏi trong bài kiểm tra, ngay cả khi bạn không chắc chắn.', ARRAY['try','tackle']::text[], '{}', ARRAY['attempt a question','successful attempt']::text[]) ON CONFLICT ("id") DO NOTHING;
INSERT INTO "VocabItem" ("id", "topicId", "word", "phonBr", "phonNAm", "meaning", "vietnameseMeaning", "partOfSpeech", "exampleSentence", "exampleTranslation", "synonyms", "antonyms", "collocations") VALUES ('education-exams-and-tests-b1-failing', 'education-exams-and-tests-b1', E'failing', E'/ˈfeɪlɪŋ/', E'/ˈfeɪlɪŋ/', E'not achieving the required standard to pass an exam', E'trượt, không đạt', 'adjective', E'He was worried about failing the math exam because it was very difficult.', E'Anh ấy lo lắng về việc trượt bài thi toán vì nó rất khó.', ARRAY['unsuccessful']::text[], ARRAY['passing']::text[], ARRAY['failing grade','risk failing']::text[]) ON CONFLICT ("id") DO NOTHING;
INSERT INTO "VocabItem" ("id", "topicId", "word", "phonBr", "phonNAm", "meaning", "vietnameseMeaning", "partOfSpeech", "exampleSentence", "exampleTranslation", "synonyms", "antonyms", "collocations") VALUES ('education-exams-and-tests-b1-instructions', 'education-exams-and-tests-b1', E'instructions', E'/ɪnˈstrʌkʃnz/', E'/ɪnˈstrʌkʃnz/', E'detailed information on how to do something in the exam', E'hướng dẫn', 'noun', E'Read the instructions carefully before you start writing your answers.', E'Hãy đọc kỹ hướng dẫn trước khi bạn bắt đầu viết câu trả lời.', ARRAY['directions','guidelines']::text[], '{}', ARRAY['follow instructions','clear instructions']::text[]) ON CONFLICT ("id") DO NOTHING;
INSERT INTO "VocabItem" ("id", "topicId", "word", "phonBr", "phonNAm", "meaning", "vietnameseMeaning", "partOfSpeech", "exampleSentence", "exampleTranslation", "synonyms", "antonyms", "collocations") VALUES ('education-exams-and-tests-b1-hand-in', 'education-exams-and-tests-b1', E'hand in', E'/hænd ɪn/', E'/hænd ɪn/', E'to give your completed work to the teacher or examiner', E'nộp bài', 'phrase', E'Students must hand in their papers when the time is up.', E'Học sinh phải nộp bài khi hết giờ.', ARRAY['submit','turn in']::text[], '{}', ARRAY['hand in work','hand in assignment']::text[]) ON CONFLICT ("id") DO NOTHING;

-- Topic: Exams & Tests - B2 (7 words)
INSERT INTO "Topic" ("id", "title", "subtitle", "description", "level", "wordCount", "estimatedTime", "category", "subcategory", "order", "topicGroupId") VALUES ('education-exams-and-tests-b2', 'Exams & Tests - B2', 'Vocabulary about exams & tests', 'Learn essential vocabulary about exams & tests at B2 level.', 'B2', 7, 14, 'Education', 'Exams & Tests', 3, 'se86f42d61455526d69f7') ON CONFLICT ("id") DO NOTHING;
INSERT INTO "VocabItem" ("id", "topicId", "word", "phonBr", "phonNAm", "meaning", "vietnameseMeaning", "partOfSpeech", "exampleSentence", "exampleTranslation", "synonyms", "antonyms", "collocations") VALUES ('education-exams-and-tests-b2-assess', 'education-exams-and-tests-b2', E'assess', E'/əˈses/', E'/əˈses/', E'To evaluate or estimate the nature, quality, or ability of someone or something.', E'Đánh giá', 'verb', E'Teachers use various methods to assess student progress throughout the semester.', E'Giáo viên sử dụng nhiều phương pháp khác nhau để đánh giá sự tiến bộ của học sinh trong suốt học kỳ.', ARRAY['evaluate','appraise']::text[], '{}', ARRAY['assess performance','assess impact']::text[]) ON CONFLICT ("id") DO NOTHING;
INSERT INTO "VocabItem" ("id", "topicId", "word", "phonBr", "phonNAm", "meaning", "vietnameseMeaning", "partOfSpeech", "exampleSentence", "exampleTranslation", "synonyms", "antonyms", "collocations") VALUES ('education-exams-and-tests-b2-retake', 'education-exams-and-tests-b2', E'retake', E'/ˌriːˈteɪk/', E'/ˌriːˈteɪk/', E'To take an examination again after failing it previously.', E'Thi lại', 'verb', E'He had to retake the chemistry exam because he failed the first time.', E'Anh ấy phải thi lại môn hóa vì lần đầu anh ấy đã trượt.', ARRAY['resit']::text[], '{}', ARRAY['retake an exam','forced to retake']::text[]) ON CONFLICT ("id") DO NOTHING;
INSERT INTO "VocabItem" ("id", "topicId", "word", "phonBr", "phonNAm", "meaning", "vietnameseMeaning", "partOfSpeech", "exampleSentence", "exampleTranslation", "synonyms", "antonyms", "collocations") VALUES ('education-exams-and-tests-b2-provisional', 'education-exams-and-tests-b2', E'provisional', E'/prəˈvɪʒənl/', E'/prəˈvɪʒənl/', E'Arranged or existing for the present, possibly to be changed later.', E'Đây là kết quả tạm thời cho đến khi điểm cuối cùng được xác nhận vào tuần tới.', 'adjective', E'These are the provisional results until the final grades are confirmed next week.', E'', ARRAY['temporary','interim']::text[], ARRAY['final']::text[], ARRAY['provisional results','provisional assessment']::text[]) ON CONFLICT ("id") DO NOTHING;
INSERT INTO "VocabItem" ("id", "topicId", "word", "phonBr", "phonNAm", "meaning", "vietnameseMeaning", "partOfSpeech", "exampleSentence", "exampleTranslation", "synonyms", "antonyms", "collocations") VALUES ('education-exams-and-tests-b2-eligibility', 'education-exams-and-tests-b2', E'eligibility', E'/ˌelɪdʒəˈbɪləti/', E'/ˌelɪdʒəˈbɪləti/', E'The state of having the necessary qualities or fulfilling the necessary conditions.', E'Sự đủ điều kiện', 'noun', E'You must check your eligibility for the scholarship before submitting the application.', E'Bạn phải kiểm tra điều kiện nhận học bổng của mình trước khi nộp đơn.', ARRAY['qualification','entitlement']::text[], ARRAY['ineligibility']::text[], ARRAY['check eligibility','confirm eligibility']::text[]) ON CONFLICT ("id") DO NOTHING;
INSERT INTO "VocabItem" ("id", "topicId", "word", "phonBr", "phonNAm", "meaning", "vietnameseMeaning", "partOfSpeech", "exampleSentence", "exampleTranslation", "synonyms", "antonyms", "collocations") VALUES ('education-exams-and-tests-b2-standardized', 'education-exams-and-tests-b2', E'standardized', E'/ˈstændədaɪzd/', E'/ˈstændərdaɪzd/', E'Designed to be administered and scored in a consistent manner.', E'Được tiêu chuẩn hóa', 'adjective', E'The university requires scores from a standardized test like the TOEFL or IELTS.', E'Trường đại học yêu cầu điểm số từ một bài thi tiêu chuẩn hóa như TOEFL hoặc IELTS.', ARRAY['uniform','regularized']::text[], '{}', ARRAY['standardized test','standardized assessment']::text[]) ON CONFLICT ("id") DO NOTHING;
INSERT INTO "VocabItem" ("id", "topicId", "word", "phonBr", "phonNAm", "meaning", "vietnameseMeaning", "partOfSpeech", "exampleSentence", "exampleTranslation", "synonyms", "antonyms", "collocations") VALUES ('education-exams-and-tests-b2-benchmark', 'education-exams-and-tests-b2', E'benchmark', E'/ˈbentʃmɑːk/', E'/ˈbentʃmɑːrk/', E'A standard or point of reference against which things may be compared or assessed.', E'Tiêu chuẩn đánh giá', 'noun', E'The final exam serves as a benchmark for student achievement in the course.', E'Bài thi cuối kỳ đóng vai trò là tiêu chuẩn đánh giá thành tích của học sinh trong khóa học.', ARRAY['standard','criterion']::text[], '{}', ARRAY['set a benchmark','performance benchmark']::text[]) ON CONFLICT ("id") DO NOTHING;
INSERT INTO "VocabItem" ("id", "topicId", "word", "phonBr", "phonNAm", "meaning", "vietnameseMeaning", "partOfSpeech", "exampleSentence", "exampleTranslation", "synonyms", "antonyms", "collocations") VALUES ('education-exams-and-tests-b2-comprehensive', 'education-exams-and-tests-b2', E'comprehensive', E'/ˌkɒmprɪˈhensɪv/', E'/ˌkɑːmprɪˈhensɪv/', E'Including all or nearly all elements or aspects of something.', E'Toàn diện', 'adjective', E'The final exam is a comprehensive test covering everything we learned this year.', E'Bài thi cuối kỳ là một bài kiểm tra toàn diện bao gồm mọi thứ chúng ta đã học năm nay.', ARRAY['thorough','exhaustive']::text[], ARRAY['limited']::text[], ARRAY['comprehensive exam','comprehensive review']::text[]) ON CONFLICT ("id") DO NOTHING;

-- Topic: Exams & Tests - C1 (7 words)
INSERT INTO "Topic" ("id", "title", "subtitle", "description", "level", "wordCount", "estimatedTime", "category", "subcategory", "order", "topicGroupId") VALUES ('education-exams-and-tests-c1', 'Exams & Tests - C1', 'Vocabulary about exams & tests', 'Learn essential vocabulary about exams & tests at C1 level.', 'C1', 7, 14, 'Education', 'Exams & Tests', 4, 'se86f42d61455526d69f7') ON CONFLICT ("id") DO NOTHING;
INSERT INTO "VocabItem" ("id", "topicId", "word", "phonBr", "phonNAm", "meaning", "vietnameseMeaning", "partOfSpeech", "exampleSentence", "exampleTranslation", "synonyms", "antonyms", "collocations") VALUES ('education-exams-and-tests-c1-invigilate', 'education-exams-and-tests-c1', E'invigilate', E'/ɪnˈvɪdʒɪleɪt/', E'/ɪnˈvɪdʒəleɪt/', E'to supervise candidates during an examination to prevent cheating', E'coi thi', 'verb', E'The professors were asked to invigilate the final exam to ensure academic integrity.', E'Các giáo sư được yêu cầu coi thi cuối kỳ để đảm bảo tính liêm chính trong học thuật.', ARRAY['supervise','proctor']::text[], '{}', ARRAY['invigilate an exam','strictly invigilate']::text[]) ON CONFLICT ("id") DO NOTHING;
INSERT INTO "VocabItem" ("id", "topicId", "word", "phonBr", "phonNAm", "meaning", "vietnameseMeaning", "partOfSpeech", "exampleSentence", "exampleTranslation", "synonyms", "antonyms", "collocations") VALUES ('education-exams-and-tests-c1-procrastination', 'education-exams-and-tests-c1', E'procrastination', E'/prəˌkræstɪˈneɪʃn/', E'/proʊˌkræstəˈneɪʃn/', E'the action of delaying or postponing something, often detrimental to exam preparation', E'sự trì hoãn', 'noun', E'Chronic procrastination often leads to poor performance in high-stakes examinations.', E'Thói quen trì hoãn kinh niên thường dẫn đến kết quả kém trong các kỳ thi quan trọng.', ARRAY['delay','dallying']::text[], ARRAY['diligence']::text[], ARRAY['avoid procrastination','chronic procrastination']::text[]) ON CONFLICT ("id") DO NOTHING;
INSERT INTO "VocabItem" ("id", "topicId", "word", "phonBr", "phonNAm", "meaning", "vietnameseMeaning", "partOfSpeech", "exampleSentence", "exampleTranslation", "synonyms", "antonyms", "collocations") VALUES ('education-exams-and-tests-c1-extrapolate', 'education-exams-and-tests-c1', E'extrapolate', E'/ɪkˈstræpəleɪt/', E'/ɪkˈstræpəleɪt/', E'to infer or estimate by extending known information, often used in data-based exam questions', E'suy diễn, ngoại suy', 'verb', E'Students must be able to extrapolate trends from the provided graphs during the statistics test.', E'Học sinh phải có khả năng suy diễn các xu hướng từ biểu đồ được cung cấp trong bài kiểm tra thống kê.', ARRAY['infer','project']::text[], '{}', ARRAY['extrapolate data','extrapolate a trend']::text[]) ON CONFLICT ("id") DO NOTHING;
INSERT INTO "VocabItem" ("id", "topicId", "word", "phonBr", "phonNAm", "meaning", "vietnameseMeaning", "partOfSpeech", "exampleSentence", "exampleTranslation", "synonyms", "antonyms", "collocations") VALUES ('education-exams-and-tests-c1-mitigating', 'education-exams-and-tests-c1', E'mitigating', E'/ˈmɪtɪɡeɪtɪŋ/', E'/ˈmɪtɪɡeɪtɪŋ/', E'making something less severe, serious, or painful, often used in ''mitigating circumstances'' for exam appeals', E'giảm nhẹ', 'adjective', E'The board considered her illness as a mitigating factor for her poor exam results.', E'Hội đồng đã xem xét bệnh tình của cô ấy như một yếu tố giảm nhẹ cho kết quả thi kém.', ARRAY['alleviating','diminishing']::text[], ARRAY['aggravating']::text[], ARRAY['mitigating circumstances','mitigating factor']::text[]) ON CONFLICT ("id") DO NOTHING;
INSERT INTO "VocabItem" ("id", "topicId", "word", "phonBr", "phonNAm", "meaning", "vietnameseMeaning", "partOfSpeech", "exampleSentence", "exampleTranslation", "synonyms", "antonyms", "collocations") VALUES ('education-exams-and-tests-c1-concomitant', 'education-exams-and-tests-c1', E'concomitant', E'/kənˈkɒmɪtənt/', E'/kənˈkɑːmɪtənt/', E'naturally accompanying or associated with something', E'đi kèm, đồng thời', 'adjective', E'High anxiety is a concomitant effect of preparing for high-stakes examinations.', E'Lo âu cao độ là một tác động đi kèm với việc chuẩn bị cho các kỳ thi quan trọng.', ARRAY['associated','attendant']::text[], '{}', ARRAY['concomitant factor','concomitant result']::text[]) ON CONFLICT ("id") DO NOTHING;
INSERT INTO "VocabItem" ("id", "topicId", "word", "phonBr", "phonNAm", "meaning", "vietnameseMeaning", "partOfSpeech", "exampleSentence", "exampleTranslation", "synonyms", "antonyms", "collocations") VALUES ('education-exams-and-tests-c1-elucidate', 'education-exams-and-tests-c1', E'elucidate', E'/ɪˈluːsɪdeɪt/', E'/ɪˈluːsɪdeɪt/', E'to make something clear; explain', E'làm sáng tỏ', 'verb', E'The teacher had to elucidate the complex exam rubric to ensure all students understood the requirements.', E'Giáo viên phải làm sáng tỏ tiêu chí chấm thi phức tạp để đảm bảo tất cả học sinh hiểu rõ các yêu cầu.', ARRAY['clarify','explain']::text[], ARRAY['confuse']::text[], ARRAY['elucidate a point','elucidate the meaning']::text[]) ON CONFLICT ("id") DO NOTHING;
INSERT INTO "VocabItem" ("id", "topicId", "word", "phonBr", "phonNAm", "meaning", "vietnameseMeaning", "partOfSpeech", "exampleSentence", "exampleTranslation", "synonyms", "antonyms", "collocations") VALUES ('education-exams-and-tests-c1-substantiate', 'education-exams-and-tests-c1', E'substantiate', E'/səbˈstænʃieɪt/', E'/səbˈstænʃieɪt/', E'to provide evidence to support or prove the truth of', E'chứng minh, làm sáng tỏ bằng chứng', 'verb', E'In your essay, you must substantiate your arguments with relevant data to achieve a high grade.', E'Trong bài luận, bạn phải chứng minh các lập luận của mình bằng dữ liệu liên quan để đạt điểm cao.', ARRAY['validate','verify']::text[], ARRAY['refute']::text[], ARRAY['substantiate a claim','substantiate an argument']::text[]) ON CONFLICT ("id") DO NOTHING;

-- Topic: Exams & Tests - C2 (7 words)
INSERT INTO "Topic" ("id", "title", "subtitle", "description", "level", "wordCount", "estimatedTime", "category", "subcategory", "order", "topicGroupId") VALUES ('education-exams-and-tests-c2', 'Exams & Tests - C2', 'Vocabulary about exams & tests', 'Learn essential vocabulary about exams & tests at C2 level.', 'C2', 7, 14, 'Education', 'Exams & Tests', 5, 'se86f42d61455526d69f7') ON CONFLICT ("id") DO NOTHING;
INSERT INTO "VocabItem" ("id", "topicId", "word", "phonBr", "phonNAm", "meaning", "vietnameseMeaning", "partOfSpeech", "exampleSentence", "exampleTranslation", "synonyms", "antonyms", "collocations") VALUES ('education-exams-and-tests-c2-scantron', 'education-exams-and-tests-c2', E'scantron', E'/ˈskæntrɒn/', E'/ˈskæntrɑːn/', E'a specialized optical mark recognition form used for automated test grading', E'phiếu trả lời trắc nghiệm (được chấm bằng máy)', 'noun', E'Please ensure your pencil marks on the scantron are dark and complete to avoid grading errors.', E'Hãy đảm bảo các vết chì trên phiếu trắc nghiệm của bạn đậm và đầy đủ để tránh sai sót khi chấm điểm.', ARRAY['bubble sheet','answer sheet']::text[], '{}', ARRAY['fill out a scantron','scantron sheet']::text[]) ON CONFLICT ("id") DO NOTHING;
INSERT INTO "VocabItem" ("id", "topicId", "word", "phonBr", "phonNAm", "meaning", "vietnameseMeaning", "partOfSpeech", "exampleSentence", "exampleTranslation", "synonyms", "antonyms", "collocations") VALUES ('education-exams-and-tests-c2-adjudicate', 'education-exams-and-tests-c2', E'adjudicate', E'/əˈdʒuːdɪkeɪt/', E'/əˈdʒuːdɪkeɪt/', E'to make a formal judgment on a disputed matter or competition', E'xét xử, phân xử, chấm điểm (trong các cuộc thi)', 'verb', E'A panel of experts was appointed to adjudicate the oral presentations of the finalists.', E'Một hội đồng chuyên gia đã được chỉ định để chấm điểm các bài thuyết trình của những người lọt vào vòng chung kết.', ARRAY['arbitrate','judge']::text[], '{}', ARRAY['adjudicate a contest','adjudicate the results']::text[]) ON CONFLICT ("id") DO NOTHING;
INSERT INTO "VocabItem" ("id", "topicId", "word", "phonBr", "phonNAm", "meaning", "vietnameseMeaning", "partOfSpeech", "exampleSentence", "exampleTranslation", "synonyms", "antonyms", "collocations") VALUES ('education-exams-and-tests-c2-proctor', 'education-exams-and-tests-c2', E'proctor', E'/ˈprɒktə(r)/', E'/ˈprɑːktər/', E'a person who monitors students during an exam', E'giám thị', 'noun', E'The proctor walked up and down the aisles, checking for any unauthorized electronic devices.', E'Giám thị đi dọc các lối đi, kiểm tra xem có thiết bị điện tử trái phép nào không.', ARRAY['invigilator','monitor']::text[], '{}', ARRAY['exam proctor','proctor a test']::text[]) ON CONFLICT ("id") DO NOTHING;
INSERT INTO "VocabItem" ("id", "topicId", "word", "phonBr", "phonNAm", "meaning", "vietnameseMeaning", "partOfSpeech", "exampleSentence", "exampleTranslation", "synonyms", "antonyms", "collocations") VALUES ('education-exams-and-tests-c2-distractor', 'education-exams-and-tests-c2', E'distractor', E'/dɪˈstræktə(r)/', E'/dɪˈstræktər/', E'a wrong answer in a multiple-choice test designed to look like a correct one', E'đáp án gây nhiễu', 'noun', E'The test designer included a plausible distractor to ensure that only those who understood the concept would succeed.', E'Người thiết kế bài thi đã đưa vào một đáp án gây nhiễu hợp lý để đảm bảo rằng chỉ những người thực sự hiểu khái niệm mới thành công.', ARRAY['decoy','foil']::text[], '{}', ARRAY['plausible distractor','eliminate distractors']::text[]) ON CONFLICT ("id") DO NOTHING;
INSERT INTO "VocabItem" ("id", "topicId", "word", "phonBr", "phonNAm", "meaning", "vietnameseMeaning", "partOfSpeech", "exampleSentence", "exampleTranslation", "synonyms", "antonyms", "collocations") VALUES ('education-exams-and-tests-c2-abstruse', 'education-exams-and-tests-c2', E'abstruse', E'/əbˈstruːs/', E'/əbˈstruːs/', E'difficult to understand; obscure, often used to describe complex exam questions', E'khó hiểu, trừu tượng', 'adjective', E'The physics paper was filled with abstruse theories that challenged even the brightest students.', E'Bài thi vật lý chứa đầy những lý thuyết khó hiểu thách thức cả những sinh viên giỏi nhất.', ARRAY['esoteric','arcane']::text[], ARRAY['lucid']::text[], ARRAY['abstruse concepts','abstruse subject matter']::text[]) ON CONFLICT ("id") DO NOTHING;
INSERT INTO "VocabItem" ("id", "topicId", "word", "phonBr", "phonNAm", "meaning", "vietnameseMeaning", "partOfSpeech", "exampleSentence", "exampleTranslation", "synonyms", "antonyms", "collocations") VALUES ('education-exams-and-tests-c2-post-hoc', 'education-exams-and-tests-c2', E'post-hoc', E'/ˌpəʊst ˈhɒk/', E'/ˌpoʊst ˈhɑːk/', E'occurring or done after the event, often referring to test analysis performed after results are released', E'xảy ra sau sự kiện (phân tích sau khi thi)', 'adjective', E'The committee conducted a post-hoc analysis of the exam data to identify potential bias in the questions.', E'Ủy ban đã thực hiện phân tích dữ liệu bài thi sau khi sự kiện kết thúc để xác định khả năng thiên kiến trong các câu hỏi.', ARRAY['retrospective']::text[], ARRAY['a priori']::text[], ARRAY['post-hoc analysis','post-hoc evaluation']::text[]) ON CONFLICT ("id") DO NOTHING;
INSERT INTO "VocabItem" ("id", "topicId", "word", "phonBr", "phonNAm", "meaning", "vietnameseMeaning", "partOfSpeech", "exampleSentence", "exampleTranslation", "synonyms", "antonyms", "collocations") VALUES ('education-exams-and-tests-c2-infallible', 'education-exams-and-tests-c2', E'infallible', E'/ɪnˈfæləbl/', E'/ɪnˈfæləbl/', E'incapable of making mistakes or being wrong; often used regarding grading accuracy', E'không thể sai lầm, chính xác tuyệt đối', 'adjective', E'No automated grading system is entirely infallible, which is why a manual review is sometimes necessary.', E'Không có hệ thống chấm điểm tự động nào là chính xác tuyệt đối, đó là lý do tại sao đôi khi cần phải xem xét thủ công.', ARRAY['flawless','unfailing']::text[], ARRAY['fallible']::text[], ARRAY['infallible method','not infallible']::text[]) ON CONFLICT ("id") DO NOTHING;

-- Topic: Teaching & Learning - A2 (7 words)
INSERT INTO "Topic" ("id", "title", "subtitle", "description", "level", "wordCount", "estimatedTime", "category", "subcategory", "order", "topicGroupId") VALUES ('education-teaching-and-learning-a2', 'Teaching & Learning - A2', 'Vocabulary about teaching & learning', 'Learn essential vocabulary about teaching & learning at A2 level.', 'A2', 7, 14, 'Education', 'Teaching & Learning', 1, 'se86f42d61455526d69f7') ON CONFLICT ("id") DO NOTHING;
INSERT INTO "VocabItem" ("id", "topicId", "word", "phonBr", "phonNAm", "meaning", "vietnameseMeaning", "partOfSpeech", "exampleSentence", "exampleTranslation", "synonyms", "antonyms", "collocations") VALUES ('education-teaching-and-learning-a2-lesson', 'education-teaching-and-learning-a2', E'lesson', E'/ˈles.ən/', E'/ˈles.ən/', E'a period of time in which a student learns something', E'bài học', 'noun', E'We have an English lesson every Monday morning.', E'Chúng tôi có một bài học tiếng Anh vào mỗi sáng thứ Hai.', ARRAY['class','session']::text[], '{}', ARRAY['take a lesson','attend a lesson']::text[]) ON CONFLICT ("id") DO NOTHING;
INSERT INTO "VocabItem" ("id", "topicId", "word", "phonBr", "phonNAm", "meaning", "vietnameseMeaning", "partOfSpeech", "exampleSentence", "exampleTranslation", "synonyms", "antonyms", "collocations") VALUES ('education-teaching-and-learning-a2-practice', 'education-teaching-and-learning-a2', E'practice', E'/ˈpræk.tɪs/', E'/ˈpræk.tɪs/', E'to do something repeatedly to become better at it', E'luyện tập', 'verb', E'You should practice speaking English every day.', E'Bạn nên luyện tập nói tiếng Anh mỗi ngày.', ARRAY['rehearse','train']::text[], '{}', ARRAY['practice speaking','practice English']::text[]) ON CONFLICT ("id") DO NOTHING;
INSERT INTO "VocabItem" ("id", "topicId", "word", "phonBr", "phonNAm", "meaning", "vietnameseMeaning", "partOfSpeech", "exampleSentence", "exampleTranslation", "synonyms", "antonyms", "collocations") VALUES ('education-teaching-and-learning-a2-explain', 'education-teaching-and-learning-a2', E'explain', E'/ɪkˈspleɪn/', E'/ɪkˈspleɪn/', E'to make something clear or easy to understand', E'giải thích', 'verb', E'Can you explain this grammar rule to me?', E'Bạn có thể giải thích quy tắc ngữ pháp này cho tôi không?', ARRAY['clarify','describe']::text[], '{}', ARRAY['explain clearly','explain to someone']::text[]) ON CONFLICT ("id") DO NOTHING;
INSERT INTO "VocabItem" ("id", "topicId", "word", "phonBr", "phonNAm", "meaning", "vietnameseMeaning", "partOfSpeech", "exampleSentence", "exampleTranslation", "synonyms", "antonyms", "collocations") VALUES ('education-teaching-and-learning-a2-notebook', 'education-teaching-and-learning-a2', E'notebook', E'/ˈnəʊt.bʊk/', E'/ˈnoʊt.bʊk/', E'a book with blank pages for writing notes', E'vở ghi chép', 'noun', E'Please write the new words in your notebook.', E'Hãy viết các từ mới vào vở của bạn.', ARRAY['pad','journal']::text[], '{}', ARRAY['open your notebook','write in a notebook']::text[]) ON CONFLICT ("id") DO NOTHING;
INSERT INTO "VocabItem" ("id", "topicId", "word", "phonBr", "phonNAm", "meaning", "vietnameseMeaning", "partOfSpeech", "exampleSentence", "exampleTranslation", "synonyms", "antonyms", "collocations") VALUES ('education-teaching-and-learning-a2-correct', 'education-teaching-and-learning-a2', E'correct', E'/kəˈrekt/', E'/kəˈrekt/', E'to show someone where they have made a mistake', E'sửa lỗi', 'verb', E'The teacher will correct our tests tomorrow.', E'Giáo viên sẽ sửa bài kiểm tra của chúng tôi vào ngày mai.', ARRAY['fix','amend']::text[], ARRAY['make a mistake']::text[], ARRAY['correct a mistake','correct the answer']::text[]) ON CONFLICT ("id") DO NOTHING;
INSERT INTO "VocabItem" ("id", "topicId", "word", "phonBr", "phonNAm", "meaning", "vietnameseMeaning", "partOfSpeech", "exampleSentence", "exampleTranslation", "synonyms", "antonyms", "collocations") VALUES ('education-teaching-and-learning-a2-knowledge', 'education-teaching-and-learning-a2', E'knowledge', E'/ˈnɒl.ɪdʒ/', E'/ˈnɑː.lɪdʒ/', E'information, understanding, or skill that you get from experience or education', E'kiến thức', 'noun', E'Reading books helps you gain more knowledge.', E'Đọc sách giúp bạn có thêm nhiều kiến thức.', ARRAY['wisdom','understanding']::text[], ARRAY['ignorance']::text[], ARRAY['gain knowledge','general knowledge']::text[]) ON CONFLICT ("id") DO NOTHING;
INSERT INTO "VocabItem" ("id", "topicId", "word", "phonBr", "phonNAm", "meaning", "vietnameseMeaning", "partOfSpeech", "exampleSentence", "exampleTranslation", "synonyms", "antonyms", "collocations") VALUES ('education-teaching-and-learning-a2-improve', 'education-teaching-and-learning-a2', E'improve', E'/ɪmˈpruːv/', E'/ɪmˈpruːv/', E'to get better or to make something better', E'cải thiện', 'verb', E'I want to improve my writing skills.', E'Tôi muốn cải thiện kỹ năng viết của mình.', ARRAY['enhance','better']::text[], ARRAY['worsen']::text[], ARRAY['improve skills','improve English']::text[]) ON CONFLICT ("id") DO NOTHING;

-- Topic: Teaching & Learning - B1 (6 words)
INSERT INTO "Topic" ("id", "title", "subtitle", "description", "level", "wordCount", "estimatedTime", "category", "subcategory", "order", "topicGroupId") VALUES ('education-teaching-and-learning-b1', 'Teaching & Learning - B1', 'Vocabulary about teaching & learning', 'Learn essential vocabulary about teaching & learning at B1 level.', 'B1', 6, 12, 'Education', 'Teaching & Learning', 2, 'se86f42d61455526d69f7') ON CONFLICT ("id") DO NOTHING;
INSERT INTO "VocabItem" ("id", "topicId", "word", "phonBr", "phonNAm", "meaning", "vietnameseMeaning", "partOfSpeech", "exampleSentence", "exampleTranslation", "synonyms", "antonyms", "collocations") VALUES ('education-teaching-and-learning-b1-evaluate', 'education-teaching-and-learning-b1', E'evaluate', E'/ɪˈvæljueɪt/', E'/ɪˈvæljueɪt/', E'to judge or calculate the quality, importance, or value of something', E'đánh giá', 'verb', E'Teachers often evaluate students based on their participation and test scores.', E'Giáo viên thường đánh giá học sinh dựa trên sự tham gia và điểm kiểm tra của họ.', ARRAY['assess','judge']::text[], '{}', ARRAY['evaluate performance','evaluate progress']::text[]) ON CONFLICT ("id") DO NOTHING;
INSERT INTO "VocabItem" ("id", "topicId", "word", "phonBr", "phonNAm", "meaning", "vietnameseMeaning", "partOfSpeech", "exampleSentence", "exampleTranslation", "synonyms", "antonyms", "collocations") VALUES ('education-teaching-and-learning-b1-instruction', 'education-teaching-and-learning-b1', E'instruction', E'/ɪnˈstrʌkʃn/', E'/ɪnˈstrʌkʃn/', E'the act of teaching something or the knowledge that is taught', E'sự hướng dẫn, giảng dạy', 'noun', E'The students received clear instruction on how to conduct the experiment.', E'Các học sinh đã nhận được sự hướng dẫn rõ ràng về cách thực hiện thí nghiệm.', ARRAY['teaching','coaching']::text[], '{}', ARRAY['provide instruction','follow instructions']::text[]) ON CONFLICT ("id") DO NOTHING;
INSERT INTO "VocabItem" ("id", "topicId", "word", "phonBr", "phonNAm", "meaning", "vietnameseMeaning", "partOfSpeech", "exampleSentence", "exampleTranslation", "synonyms", "antonyms", "collocations") VALUES ('education-teaching-and-learning-b1-knowledgeable', 'education-teaching-and-learning-b1', E'knowledgeable', E'/ˈnɒlɪdʒəbl/', E'/ˈnɑːlɪdʒəbl/', E'knowing a lot about a particular subject', E'có kiến thức, am hiểu', 'adjective', E'My professor is very knowledgeable about modern literature.', E'Giáo sư của tôi rất am hiểu về văn học hiện đại.', ARRAY['well-informed','educated']::text[], ARRAY['ignorant']::text[], ARRAY['highly knowledgeable','become knowledgeable']::text[]) ON CONFLICT ("id") DO NOTHING;
INSERT INTO "VocabItem" ("id", "topicId", "word", "phonBr", "phonNAm", "meaning", "vietnameseMeaning", "partOfSpeech", "exampleSentence", "exampleTranslation", "synonyms", "antonyms", "collocations") VALUES ('education-teaching-and-learning-b1-participate', 'education-teaching-and-learning-b1', E'participate', E'/pɑːˈtɪsɪpeɪt/', E'/pɑːrˈtɪsɪpeɪt/', E'to be involved in an activity or event', E'tham gia', 'verb', E'Students are encouraged to participate in class discussions.', E'Học sinh được khuyến khích tham gia vào các cuộc thảo luận trên lớp.', ARRAY['take part','join in']::text[], ARRAY['avoid']::text[], ARRAY['participate in class','actively participate']::text[]) ON CONFLICT ("id") DO NOTHING;
INSERT INTO "VocabItem" ("id", "topicId", "word", "phonBr", "phonNAm", "meaning", "vietnameseMeaning", "partOfSpeech", "exampleSentence", "exampleTranslation", "synonyms", "antonyms", "collocations") VALUES ('education-teaching-and-learning-b1-research', 'education-teaching-and-learning-b1', E'research', E'/rɪˈsɜːtʃ/', E'/ˈriːsɜːrtʃ/', E'a detailed study of a subject, especially in order to discover new information', E'nghiên cứu', 'noun', E'She spent months doing research for her final project.', E'Cô ấy đã dành nhiều tháng để thực hiện nghiên cứu cho bài tập cuối khóa.', ARRAY['investigation','study']::text[], '{}', ARRAY['conduct research','do research']::text[]) ON CONFLICT ("id") DO NOTHING;
INSERT INTO "VocabItem" ("id", "topicId", "word", "phonBr", "phonNAm", "meaning", "vietnameseMeaning", "partOfSpeech", "exampleSentence", "exampleTranslation", "synonyms", "antonyms", "collocations") VALUES ('education-teaching-and-learning-b1-tutorial', 'education-teaching-and-learning-b1', E'tutorial', E'/tjuːˈtɔːriəl/', E'/tuːˈtɔːriəl/', E'a period of study with a tutor involving one student or a small group', E'bài hướng dẫn, buổi học nhóm nhỏ', 'noun', E'I have a tutorial with my professor to discuss my thesis draft.', E'Tôi có một buổi hướng dẫn với giáo sư để thảo luận về bản nháp luận văn của mình.', ARRAY['workshop','lesson']::text[], '{}', ARRAY['attend a tutorial','weekly tutorial']::text[]) ON CONFLICT ("id") DO NOTHING;

-- Topic: Teaching & Learning - B2 (7 words)
INSERT INTO "Topic" ("id", "title", "subtitle", "description", "level", "wordCount", "estimatedTime", "category", "subcategory", "order", "topicGroupId") VALUES ('education-teaching-and-learning-b2', 'Teaching & Learning - B2', 'Vocabulary about teaching & learning', 'Learn essential vocabulary about teaching & learning at B2 level.', 'B2', 7, 14, 'Education', 'Teaching & Learning', 3, 'se86f42d61455526d69f7') ON CONFLICT ("id") DO NOTHING;
INSERT INTO "VocabItem" ("id", "topicId", "word", "phonBr", "phonNAm", "meaning", "vietnameseMeaning", "partOfSpeech", "exampleSentence", "exampleTranslation", "synonyms", "antonyms", "collocations") VALUES ('education-teaching-and-learning-b2-ascertain', 'education-teaching-and-learning-b2', E'ascertain', E'/ˌæsəˈteɪn/', E'/ˌæsərˈteɪn/', E'to find something out for certain; make sure of', E'xác minh, tìm hiểu chắc chắn', 'verb', E'The teacher tried to ascertain the cause of the student''s sudden decline in grades.', E'Giáo viên đã cố gắng xác minh nguyên nhân khiến điểm số của học sinh giảm sút đột ngột.', ARRAY['determine','discover']::text[], '{}', ARRAY['ascertain the truth','ascertain the facts']::text[]) ON CONFLICT ("id") DO NOTHING;
INSERT INTO "VocabItem" ("id", "topicId", "word", "phonBr", "phonNAm", "meaning", "vietnameseMeaning", "partOfSpeech", "exampleSentence", "exampleTranslation", "synonyms", "antonyms", "collocations") VALUES ('education-teaching-and-learning-b2-pedagogical', 'education-teaching-and-learning-b2', E'pedagogical', E'/ˌpedəˈɡɒdʒɪkl/', E'/ˌpedəˈɡɑːdʒɪkl/', E'relating to teaching methods', E'thuộc về sư phạm', 'adjective', E'The workshop focused on innovative pedagogical approaches to improve student engagement.', E'Hội thảo tập trung vào các phương pháp sư phạm đổi mới để cải thiện sự tham gia của học sinh.', ARRAY['educational','didactic']::text[], '{}', ARRAY['pedagogical approach','pedagogical skills']::text[]) ON CONFLICT ("id") DO NOTHING;
INSERT INTO "VocabItem" ("id", "topicId", "word", "phonBr", "phonNAm", "meaning", "vietnameseMeaning", "partOfSpeech", "exampleSentence", "exampleTranslation", "synonyms", "antonyms", "collocations") VALUES ('education-teaching-and-learning-b2-articulate', 'education-teaching-and-learning-b2', E'articulate', E'/ɑːˈtɪkjuleɪt/', E'/ɑːrˈtɪkjuleɪt/', E'having the ability to speak fluently and coherently', E'ăn nói lưu loát, diễn đạt rõ ràng', 'adjective', E'She is a highly articulate student who can explain complex concepts with ease.', E'Cô ấy là một học sinh rất lưu loát, người có thể giải thích các khái niệm phức tạp một cách dễ dàng.', ARRAY['eloquent','fluent']::text[], ARRAY['inarticulate']::text[], ARRAY['articulate speaker','articulate clearly']::text[]) ON CONFLICT ("id") DO NOTHING;
INSERT INTO "VocabItem" ("id", "topicId", "word", "phonBr", "phonNAm", "meaning", "vietnameseMeaning", "partOfSpeech", "exampleSentence", "exampleTranslation", "synonyms", "antonyms", "collocations") VALUES ('education-teaching-and-learning-b2-facilitate', 'education-teaching-and-learning-b2', E'facilitate', E'/fəˈsɪlɪteɪt/', E'/fəˈsɪlɪteɪt/', E'to make an action or process easy or easier', E'tạo điều kiện thuận lợi, hỗ trợ', 'verb', E'The software is designed to facilitate communication between teachers and parents.', E'Phần mềm được thiết kế để tạo điều kiện thuận lợi cho việc liên lạc giữa giáo viên và phụ huynh.', ARRAY['ease','assist']::text[], ARRAY['hinder']::text[], ARRAY['facilitate learning','facilitate discussion']::text[]) ON CONFLICT ("id") DO NOTHING;
INSERT INTO "VocabItem" ("id", "topicId", "word", "phonBr", "phonNAm", "meaning", "vietnameseMeaning", "partOfSpeech", "exampleSentence", "exampleTranslation", "synonyms", "antonyms", "collocations") VALUES ('education-teaching-and-learning-b2-comprehend', 'education-teaching-and-learning-b2', E'comprehend', E'/ˌkɒmprɪˈhend/', E'/ˌkɑːmprɪˈhend/', E'to grasp mentally; understand', E'thấu hiểu, lĩnh hội', 'verb', E'Students often struggle to comprehend abstract theories without practical examples.', E'Học sinh thường gặp khó khăn trong việc thấu hiểu các lý thuyết trừu tượng nếu không có ví dụ thực tế.', ARRAY['understand','grasp']::text[], ARRAY['misunderstand']::text[], ARRAY['fully comprehend','difficult to comprehend']::text[]) ON CONFLICT ("id") DO NOTHING;
INSERT INTO "VocabItem" ("id", "topicId", "word", "phonBr", "phonNAm", "meaning", "vietnameseMeaning", "partOfSpeech", "exampleSentence", "exampleTranslation", "synonyms", "antonyms", "collocations") VALUES ('education-teaching-and-learning-b2-profound', 'education-teaching-and-learning-b2', E'profound', E'/prəˈfaʊnd/', E'/prəˈfaʊnd/', E'having or showing great knowledge or insight', E'sâu sắc, uyên thâm', 'adjective', E'The teacher had a profound influence on his students'' academic development.', E'Người giáo viên đã có ảnh hưởng sâu sắc đến sự phát triển học thuật của học sinh.', ARRAY['deep','insightful']::text[], ARRAY['superficial']::text[], ARRAY['profound impact','profound knowledge']::text[]) ON CONFLICT ("id") DO NOTHING;
INSERT INTO "VocabItem" ("id", "topicId", "word", "phonBr", "phonNAm", "meaning", "vietnameseMeaning", "partOfSpeech", "exampleSentence", "exampleTranslation", "synonyms", "antonyms", "collocations") VALUES ('education-teaching-and-learning-b2-competence', 'education-teaching-and-learning-b2', E'competence', E'/ˈkɒmpɪtəns/', E'/ˈkɑːmpɪtəns/', E'the ability to do something successfully or efficiently', E'năng lực, khả năng', 'noun', E'The course aims to build the students'' competence in academic writing.', E'Khóa học nhằm mục đích xây dựng năng lực viết học thuật cho học sinh.', ARRAY['capability','proficiency']::text[], ARRAY['incompetence']::text[], ARRAY['demonstrate competence','core competence']::text[]) ON CONFLICT ("id") DO NOTHING;

-- Topic: Teaching & Learning - C1 (6 words)
INSERT INTO "Topic" ("id", "title", "subtitle", "description", "level", "wordCount", "estimatedTime", "category", "subcategory", "order", "topicGroupId") VALUES ('education-teaching-and-learning-c1', 'Teaching & Learning - C1', 'Vocabulary about teaching & learning', 'Learn essential vocabulary about teaching & learning at C1 level.', 'C1', 6, 12, 'Education', 'Teaching & Learning', 4, 'se86f42d61455526d69f7') ON CONFLICT ("id") DO NOTHING;
INSERT INTO "VocabItem" ("id", "topicId", "word", "phonBr", "phonNAm", "meaning", "vietnameseMeaning", "partOfSpeech", "exampleSentence", "exampleTranslation", "synonyms", "antonyms", "collocations") VALUES ('education-teaching-and-learning-c1-scaffold', 'education-teaching-and-learning-c1', E'scaffold', E'/ˈskæf.əʊld/', E'/ˈskæf.oʊld/', E'To provide temporary support to students to help them master a new concept.', E'Hỗ trợ học tập (theo khung)', 'verb', E'Teachers should scaffold complex tasks by breaking them down into manageable steps.', E'Giáo viên nên hỗ trợ các nhiệm vụ phức tạp bằng cách chia nhỏ chúng thành các bước dễ thực hiện.', ARRAY['support','structure']::text[], '{}', ARRAY['scaffold learning','scaffold instruction']::text[]) ON CONFLICT ("id") DO NOTHING;
INSERT INTO "VocabItem" ("id", "topicId", "word", "phonBr", "phonNAm", "meaning", "vietnameseMeaning", "partOfSpeech", "exampleSentence", "exampleTranslation", "synonyms", "antonyms", "collocations") VALUES ('education-teaching-and-learning-c1-differentiate', 'education-teaching-and-learning-c1', E'differentiate', E'/ˌdɪf.əˈren.ʃi.eɪt/', E'/ˌdɪf.əˈren.ʃi.eɪt/', E'To tailor instruction to meet individual students'' needs and learning styles.', E'Phân hóa (trong giảng dạy)', 'verb', E'It is challenging to differentiate instruction in a classroom with thirty diverse students.', E'Thật khó để phân hóa việc giảng dạy trong một lớp học với ba mươi học sinh có trình độ khác nhau.', ARRAY['tailor','customize']::text[], '{}', ARRAY['differentiate instruction','differentiated learning']::text[]) ON CONFLICT ("id") DO NOTHING;
INSERT INTO "VocabItem" ("id", "topicId", "word", "phonBr", "phonNAm", "meaning", "vietnameseMeaning", "partOfSpeech", "exampleSentence", "exampleTranslation", "synonyms", "antonyms", "collocations") VALUES ('education-teaching-and-learning-c1-andragogy', 'education-teaching-and-learning-c1', E'andragogy', E'/ˈæn.drə.ɡɒdʒ.i/', E'/ˈæn.drə.ɡɑː.dʒi/', E'The method and practice of teaching adult learners.', E'Phương pháp giáo dục người lớn', 'noun', E'Training programs for corporate employees are often based on the principles of andragogy.', E'Các chương trình đào tạo cho nhân viên doanh nghiệp thường dựa trên các nguyên tắc giáo dục người lớn.', ARRAY['adult education']::text[], ARRAY['pedagogy']::text[], ARRAY['principles of andragogy']::text[]) ON CONFLICT ("id") DO NOTHING;
INSERT INTO "VocabItem" ("id", "topicId", "word", "phonBr", "phonNAm", "meaning", "vietnameseMeaning", "partOfSpeech", "exampleSentence", "exampleTranslation", "synonyms", "antonyms", "collocations") VALUES ('education-teaching-and-learning-c1-metacognition', 'education-teaching-and-learning-c1', E'metacognition', E'/ˌmet.ə.kɒɡˈnɪʃ.ən/', E'/ˌmet.ə.kɑːɡˈnɪʃ.ən/', E'Awareness and understanding of one''s own thought processes.', E'Siêu nhận thức', 'noun', E'Encouraging metacognition helps students become more independent and effective learners.', E'Khuyến khích siêu nhận thức giúp học sinh trở thành những người học độc lập và hiệu quả hơn.', ARRAY['self-awareness','reflective thinking']::text[], '{}', ARRAY['metacognition strategies','develop metacognition']::text[]) ON CONFLICT ("id") DO NOTHING;
INSERT INTO "VocabItem" ("id", "topicId", "word", "phonBr", "phonNAm", "meaning", "vietnameseMeaning", "partOfSpeech", "exampleSentence", "exampleTranslation", "synonyms", "antonyms", "collocations") VALUES ('education-teaching-and-learning-c1-summative', 'education-teaching-and-learning-c1', E'summative', E'/ˈsʌm.ə.tɪv/', E'/ˈsʌm.ə.t̬ɪv/', E'Relating to an assessment that evaluates student learning at the end of an instructional unit.', E'Tổng kết (đánh giá)', 'adjective', E'Final exams are a common form of summative assessment used to measure student achievement.', E'Các kỳ thi cuối kỳ là một hình thức đánh giá tổng kết phổ biến được sử dụng để đo lường thành tích học sinh.', ARRAY['final','evaluative']::text[], ARRAY['formative']::text[], ARRAY['summative assessment','summative evaluation']::text[]) ON CONFLICT ("id") DO NOTHING;
INSERT INTO "VocabItem" ("id", "topicId", "word", "phonBr", "phonNAm", "meaning", "vietnameseMeaning", "partOfSpeech", "exampleSentence", "exampleTranslation", "synonyms", "antonyms", "collocations") VALUES ('education-teaching-and-learning-c1-formative', 'education-teaching-and-learning-c1', E'formative', E'/ˈfɔː.mə.tɪv/', E'/ˈfɔːr.mə.t̬ɪv/', E'Relating to an assessment that monitors student learning to provide ongoing feedback.', E'Thường xuyên (đánh giá quá trình)', 'adjective', E'Formative assessments allow teachers to adjust their teaching strategies in real-time.', E'Các bài đánh giá thường xuyên cho phép giáo viên điều chỉnh chiến lược giảng dạy của họ theo thời gian thực.', ARRAY['continuous','developmental']::text[], ARRAY['summative']::text[], ARRAY['formative assessment','formative feedback']::text[]) ON CONFLICT ("id") DO NOTHING;

-- Topic: Teaching & Learning - C2 (2 words)
INSERT INTO "Topic" ("id", "title", "subtitle", "description", "level", "wordCount", "estimatedTime", "category", "subcategory", "order", "topicGroupId") VALUES ('education-teaching-and-learning-c2', 'Teaching & Learning - C2', 'Vocabulary about teaching & learning', 'Learn essential vocabulary about teaching & learning at C2 level.', 'C2', 2, 4, 'Education', 'Teaching & Learning', 5, 'se86f42d61455526d69f7') ON CONFLICT ("id") DO NOTHING;
INSERT INTO "VocabItem" ("id", "topicId", "word", "phonBr", "phonNAm", "meaning", "vietnameseMeaning", "partOfSpeech", "exampleSentence", "exampleTranslation", "synonyms", "antonyms", "collocations") VALUES ('education-teaching-and-learning-c2-curriculum-vitae', 'education-teaching-and-learning-c2', E'curriculum vitae', E'/kəˌrɪk.jə.ləm ˈviː.taɪ/', E'/kəˌrɪk.jə.ləm ˈviː.taɪ/', E'A brief account of a person''s education, qualifications, and previous experience.', E'Sơ yếu lý lịch (học thuật/chuyên môn)', 'noun', E'The committee reviewed her curriculum vitae before inviting her for an interview.', E'Hội đồng đã xem xét sơ yếu lý lịch của cô ấy trước khi mời cô ấy đến phỏng vấn.', ARRAY['resume','profile']::text[], '{}', ARRAY['submit a curriculum vitae','update a curriculum vitae']::text[]) ON CONFLICT ("id") DO NOTHING;
INSERT INTO "VocabItem" ("id", "topicId", "word", "phonBr", "phonNAm", "meaning", "vietnameseMeaning", "partOfSpeech", "exampleSentence", "exampleTranslation", "synonyms", "antonyms", "collocations") VALUES ('education-teaching-and-learning-c2-pedagogue', 'education-teaching-and-learning-c2', E'pedagogue', E'/ˈped.ə.ɡɒɡ/', E'/ˈped.ə.ɡɑːɡ/', E'A teacher, especially one who is strict or pedantic.', E'Nhà giáo, giáo viên', 'noun', E'The old-fashioned pedagogue insisted on absolute silence in the classroom.', E'Vị giáo viên theo lối cũ khăng khăng yêu cầu sự im lặng tuyệt đối trong lớp học.', ARRAY['educator','instructor']::text[], '{}', ARRAY['stern pedagogue','professional pedagogue']::text[]) ON CONFLICT ("id") DO NOTHING;

-- ══════════════════════════════════════════════════
-- VOCAB: Travel
-- ══════════════════════════════════════════════════
INSERT INTO "TopicGroup" ("id", "name", "order", "hubType", "subcategories") VALUES ('sf7d47eebb6d484243127', 'Travel', 8, 'vocab', ARRAY['Transportation','Accommodation','Sightseeing','At the Airport']::text[]) ON CONFLICT ("name", "hubType") DO NOTHING;

-- Topic: Transportation - A1 (3 words)
INSERT INTO "Topic" ("id", "title", "subtitle", "description", "level", "wordCount", "estimatedTime", "category", "subcategory", "order", "topicGroupId") VALUES ('travel-transportation-a1', 'Transportation - A1', 'Vocabulary about transportation', 'Learn essential vocabulary about transportation at A1 level.', 'A1', 3, 6, 'Travel', 'Transportation', 0, 'sf7d47eebb6d484243127') ON CONFLICT ("id") DO NOTHING;
INSERT INTO "VocabItem" ("id", "topicId", "word", "phonBr", "phonNAm", "meaning", "vietnameseMeaning", "partOfSpeech", "exampleSentence", "exampleTranslation", "synonyms", "antonyms", "collocations") VALUES ('travel-transportation-a1-taxi', 'travel-transportation-a1', E'taxi', E'/ˈtæksi/', E'/ˈtæksi/', E'a car that you pay to take you to a specific place', E'xe taxi', 'noun', E'Let''s call a taxi to the airport.', E'Hãy gọi một chiếc taxi đến sân bay.', ARRAY['cab']::text[], '{}', ARRAY['call a taxi','take a taxi']::text[]) ON CONFLICT ("id") DO NOTHING;
INSERT INTO "VocabItem" ("id", "topicId", "word", "phonBr", "phonNAm", "meaning", "vietnameseMeaning", "partOfSpeech", "exampleSentence", "exampleTranslation", "synonyms", "antonyms", "collocations") VALUES ('travel-transportation-a1-travel', 'travel-transportation-a1', E'travel', E'/ˈtrævl/', E'/ˈtrævl/', E'to go from one place to another', E'du lịch, đi lại', 'verb', E'I like to travel by plane.', E'Tôi thích đi du lịch bằng máy bay.', ARRAY['journey']::text[], '{}', ARRAY['travel abroad','travel by train']::text[]) ON CONFLICT ("id") DO NOTHING;
INSERT INTO "VocabItem" ("id", "topicId", "word", "phonBr", "phonNAm", "meaning", "vietnameseMeaning", "partOfSpeech", "exampleSentence", "exampleTranslation", "synonyms", "antonyms", "collocations") VALUES ('travel-transportation-a1-ride', 'travel-transportation-a1', E'ride', E'/raɪd/', E'/raɪd/', E'to sit on and control a vehicle like a bike or a horse', E'đi (xe), cưỡi', 'verb', E'I can ride a bike very well.', E'Tôi có thể đi xe đạp rất giỏi.', ARRAY['drive']::text[], '{}', ARRAY['ride a bike','ride a motorcycle']::text[]) ON CONFLICT ("id") DO NOTHING;

-- Topic: Transportation - A2 (5 words)
INSERT INTO "Topic" ("id", "title", "subtitle", "description", "level", "wordCount", "estimatedTime", "category", "subcategory", "order", "topicGroupId") VALUES ('travel-transportation-a2', 'Transportation - A2', 'Vocabulary about transportation', 'Learn essential vocabulary about transportation at A2 level.', 'A2', 5, 10, 'Travel', 'Transportation', 1, 'sf7d47eebb6d484243127') ON CONFLICT ("id") DO NOTHING;
INSERT INTO "VocabItem" ("id", "topicId", "word", "phonBr", "phonNAm", "meaning", "vietnameseMeaning", "partOfSpeech", "exampleSentence", "exampleTranslation", "synonyms", "antonyms", "collocations") VALUES ('travel-transportation-a2-bicycle', 'travel-transportation-a2', E'bicycle', E'/ˈbaɪ.sɪ.kəl/', E'/ˈbaɪ.sə.kəl/', E'a vehicle with two wheels that you ride by pushing pedals with your feet', E'xe đạp', 'noun', E'I ride my bicycle to school every morning.', E'Tôi đạp xe đi học mỗi sáng.', ARRAY['bike']::text[], '{}', ARRAY['ride a bicycle','bicycle lane']::text[]) ON CONFLICT ("id") DO NOTHING;
INSERT INTO "VocabItem" ("id", "topicId", "word", "phonBr", "phonNAm", "meaning", "vietnameseMeaning", "partOfSpeech", "exampleSentence", "exampleTranslation", "synonyms", "antonyms", "collocations") VALUES ('travel-transportation-a2-traffic', 'travel-transportation-a2', E'traffic', E'/ˈtræf.ɪk/', E'/ˈtræf.ɪk/', E'the number of vehicles moving along a road', E'giao thông', 'noun', E'There is a lot of traffic on the road during rush hour.', E'Có rất nhiều giao thông trên đường vào giờ cao điểm.', ARRAY['congestion']::text[], '{}', ARRAY['traffic jam','heavy traffic']::text[]) ON CONFLICT ("id") DO NOTHING;
INSERT INTO "VocabItem" ("id", "topicId", "word", "phonBr", "phonNAm", "meaning", "vietnameseMeaning", "partOfSpeech", "exampleSentence", "exampleTranslation", "synonyms", "antonyms", "collocations") VALUES ('travel-transportation-a2-arrive', 'travel-transportation-a2', E'arrive', E'/əˈraɪv/', E'/əˈraɪv/', E'to reach a destination at the end of a journey', E'đến nơi', 'verb', E'We will arrive at the airport at 5 PM.', E'Chúng tôi sẽ đến sân bay lúc 5 giờ chiều.', ARRAY['reach','get to']::text[], ARRAY['depart']::text[], ARRAY['arrive at','arrive in']::text[]) ON CONFLICT ("id") DO NOTHING;
INSERT INTO "VocabItem" ("id", "topicId", "word", "phonBr", "phonNAm", "meaning", "vietnameseMeaning", "partOfSpeech", "exampleSentence", "exampleTranslation", "synonyms", "antonyms", "collocations") VALUES ('travel-transportation-a2-delay', 'travel-transportation-a2', E'delay', E'/dɪˈleɪ/', E'/dɪˈleɪ/', E'a situation in which something happens later than expected', E'sự chậm trễ', 'noun', E'The flight had a short delay because of the bad weather.', E'Chuyến bay đã bị chậm trễ một chút do thời tiết xấu.', ARRAY['hold-up']::text[], '{}', ARRAY['flight delay','cause a delay']::text[]) ON CONFLICT ("id") DO NOTHING;
INSERT INTO "VocabItem" ("id", "topicId", "word", "phonBr", "phonNAm", "meaning", "vietnameseMeaning", "partOfSpeech", "exampleSentence", "exampleTranslation", "synonyms", "antonyms", "collocations") VALUES ('travel-transportation-a2-fast', 'travel-transportation-a2', E'fast', E'/fɑːst/', E'/fæst/', E'moving or capable of moving at high speed', E'nhanh', 'adjective', E'The bullet train is a very fast way to get to the city.', E'Tàu cao tốc là một cách rất nhanh để đến thành phố.', ARRAY['quick','rapid']::text[], ARRAY['slow']::text[], ARRAY['fast car','travel fast']::text[]) ON CONFLICT ("id") DO NOTHING;

-- Topic: Transportation - B1 (5 words)
INSERT INTO "Topic" ("id", "title", "subtitle", "description", "level", "wordCount", "estimatedTime", "category", "subcategory", "order", "topicGroupId") VALUES ('travel-transportation-b1', 'Transportation - B1', 'Vocabulary about transportation', 'Learn essential vocabulary about transportation at B1 level.', 'B1', 5, 10, 'Travel', 'Transportation', 2, 'sf7d47eebb6d484243127') ON CONFLICT ("id") DO NOTHING;
INSERT INTO "VocabItem" ("id", "topicId", "word", "phonBr", "phonNAm", "meaning", "vietnameseMeaning", "partOfSpeech", "exampleSentence", "exampleTranslation", "synonyms", "antonyms", "collocations") VALUES ('travel-transportation-b1-departure', 'travel-transportation-b1', E'departure', E'/dɪˈpɑːtʃə(r)/', E'/dɪˈpɑːrtʃər/', E'the action of leaving a place', E'sự khởi hành', 'noun', E'Please check the departure time on your ticket.', E'Vui lòng kiểm tra thời gian khởi hành trên vé của bạn.', ARRAY['exit','leaving']::text[], ARRAY['arrival']::text[], ARRAY['departure time','departure lounge']::text[]) ON CONFLICT ("id") DO NOTHING;
INSERT INTO "VocabItem" ("id", "topicId", "word", "phonBr", "phonNAm", "meaning", "vietnameseMeaning", "partOfSpeech", "exampleSentence", "exampleTranslation", "synonyms", "antonyms", "collocations") VALUES ('travel-transportation-b1-board', 'travel-transportation-b1', E'board', E'/bɔːd/', E'/bɔːrd/', E'to get on or into a ship, aircraft, or other vehicle', E'lên tàu, xe, máy bay', 'verb', E'Passengers are requested to board the plane through gate 5.', E'Hành khách được yêu cầu lên máy bay qua cổng số 5.', ARRAY['embark','enter']::text[], ARRAY['disembark']::text[], ARRAY['board a plane','boarding pass']::text[]) ON CONFLICT ("id") DO NOTHING;
INSERT INTO "VocabItem" ("id", "topicId", "word", "phonBr", "phonNAm", "meaning", "vietnameseMeaning", "partOfSpeech", "exampleSentence", "exampleTranslation", "synonyms", "antonyms", "collocations") VALUES ('travel-transportation-b1-connection', 'travel-transportation-b1', E'connection', E'/kəˈnekʃn/', E'/kəˈnekʃn/', E'a train, bus, or plane that arrives at a time that allows you to change to it from another', E'chuyến xe/tàu nối tiếp', 'noun', E'We missed our connection because the first flight was delayed.', E'Chúng tôi đã lỡ chuyến bay nối tiếp vì chuyến bay đầu tiên bị hoãn.', ARRAY['transfer']::text[], '{}', ARRAY['miss a connection','flight connection']::text[]) ON CONFLICT ("id") DO NOTHING;
INSERT INTO "VocabItem" ("id", "topicId", "word", "phonBr", "phonNAm", "meaning", "vietnameseMeaning", "partOfSpeech", "exampleSentence", "exampleTranslation", "synonyms", "antonyms", "collocations") VALUES ('travel-transportation-b1-destination', 'travel-transportation-b1', E'destination', E'/ˌdestɪˈneɪʃn/', E'/ˌdestɪˈneɪʃn/', E'the place to which someone or something is going', E'điểm đến', 'noun', E'We finally reached our destination after a long journey.', E'Cuối cùng chúng tôi cũng đến nơi sau một hành trình dài.', ARRAY['arrival point','goal']::text[], '{}', ARRAY['reach your destination','popular destination']::text[]) ON CONFLICT ("id") DO NOTHING;
INSERT INTO "VocabItem" ("id", "topicId", "word", "phonBr", "phonNAm", "meaning", "vietnameseMeaning", "partOfSpeech", "exampleSentence", "exampleTranslation", "synonyms", "antonyms", "collocations") VALUES ('travel-transportation-b1-direct', 'travel-transportation-b1', E'direct', E'/daɪˈrekt/', E'/dəˈrekt/', E'going straight to a place without stopping or changing vehicles', E'trực tiếp (không dừng, không chuyển)', 'adjective', E'Is there a direct train from here to the city center?', E'Có chuyến tàu trực tiếp từ đây đến trung tâm thành phố không?', ARRAY['non-stop','straight']::text[], ARRAY['indirect']::text[], ARRAY['direct flight','direct route']::text[]) ON CONFLICT ("id") DO NOTHING;

-- Topic: Transportation - B2 (6 words)
INSERT INTO "Topic" ("id", "title", "subtitle", "description", "level", "wordCount", "estimatedTime", "category", "subcategory", "order", "topicGroupId") VALUES ('travel-transportation-b2', 'Transportation - B2', 'Vocabulary about transportation', 'Learn essential vocabulary about transportation at B2 level.', 'B2', 6, 12, 'Travel', 'Transportation', 3, 'sf7d47eebb6d484243127') ON CONFLICT ("id") DO NOTHING;
INSERT INTO "VocabItem" ("id", "topicId", "word", "phonBr", "phonNAm", "meaning", "vietnameseMeaning", "partOfSpeech", "exampleSentence", "exampleTranslation", "synonyms", "antonyms", "collocations") VALUES ('travel-transportation-b2-commuter', 'travel-transportation-b2', E'commuter', E'/kəˈmjuː.tər/', E'/kəˈmjuː.t̬ɚ/', E'a person who travels some distance to work on a regular basis', E'người đi làm xa (bằng phương tiện công cộng)', 'noun', E'The train was packed with commuters heading into the city center.', E'Con tàu chật kín những người đi làm đang hướng vào trung tâm thành phố.', ARRAY['passenger','traveler']::text[], '{}', ARRAY['daily commuter','commuter train']::text[]) ON CONFLICT ("id") DO NOTHING;
INSERT INTO "VocabItem" ("id", "topicId", "word", "phonBr", "phonNAm", "meaning", "vietnameseMeaning", "partOfSpeech", "exampleSentence", "exampleTranslation", "synonyms", "antonyms", "collocations") VALUES ('travel-transportation-b2-disembark', 'travel-transportation-b2', E'disembark', E'/ˌdɪs.ɪmˈbɑːk/', E'/ˌdɪs.ɪmˈbɑːrk/', E'to leave a ship, aircraft, or other vehicle', E'xuống tàu, máy bay hoặc xe', 'verb', E'Passengers were asked to disembark the aircraft via the rear exit.', E'Hành khách được yêu cầu xuống máy bay qua lối cửa sau.', ARRAY['alight','get off']::text[], ARRAY['board']::text[], ARRAY['disembark from','safely disembark']::text[]) ON CONFLICT ("id") DO NOTHING;
INSERT INTO "VocabItem" ("id", "topicId", "word", "phonBr", "phonNAm", "meaning", "vietnameseMeaning", "partOfSpeech", "exampleSentence", "exampleTranslation", "synonyms", "antonyms", "collocations") VALUES ('travel-transportation-b2-expedite', 'travel-transportation-b2', E'expedite', E'/ˈek.spə.daɪt/', E'/ˈek.spə.daɪt/', E'to make an action or process happen sooner or be accomplished more quickly', E'xúc tiến, làm nhanh chóng', 'verb', E'We are trying to expedite the boarding process for international flights.', E'Chúng tôi đang cố gắng xúc tiến quy trình lên máy bay cho các chuyến bay quốc tế.', ARRAY['accelerate','hasten']::text[], ARRAY['delay']::text[], ARRAY['expedite the process','expedite delivery']::text[]) ON CONFLICT ("id") DO NOTHING;
INSERT INTO "VocabItem" ("id", "topicId", "word", "phonBr", "phonNAm", "meaning", "vietnameseMeaning", "partOfSpeech", "exampleSentence", "exampleTranslation", "synonyms", "antonyms", "collocations") VALUES ('travel-transportation-b2-vessel', 'travel-transportation-b2', E'vessel', E'/ˈves.əl/', E'/ˈves.əl/', E'a ship or large boat', E'tàu, thuyền lớn', 'noun', E'The large cargo vessel docked at the port early this morning.', E'Chiếc tàu chở hàng lớn đã cập bến vào sáng sớm nay.', ARRAY['ship','craft']::text[], '{}', ARRAY['cargo vessel','passenger vessel']::text[]) ON CONFLICT ("id") DO NOTHING;
INSERT INTO "VocabItem" ("id", "topicId", "word", "phonBr", "phonNAm", "meaning", "vietnameseMeaning", "partOfSpeech", "exampleSentence", "exampleTranslation", "synonyms", "antonyms", "collocations") VALUES ('travel-transportation-b2-intercity', 'travel-transportation-b2', E'intercity', E'/ˌɪn.təˈsɪt.i/', E'/ˌɪn.t̬ɚˈsɪt̬.i/', E'traveling or existing between cities', E'liên tỉnh, giữa các thành phố', 'adjective', E'We took an intercity bus to travel from the capital to the coastal region.', E'Chúng tôi đã bắt một chiếc xe buýt liên tỉnh để đi từ thủ đô đến vùng ven biển.', ARRAY['long-distance']::text[], ARRAY['local']::text[], ARRAY['intercity bus','intercity train']::text[]) ON CONFLICT ("id") DO NOTHING;
INSERT INTO "VocabItem" ("id", "topicId", "word", "phonBr", "phonNAm", "meaning", "vietnameseMeaning", "partOfSpeech", "exampleSentence", "exampleTranslation", "synonyms", "antonyms", "collocations") VALUES ('travel-transportation-b2-connectivity', 'travel-transportation-b2', E'connectivity', E'/kəˌnekˈtɪv.ə.ti/', E'/kəˌnekˈtɪv.ə.t̬i/', E'the ability of a transport system to link different places effectively', E'khả năng kết nối (giao thông)', 'noun', E'Better transport connectivity is essential for the economic development of rural areas.', E'Khả năng kết nối giao thông tốt hơn là yếu tố thiết yếu cho sự phát triển kinh tế của các vùng nông thôn.', ARRAY['linkage','network']::text[], '{}', ARRAY['transport connectivity','improve connectivity']::text[]) ON CONFLICT ("id") DO NOTHING;

-- Topic: Transportation - C1 (4 words)
INSERT INTO "Topic" ("id", "title", "subtitle", "description", "level", "wordCount", "estimatedTime", "category", "subcategory", "order", "topicGroupId") VALUES ('travel-transportation-c1', 'Transportation - C1', 'Vocabulary about transportation', 'Learn essential vocabulary about transportation at C1 level.', 'C1', 4, 8, 'Travel', 'Transportation', 4, 'sf7d47eebb6d484243127') ON CONFLICT ("id") DO NOTHING;
INSERT INTO "VocabItem" ("id", "topicId", "word", "phonBr", "phonNAm", "meaning", "vietnameseMeaning", "partOfSpeech", "exampleSentence", "exampleTranslation", "synonyms", "antonyms", "collocations") VALUES ('travel-transportation-c1-thoroughfare', 'travel-transportation-c1', E'thoroughfare', E'/ˈθʌrəfeə(r)/', E'/ˈθɜːroʊfer/', E'a main road or public way in a town or city', E'đường lớn, đại lộ', 'noun', E'The main thoroughfare was blocked due to the parade.', E'Con đường lớn chính đã bị chặn do cuộc diễu hành.', ARRAY['main road','artery']::text[], '{}', ARRAY['busy thoroughfare','major thoroughfare']::text[]) ON CONFLICT ("id") DO NOTHING;
INSERT INTO "VocabItem" ("id", "topicId", "word", "phonBr", "phonNAm", "meaning", "vietnameseMeaning", "partOfSpeech", "exampleSentence", "exampleTranslation", "synonyms", "antonyms", "collocations") VALUES ('travel-transportation-c1-pedestrianize', 'travel-transportation-c1', E'pedestrianize', E'/pəˈdestriənaɪz/', E'/pəˈdestriənaɪz/', E'to close a street to vehicles so that it can be used only by people walking', E'quy hoạch thành phố đi bộ', 'verb', E'The city council plans to pedestrianize the historic district to reduce traffic.', E'Hội đồng thành phố có kế hoạch quy hoạch khu phố cổ thành khu vực đi bộ để giảm ùn tắc.', ARRAY['de-motorize']::text[], '{}', ARRAY['pedestrianize streets','pedestrianize areas']::text[]) ON CONFLICT ("id") DO NOTHING;
INSERT INTO "VocabItem" ("id", "topicId", "word", "phonBr", "phonNAm", "meaning", "vietnameseMeaning", "partOfSpeech", "exampleSentence", "exampleTranslation", "synonyms", "antonyms", "collocations") VALUES ('travel-transportation-c1-congested', 'travel-transportation-c1', E'congested', E'/kənˈdʒestɪd/', E'/kənˈdʒestɪd/', E'so crowded with traffic that it is difficult to move', E'tắc nghẽn', 'adjective', E'We were stuck in highly congested traffic for hours.', E'Chúng tôi đã bị mắc kẹt trong làn xe cộ tắc nghẽn suốt nhiều giờ.', ARRAY['overcrowded','clogged']::text[], ARRAY['clear']::text[], ARRAY['congested roads','heavily congested']::text[]) ON CONFLICT ("id") DO NOTHING;
INSERT INTO "VocabItem" ("id", "topicId", "word", "phonBr", "phonNAm", "meaning", "vietnameseMeaning", "partOfSpeech", "exampleSentence", "exampleTranslation", "synonyms", "antonyms", "collocations") VALUES ('travel-transportation-c1-disrupt', 'travel-transportation-c1', E'disrupt', E'/dɪsˈrʌpt/', E'/dɪsˈrʌpt/', E'to interrupt an event, activity, or process by causing a disturbance or problem', E'làm gián đoạn', 'verb', E'Severe weather conditions may disrupt train services across the region.', E'Điều kiện thời tiết khắc nghiệt có thể gây gián đoạn dịch vụ tàu hỏa trên toàn khu vực.', ARRAY['disturb','interrupt']::text[], '{}', ARRAY['severely disrupt','disrupt travel']::text[]) ON CONFLICT ("id") DO NOTHING;

-- Topic: Transportation - C2 (8 words)
INSERT INTO "Topic" ("id", "title", "subtitle", "description", "level", "wordCount", "estimatedTime", "category", "subcategory", "order", "topicGroupId") VALUES ('travel-transportation-c2', 'Transportation - C2', 'Vocabulary about transportation', 'Learn essential vocabulary about transportation at C2 level.', 'C2', 8, 16, 'Travel', 'Transportation', 5, 'sf7d47eebb6d484243127') ON CONFLICT ("id") DO NOTHING;
INSERT INTO "VocabItem" ("id", "topicId", "word", "phonBr", "phonNAm", "meaning", "vietnameseMeaning", "partOfSpeech", "exampleSentence", "exampleTranslation", "synonyms", "antonyms", "collocations") VALUES ('travel-transportation-c2-circumnavigate', 'travel-transportation-c2', E'circumnavigate', E'/ˌsɜːkəmˈnævɪɡeɪt/', E'/ˌsɜːrkəmˈnævɪɡeɪt/', E'to sail or travel all the way around something, especially the world', E'đi vòng quanh (bằng đường biển hoặc đường hàng không)', 'verb', E'The explorers attempted to circumnavigate the globe in a small sailboat.', E'Các nhà thám hiểm đã cố gắng đi vòng quanh thế giới trên một chiếc thuyền buồm nhỏ.', ARRAY['encircle','orbit']::text[], '{}', ARRAY['circumnavigate the globe','circumnavigate the earth']::text[]) ON CONFLICT ("id") DO NOTHING;
INSERT INTO "VocabItem" ("id", "topicId", "word", "phonBr", "phonNAm", "meaning", "vietnameseMeaning", "partOfSpeech", "exampleSentence", "exampleTranslation", "synonyms", "antonyms", "collocations") VALUES ('travel-transportation-c2-conveyance', 'travel-transportation-c2', E'conveyance', E'/kənˈveɪəns/', E'/kənˈveɪəns/', E'a means of transport; a vehicle', E'phương tiện chuyên chở', 'noun', E'The carriage was the primary mode of conveyance for the wealthy in the 19th century.', E'Xe ngựa là phương tiện chuyên chở chính cho giới nhà giàu vào thế kỷ 19.', ARRAY['vehicle','transportation']::text[], '{}', ARRAY['public conveyance','means of conveyance']::text[]) ON CONFLICT ("id") DO NOTHING;
INSERT INTO "VocabItem" ("id", "topicId", "word", "phonBr", "phonNAm", "meaning", "vietnameseMeaning", "partOfSpeech", "exampleSentence", "exampleTranslation", "synonyms", "antonyms", "collocations") VALUES ('travel-transportation-c2-peregrination', 'travel-transportation-c2', E'peregrination', E'/ˌperɪɡrɪˈneɪʃn/', E'/ˌperɪɡrɪˈneɪʃn/', E'a long or meandering journey or period of wandering', E'cuộc hành trình dài, chuyến du ngoạn', 'noun', E'After years of peregrination across the continent, he finally decided to settle down.', E'Sau nhiều năm du ngoạn khắp lục địa, cuối cùng anh ấy đã quyết định ổn định cuộc sống.', ARRAY['voyage','odyssey']::text[], '{}', ARRAY['constant peregrination','years of peregrination']::text[]) ON CONFLICT ("id") DO NOTHING;
INSERT INTO "VocabItem" ("id", "topicId", "word", "phonBr", "phonNAm", "meaning", "vietnameseMeaning", "partOfSpeech", "exampleSentence", "exampleTranslation", "synonyms", "antonyms", "collocations") VALUES ('travel-transportation-c2-tarmac', 'travel-transportation-c2', E'tarmac', E'/ˈtɑːmæk/', E'/ˈtɑːrmæk/', E'the surface of an airport runway', E'đường băng (sân bay)', 'noun', E'The passengers were delayed on the tarmac for three hours due to technical issues.', E'Hành khách đã bị hoãn trên đường băng trong ba giờ do các vấn đề kỹ thuật.', ARRAY['runway','apron']::text[], '{}', ARRAY['stuck on the tarmac','tarmac delay']::text[]) ON CONFLICT ("id") DO NOTHING;
INSERT INTO "VocabItem" ("id", "topicId", "word", "phonBr", "phonNAm", "meaning", "vietnameseMeaning", "partOfSpeech", "exampleSentence", "exampleTranslation", "synonyms", "antonyms", "collocations") VALUES ('travel-transportation-c2-wayfarer', 'travel-transportation-c2', E'wayfarer', E'/ˈweɪfeərə(r)/', E'/ˈweɪferər/', E'a person who travels on foot', E'người lữ hành, người đi bộ', 'noun', E'The weary wayfarer sought shelter in a small inn as the storm began to gather.', E'Người lữ hành mệt mỏi tìm nơi trú ẩn trong một quán trọ nhỏ khi cơn bão bắt đầu ập đến.', ARRAY['traveler','wanderer']::text[], '{}', ARRAY['weary wayfarer','solitary wayfarer']::text[]) ON CONFLICT ("id") DO NOTHING;
INSERT INTO "VocabItem" ("id", "topicId", "word", "phonBr", "phonNAm", "meaning", "vietnameseMeaning", "partOfSpeech", "exampleSentence", "exampleTranslation", "synonyms", "antonyms", "collocations") VALUES ('travel-transportation-c2-traverse', 'travel-transportation-c2', E'traverse', E'/trəˈvɜːs/', E'/trəˈvɜːrs/', E'to travel across or through', E'đi ngang qua, băng qua', 'verb', E'It is dangerous to traverse the mountain pass during the winter months.', E'Thật nguy hiểm khi băng qua đèo trong những tháng mùa đông.', ARRAY['cross','cross over']::text[], '{}', ARRAY['traverse the landscape','traverse the distance']::text[]) ON CONFLICT ("id") DO NOTHING;
INSERT INTO "VocabItem" ("id", "topicId", "word", "phonBr", "phonNAm", "meaning", "vietnameseMeaning", "partOfSpeech", "exampleSentence", "exampleTranslation", "synonyms", "antonyms", "collocations") VALUES ('travel-transportation-c2-intermodal', 'travel-transportation-c2', E'intermodal', E'/ˌɪntəˈməʊdl/', E'/ˌɪntərˈmoʊdl/', E'involving two or more different modes of transport', E'đa phương thức (vận tải)', 'adjective', E'The city is investing in an intermodal transit hub to connect trains, buses, and subways.', E'Thành phố đang đầu tư vào một trung tâm trung chuyển đa phương thức để kết nối tàu hỏa, xe buýt và tàu điện ngầm.', ARRAY['multimodal']::text[], '{}', ARRAY['intermodal transportation','intermodal hub']::text[]) ON CONFLICT ("id") DO NOTHING;
INSERT INTO "VocabItem" ("id", "topicId", "word", "phonBr", "phonNAm", "meaning", "vietnameseMeaning", "partOfSpeech", "exampleSentence", "exampleTranslation", "synonyms", "antonyms", "collocations") VALUES ('travel-transportation-c2-thwart', 'travel-transportation-c2', E'thwart', E'/θwɔːt/', E'/θwɔːrt/', E'to prevent someone from accomplishing something or to stop a journey/plan', E'cản trở, làm thất bại (kế hoạch đi lại)', 'verb', E'Heavy snowfalls served to thwart all our attempts to reach the remote village.', E'Những đợt tuyết rơi dày đã làm thất bại mọi nỗ lực của chúng tôi để đến được ngôi làng hẻo lánh đó.', ARRAY['hinder','obstruct']::text[], ARRAY['facilitate']::text[], ARRAY['thwart plans','thwart attempts']::text[]) ON CONFLICT ("id") DO NOTHING;

-- Topic: Accommodation - A1 (8 words)
INSERT INTO "Topic" ("id", "title", "subtitle", "description", "level", "wordCount", "estimatedTime", "category", "subcategory", "order", "topicGroupId") VALUES ('travel-accommodation-a1', 'Accommodation - A1', 'Vocabulary about accommodation', 'Learn essential vocabulary about accommodation at A1 level.', 'A1', 8, 16, 'Travel', 'Accommodation', 0, 'sf7d47eebb6d484243127') ON CONFLICT ("id") DO NOTHING;
INSERT INTO "VocabItem" ("id", "topicId", "word", "phonBr", "phonNAm", "meaning", "vietnameseMeaning", "partOfSpeech", "exampleSentence", "exampleTranslation", "synonyms", "antonyms", "collocations") VALUES ('travel-accommodation-a1-hotel', 'travel-accommodation-a1', E'hotel', E'/həʊˈtel/', E'/hoʊˈtel/', E'a building where people pay to stay', E'khách sạn', 'noun', E'We stay at a big hotel in the city.', E'Chúng tôi ở tại một khách sạn lớn trong thành phố.', ARRAY['inn','lodge']::text[], '{}', ARRAY['stay at a hotel','book a hotel']::text[]) ON CONFLICT ("id") DO NOTHING;
INSERT INTO "VocabItem" ("id", "topicId", "word", "phonBr", "phonNAm", "meaning", "vietnameseMeaning", "partOfSpeech", "exampleSentence", "exampleTranslation", "synonyms", "antonyms", "collocations") VALUES ('travel-accommodation-a1-key', 'travel-accommodation-a1', E'key', E'/kiː/', E'/kiː/', E'a metal object used to open a lock', E'chìa khóa', 'noun', E'Here is the key for your room.', E'Đây là chìa khóa cho phòng của bạn.', ARRAY['opener']::text[], '{}', ARRAY['room key','get the key']::text[]) ON CONFLICT ("id") DO NOTHING;
INSERT INTO "VocabItem" ("id", "topicId", "word", "phonBr", "phonNAm", "meaning", "vietnameseMeaning", "partOfSpeech", "exampleSentence", "exampleTranslation", "synonyms", "antonyms", "collocations") VALUES ('travel-accommodation-a1-stay', 'travel-accommodation-a1', E'stay', E'/steɪ/', E'/steɪ/', E'to live in a place for a short time', E'ở lại', 'verb', E'I want to stay here for three nights.', E'Tôi muốn ở lại đây ba đêm.', ARRAY['reside','lodge']::text[], ARRAY['leave']::text[], ARRAY['stay at','stay for']::text[]) ON CONFLICT ("id") DO NOTHING;
INSERT INTO "VocabItem" ("id", "topicId", "word", "phonBr", "phonNAm", "meaning", "vietnameseMeaning", "partOfSpeech", "exampleSentence", "exampleTranslation", "synonyms", "antonyms", "collocations") VALUES ('travel-accommodation-a1-check-in', 'travel-accommodation-a1', E'check-in', E'/ˈtʃek.ɪn/', E'/ˈtʃek.ɪn/', E'to arrive and register at a hotel', E'làm thủ tục nhận phòng', 'verb', E'We can check-in at two o''clock.', E'Chúng ta có thể làm thủ tục nhận phòng lúc hai giờ.', ARRAY['register','arrive']::text[], ARRAY['check-out']::text[], ARRAY['check-in time','ready to check-in']::text[]) ON CONFLICT ("id") DO NOTHING;
INSERT INTO "VocabItem" ("id", "topicId", "word", "phonBr", "phonNAm", "meaning", "vietnameseMeaning", "partOfSpeech", "exampleSentence", "exampleTranslation", "synonyms", "antonyms", "collocations") VALUES ('travel-accommodation-a1-guest', 'travel-accommodation-a1', E'guest', E'/ɡest/', E'/ɡest/', E'a person who is staying at a hotel', E'khách', 'noun', E'The hotel has many guests today.', E'Khách sạn có nhiều khách hôm nay.', ARRAY['visitor','customer']::text[], ARRAY['host']::text[], ARRAY['hotel guest','welcome a guest']::text[]) ON CONFLICT ("id") DO NOTHING;
INSERT INTO "VocabItem" ("id", "topicId", "word", "phonBr", "phonNAm", "meaning", "vietnameseMeaning", "partOfSpeech", "exampleSentence", "exampleTranslation", "synonyms", "antonyms", "collocations") VALUES ('travel-accommodation-a1-reception', 'travel-accommodation-a1', E'reception', E'/rɪˈsep.ʃən/', E'/rɪˈsep.ʃən/', E'the place in a hotel where you arrive', E'quầy lễ tân', 'noun', E'Please go to the reception to get your key.', E'Vui lòng đến quầy lễ tân để lấy chìa khóa của bạn.', ARRAY['front desk']::text[], '{}', ARRAY['at the reception','go to reception']::text[]) ON CONFLICT ("id") DO NOTHING;
INSERT INTO "VocabItem" ("id", "topicId", "word", "phonBr", "phonNAm", "meaning", "vietnameseMeaning", "partOfSpeech", "exampleSentence", "exampleTranslation", "synonyms", "antonyms", "collocations") VALUES ('travel-accommodation-a1-quiet', 'travel-accommodation-a1', E'quiet', E'/ˈkwaɪ.ət/', E'/ˈkwaɪ.ət/', E'making very little noise', E'yên tĩnh', 'adjective', E'This hotel is very quiet at night.', E'Khách sạn này rất yên tĩnh vào ban đêm.', ARRAY['silent','peaceful']::text[], ARRAY['noisy']::text[], ARRAY['quiet place','very quiet']::text[]) ON CONFLICT ("id") DO NOTHING;
INSERT INTO "VocabItem" ("id", "topicId", "word", "phonBr", "phonNAm", "meaning", "vietnameseMeaning", "partOfSpeech", "exampleSentence", "exampleTranslation", "synonyms", "antonyms", "collocations") VALUES ('travel-accommodation-a1-hostel', 'travel-accommodation-a1', E'hostel', E'/ˈhɒs.təl/', E'/ˈhɑː.stəl/', E'a cheap place for travelers to sleep', E'nhà nghỉ bình dân', 'noun', E'We stay at a cheap hostel.', E'Chúng tôi ở tại một nhà nghỉ bình dân.', ARRAY['dormitory']::text[], '{}', ARRAY['youth hostel','stay at a hostel']::text[]) ON CONFLICT ("id") DO NOTHING;

-- Topic: Accommodation - A2 (5 words)
INSERT INTO "Topic" ("id", "title", "subtitle", "description", "level", "wordCount", "estimatedTime", "category", "subcategory", "order", "topicGroupId") VALUES ('travel-accommodation-a2', 'Accommodation - A2', 'Vocabulary about accommodation', 'Learn essential vocabulary about accommodation at A2 level.', 'A2', 5, 10, 'Travel', 'Accommodation', 1, 'sf7d47eebb6d484243127') ON CONFLICT ("id") DO NOTHING;
INSERT INTO "VocabItem" ("id", "topicId", "word", "phonBr", "phonNAm", "meaning", "vietnameseMeaning", "partOfSpeech", "exampleSentence", "exampleTranslation", "synonyms", "antonyms", "collocations") VALUES ('travel-accommodation-a2-reservation', 'travel-accommodation-a2', E'reservation', E'/ˌrez.əˈveɪ.ʃən/', E'/ˌrez.ɚˈveɪ.ʃən/', E'an arrangement to have a room held for you', E'sự đặt chỗ', 'noun', E'I made a reservation for a single room last week.', E'Tôi đã đặt trước một phòng đơn vào tuần trước.', ARRAY['booking']::text[], '{}', ARRAY['make a reservation','confirm a reservation']::text[]) ON CONFLICT ("id") DO NOTHING;
INSERT INTO "VocabItem" ("id", "topicId", "word", "phonBr", "phonNAm", "meaning", "vietnameseMeaning", "partOfSpeech", "exampleSentence", "exampleTranslation", "synonyms", "antonyms", "collocations") VALUES ('travel-accommodation-a2-vacant', 'travel-accommodation-a2', E'vacant', E'/ˈveɪ.kənt/', E'/ˈveɪ.kənt/', E'not occupied; available for use', E'trống, chưa có người ở', 'adjective', E'Are there any vacant rooms for tonight?', E'Có phòng nào trống cho đêm nay không?', ARRAY['empty','available']::text[], ARRAY['occupied']::text[], ARRAY['vacant room','remain vacant']::text[]) ON CONFLICT ("id") DO NOTHING;
INSERT INTO "VocabItem" ("id", "topicId", "word", "phonBr", "phonNAm", "meaning", "vietnameseMeaning", "partOfSpeech", "exampleSentence", "exampleTranslation", "synonyms", "antonyms", "collocations") VALUES ('travel-accommodation-a2-keycard', 'travel-accommodation-a2', E'keycard', E'/ˈkiː.kɑːd/', E'/ˈkiː.kɑːrd/', E'a plastic card used to open a hotel door', E'thẻ từ (mở cửa phòng)', 'noun', E'Don''t forget to take your keycard when you leave the room.', E'Đừng quên mang theo thẻ từ khi bạn rời khỏi phòng.', ARRAY['electronic key']::text[], '{}', ARRAY['use a keycard','lose a keycard']::text[]) ON CONFLICT ("id") DO NOTHING;
INSERT INTO "VocabItem" ("id", "topicId", "word", "phonBr", "phonNAm", "meaning", "vietnameseMeaning", "partOfSpeech", "exampleSentence", "exampleTranslation", "synonyms", "antonyms", "collocations") VALUES ('travel-accommodation-a2-check-out', 'travel-accommodation-a2', E'check-out', E'/ˈtʃek aʊt/', E'/ˈtʃek aʊt/', E'the time or process of leaving a hotel', E'làm thủ tục trả phòng', 'verb', E'We need to check-out before 11 AM.', E'Chúng tôi cần làm thủ tục trả phòng trước 11 giờ sáng.', ARRAY['leave','depart']::text[], ARRAY['check-in']::text[], ARRAY['check-out time','late check-out']::text[]) ON CONFLICT ("id") DO NOTHING;
INSERT INTO "VocabItem" ("id", "topicId", "word", "phonBr", "phonNAm", "meaning", "vietnameseMeaning", "partOfSpeech", "exampleSentence", "exampleTranslation", "synonyms", "antonyms", "collocations") VALUES ('travel-accommodation-a2-view', 'travel-accommodation-a2', E'view', E'/vjuː/', E'/vjuː/', E'what you can see from a particular place', E'tầm nhìn, cảnh quan', 'noun', E'Our room has a beautiful view of the mountains.', E'Phòng của chúng tôi có tầm nhìn tuyệt đẹp ra những ngọn núi.', ARRAY['sight','scenery']::text[], '{}', ARRAY['ocean view','mountain view']::text[]) ON CONFLICT ("id") DO NOTHING;

-- Topic: Accommodation - B1 (5 words)
INSERT INTO "Topic" ("id", "title", "subtitle", "description", "level", "wordCount", "estimatedTime", "category", "subcategory", "order", "topicGroupId") VALUES ('travel-accommodation-b1', 'Accommodation - B1', 'Vocabulary about accommodation', 'Learn essential vocabulary about accommodation at B1 level.', 'B1', 5, 10, 'Travel', 'Accommodation', 2, 'sf7d47eebb6d484243127') ON CONFLICT ("id") DO NOTHING;
INSERT INTO "VocabItem" ("id", "topicId", "word", "phonBr", "phonNAm", "meaning", "vietnameseMeaning", "partOfSpeech", "exampleSentence", "exampleTranslation", "synonyms", "antonyms", "collocations") VALUES ('travel-accommodation-b1-overnight', 'travel-accommodation-b1', E'overnight', E'/ˌəʊ.vəˈnaɪt/', E'/ˌoʊ.vɚˈnaɪt/', E'for the duration of one night', E'qua đêm', 'adjective', E'We booked an overnight stay near the airport.', E'Chúng tôi đã đặt một chỗ nghỉ qua đêm gần sân bay.', ARRAY['nightly']::text[], '{}', ARRAY['overnight stay','overnight trip']::text[]) ON CONFLICT ("id") DO NOTHING;
INSERT INTO "VocabItem" ("id", "topicId", "word", "phonBr", "phonNAm", "meaning", "vietnameseMeaning", "partOfSpeech", "exampleSentence", "exampleTranslation", "synonyms", "antonyms", "collocations") VALUES ('travel-accommodation-b1-suite', 'travel-accommodation-b1', E'suite', E'/swiːt/', E'/swiːt/', E'a set of connected rooms in a hotel, usually more expensive than a standard room', E'phòng hạng sang (gồm nhiều phòng nhỏ bên trong)', 'noun', E'They decided to upgrade to a luxury suite for their anniversary.', E'Họ quyết định nâng cấp lên một phòng hạng sang cho lễ kỷ niệm của mình.', ARRAY['deluxe room']::text[], '{}', ARRAY['luxury suite','book a suite']::text[]) ON CONFLICT ("id") DO NOTHING;
INSERT INTO "VocabItem" ("id", "topicId", "word", "phonBr", "phonNAm", "meaning", "vietnameseMeaning", "partOfSpeech", "exampleSentence", "exampleTranslation", "synonyms", "antonyms", "collocations") VALUES ('travel-accommodation-b1-guesthouse', 'travel-accommodation-b1', E'guesthouse', E'/ˈɡest.haʊs/', E'/ˈɡest.haʊs/', E'a private house where people can pay to stay and have meals', E'nhà khách', 'noun', E'We preferred a small guesthouse to a large, noisy hotel.', E'Chúng tôi thích một nhà khách nhỏ hơn là một khách sạn lớn ồn ào.', ARRAY['inn']::text[], '{}', ARRAY['stay at a guesthouse','local guesthouse']::text[]) ON CONFLICT ("id") DO NOTHING;
INSERT INTO "VocabItem" ("id", "topicId", "word", "phonBr", "phonNAm", "meaning", "vietnameseMeaning", "partOfSpeech", "exampleSentence", "exampleTranslation", "synonyms", "antonyms", "collocations") VALUES ('travel-accommodation-b1-shared', 'travel-accommodation-b1', E'shared', E'/ʃeəd/', E'/ʃerd/', E'used or occupied by more than one person', E'dùng chung', 'adjective', E'The hostel offers shared facilities like a kitchen and lounge.', E'Hostel cung cấp các tiện nghi dùng chung như nhà bếp và phòng chờ.', ARRAY['communal']::text[], ARRAY['private']::text[], ARRAY['shared bathroom','shared room']::text[]) ON CONFLICT ("id") DO NOTHING;
INSERT INTO "VocabItem" ("id", "topicId", "word", "phonBr", "phonNAm", "meaning", "vietnameseMeaning", "partOfSpeech", "exampleSentence", "exampleTranslation", "synonyms", "antonyms", "collocations") VALUES ('travel-accommodation-b1-rate', 'travel-accommodation-b1', E'rate', E'/reɪt/', E'/reɪt/', E'the price charged for a room for a specific period', E'giá phòng', 'noun', E'The nightly rate includes breakfast and free Wi-Fi.', E'Giá phòng mỗi đêm đã bao gồm bữa sáng và Wi-Fi miễn phí.', ARRAY['tariff']::text[], '{}', ARRAY['nightly rate','discounted rate']::text[]) ON CONFLICT ("id") DO NOTHING;

-- Topic: Accommodation - B2 (8 words)
INSERT INTO "Topic" ("id", "title", "subtitle", "description", "level", "wordCount", "estimatedTime", "category", "subcategory", "order", "topicGroupId") VALUES ('travel-accommodation-b2', 'Accommodation - B2', 'Vocabulary about accommodation', 'Learn essential vocabulary about accommodation at B2 level.', 'B2', 8, 16, 'Travel', 'Accommodation', 3, 'sf7d47eebb6d484243127') ON CONFLICT ("id") DO NOTHING;
INSERT INTO "VocabItem" ("id", "topicId", "word", "phonBr", "phonNAm", "meaning", "vietnameseMeaning", "partOfSpeech", "exampleSentence", "exampleTranslation", "synonyms", "antonyms", "collocations") VALUES ('travel-accommodation-b2-inbound', 'travel-accommodation-b2', E'inbound', E'/ˈɪn.baʊnd/', E'/ˈɪn.baʊnd/', E'arriving at a place, especially when traveling back home or to a destination', E'đến, cập bến', 'adjective', E'The hotel provides a shuttle service for all inbound guests arriving at the train station.', E'Khách sạn cung cấp dịch vụ đưa đón cho tất cả các vị khách đến nhà ga.', ARRAY['arriving','incoming']::text[], ARRAY['outbound']::text[], ARRAY['inbound flight','inbound tourism']::text[]) ON CONFLICT ("id") DO NOTHING;
INSERT INTO "VocabItem" ("id", "topicId", "word", "phonBr", "phonNAm", "meaning", "vietnameseMeaning", "partOfSpeech", "exampleSentence", "exampleTranslation", "synonyms", "antonyms", "collocations") VALUES ('travel-accommodation-b2-adjoining', 'travel-accommodation-b2', E'adjoining', E'/əˈdʒɔɪ.nɪŋ/', E'/əˈdʒɔɪ.nɪŋ/', E'next to or joined with another room', E'liền kề, thông nhau', 'adjective', E'We requested adjoining rooms so the family could stay together during the trip.', E'Chúng tôi đã yêu cầu các phòng liền kề để cả gia đình có thể ở cùng nhau trong suốt chuyến đi.', ARRAY['adjacent','neighboring']::text[], '{}', ARRAY['adjoining room','adjoining door']::text[]) ON CONFLICT ("id") DO NOTHING;
INSERT INTO "VocabItem" ("id", "topicId", "word", "phonBr", "phonNAm", "meaning", "vietnameseMeaning", "partOfSpeech", "exampleSentence", "exampleTranslation", "synonyms", "antonyms", "collocations") VALUES ('travel-accommodation-b2-breathtaking', 'travel-accommodation-b2', E'breathtaking', E'/ˈbreθˌteɪ.kɪŋ/', E'/ˈbreθˌteɪ.kɪŋ/', E'extremely beautiful or impressive, often referring to a view from a room', E'đẹp đến nín thở, ngoạn mục', 'adjective', E'Our villa offered a breathtaking view of the ocean.', E'Biệt thự của chúng tôi có tầm nhìn ngoạn mục ra đại dương.', ARRAY['stunning','spectacular']::text[], '{}', ARRAY['breathtaking view','breathtaking scenery']::text[]) ON CONFLICT ("id") DO NOTHING;
INSERT INTO "VocabItem" ("id", "topicId", "word", "phonBr", "phonNAm", "meaning", "vietnameseMeaning", "partOfSpeech", "exampleSentence", "exampleTranslation", "synonyms", "antonyms", "collocations") VALUES ('travel-accommodation-b2-accommodate', 'travel-accommodation-b2', E'accommodate', E'/əˈkɒm.ə.deɪt/', E'/əˈkɑː.mə.deɪt/', E'to provide enough space for someone or something', E'đáp ứng, cung cấp chỗ ở', 'verb', E'The small guesthouse can accommodate up to twenty guests at a time.', E'Nhà khách nhỏ này có thể chứa tối đa hai mươi khách một lúc.', ARRAY['house','lodge']::text[], '{}', ARRAY['accommodate guests','accommodate needs']::text[]) ON CONFLICT ("id") DO NOTHING;
INSERT INTO "VocabItem" ("id", "topicId", "word", "phonBr", "phonNAm", "meaning", "vietnameseMeaning", "partOfSpeech", "exampleSentence", "exampleTranslation", "synonyms", "antonyms", "collocations") VALUES ('travel-accommodation-b2-inclusive', 'travel-accommodation-b2', E'inclusive', E'/ɪnˈkluː.sɪv/', E'/ɪnˈkluː.sɪv/', E'including everything, especially all costs in a price', E'trọn gói, bao gồm tất cả', 'adjective', E'We opted for an all-inclusive package to avoid extra expenses during our stay.', E'Chúng tôi đã chọn một gói trọn gói để tránh các chi phí phát sinh trong thời gian lưu trú.', ARRAY['all-encompassing','comprehensive']::text[], ARRAY['exclusive']::text[], ARRAY['all-inclusive','inclusive price']::text[]) ON CONFLICT ("id") DO NOTHING;
INSERT INTO "VocabItem" ("id", "topicId", "word", "phonBr", "phonNAm", "meaning", "vietnameseMeaning", "partOfSpeech", "exampleSentence", "exampleTranslation", "synonyms", "antonyms", "collocations") VALUES ('travel-accommodation-b2-overbook', 'travel-accommodation-b2', E'overbook', E'/ˌəʊ.vəˈbʊk/', E'/ˌoʊ.vɚˈbʊk/', E'to sell more tickets or reservations than are actually available', E'đặt chỗ quá tải', 'verb', E'The hotel tends to overbook during peak season, so confirm your reservation early.', E'Khách sạn thường có xu hướng nhận đặt phòng quá tải vào mùa cao điểm, vì vậy hãy xác nhận đặt phòng của bạn sớm.', ARRAY['double-book']::text[], '{}', ARRAY['overbook a flight','overbook a hotel']::text[]) ON CONFLICT ("id") DO NOTHING;
INSERT INTO "VocabItem" ("id", "topicId", "word", "phonBr", "phonNAm", "meaning", "vietnameseMeaning", "partOfSpeech", "exampleSentence", "exampleTranslation", "synonyms", "antonyms", "collocations") VALUES ('travel-accommodation-b2-concierge', 'travel-accommodation-b2', E'concierge', E'/ˈkɒn.si.eərʒ/', E'/ˈkɑːn.si.erʒ/', E'a staff member who assists guests with arrangements like tours or restaurant reservations', E'nhân viên hỗ trợ khách hàng', 'noun', E'Ask the concierge if they can help you book tickets for the city tour.', E'Hãy hỏi nhân viên hỗ trợ xem họ có thể giúp bạn đặt vé cho chuyến tham quan thành phố hay không.', ARRAY['attendant','receptionist']::text[], '{}', ARRAY['hotel concierge','concierge desk']::text[]) ON CONFLICT ("id") DO NOTHING;
INSERT INTO "VocabItem" ("id", "topicId", "word", "phonBr", "phonNAm", "meaning", "vietnameseMeaning", "partOfSpeech", "exampleSentence", "exampleTranslation", "synonyms", "antonyms", "collocations") VALUES ('travel-accommodation-b2-nightly', 'travel-accommodation-b2', E'nightly', E'/ˈnaɪt.li/', E'/ˈnaɪt.li/', E'happening or costing every night', E'hàng đêm, mỗi đêm', 'adjective', E'The nightly rate includes breakfast and access to the pool.', E'Giá mỗi đêm đã bao gồm bữa sáng và quyền sử dụng hồ bơi.', ARRAY['per night','nocturnal']::text[], '{}', ARRAY['nightly rate','nightly fee']::text[]) ON CONFLICT ("id") DO NOTHING;

-- Topic: Accommodation - C1 (8 words)
INSERT INTO "Topic" ("id", "title", "subtitle", "description", "level", "wordCount", "estimatedTime", "category", "subcategory", "order", "topicGroupId") VALUES ('travel-accommodation-c1', 'Accommodation - C1', 'Vocabulary about accommodation', 'Learn essential vocabulary about accommodation at C1 level.', 'C1', 8, 16, 'Travel', 'Accommodation', 4, 'sf7d47eebb6d484243127') ON CONFLICT ("id") DO NOTHING;
INSERT INTO "VocabItem" ("id", "topicId", "word", "phonBr", "phonNAm", "meaning", "vietnameseMeaning", "partOfSpeech", "exampleSentence", "exampleTranslation", "synonyms", "antonyms", "collocations") VALUES ('travel-accommodation-c1-en-suite', 'travel-accommodation-c1', E'en-suite', E'/ɒnˈswiːt/', E'/ɑːnˈswiːt/', E'a room with an attached private bathroom', E'phòng có nhà vệ sinh khép kín', 'adjective', E'We decided to book an en-suite room to ensure complete privacy during our stay.', E'Chúng tôi quyết định đặt một phòng khép kín để đảm bảo sự riêng tư tuyệt đối trong suốt kỳ nghỉ.', ARRAY['private bathroom','adjoining']::text[], ARRAY['shared']::text[], ARRAY['en-suite bathroom','en-suite facility']::text[]) ON CONFLICT ("id") DO NOTHING;
INSERT INTO "VocabItem" ("id", "topicId", "word", "phonBr", "phonNAm", "meaning", "vietnameseMeaning", "partOfSpeech", "exampleSentence", "exampleTranslation", "synonyms", "antonyms", "collocations") VALUES ('travel-accommodation-c1-vacate', 'travel-accommodation-c1', E'vacate', E'/vəˈkeɪt/', E'/ˈveɪkeɪt/', E'to leave a place that you have been staying in', E'trả phòng, rời đi', 'verb', E'Guests are kindly requested to vacate their rooms by 11:00 AM on the day of departure.', E'Quý khách vui lòng trả phòng trước 11 giờ sáng vào ngày khởi hành.', ARRAY['depart','evacuate']::text[], ARRAY['occupy']::text[], ARRAY['vacate the premises','vacate the room']::text[]) ON CONFLICT ("id") DO NOTHING;
INSERT INTO "VocabItem" ("id", "topicId", "word", "phonBr", "phonNAm", "meaning", "vietnameseMeaning", "partOfSpeech", "exampleSentence", "exampleTranslation", "synonyms", "antonyms", "collocations") VALUES ('travel-accommodation-c1-resplendent', 'travel-accommodation-c1', E'resplendent', E'/rɪˈsplendənt/', E'/rɪˈsplendənt/', E'attractive and impressive in appearance', E'rực rỡ, lộng lẫy', 'adjective', E'The hotel lobby was resplendent with gold leaf and marble columns.', E'Sảnh khách sạn rực rỡ với những lá vàng và cột đá cẩm thạch.', ARRAY['magnificent','dazzling']::text[], ARRAY['dull']::text[], ARRAY['resplendent decor','resplendent interior']::text[]) ON CONFLICT ("id") DO NOTHING;
INSERT INTO "VocabItem" ("id", "topicId", "word", "phonBr", "phonNAm", "meaning", "vietnameseMeaning", "partOfSpeech", "exampleSentence", "exampleTranslation", "synonyms", "antonyms", "collocations") VALUES ('travel-accommodation-c1-sublet', 'travel-accommodation-c1', E'sublet', E'/ˌsʌbˈlet/', E'/ˈsʌblet/', E'to rent out a room or property that you are already renting', E'cho thuê lại', 'verb', E'The contract strictly forbids the tenant to sublet the apartment to travelers.', E'Hợp đồng nghiêm cấm người thuê cho khách du lịch thuê lại căn hộ.', ARRAY['sublease']::text[], '{}', ARRAY['illegally sublet','sublet the property']::text[]) ON CONFLICT ("id") DO NOTHING;
INSERT INTO "VocabItem" ("id", "topicId", "word", "phonBr", "phonNAm", "meaning", "vietnameseMeaning", "partOfSpeech", "exampleSentence", "exampleTranslation", "synonyms", "antonyms", "collocations") VALUES ('travel-accommodation-c1-opulent', 'travel-accommodation-c1', E'opulent', E'/ˈɒpjələnt/', E'/ˈɑːpjələnt/', E'extremely rich, luxurious, and expensive', E'xa hoa, sang trọng', 'adjective', E'They spent their honeymoon in an opulent suite overlooking the Mediterranean Sea.', E'Họ đã dành kỳ trăng mật trong một phòng suite xa hoa nhìn ra biển Địa Trung Hải.', ARRAY['luxurious','lavish']::text[], ARRAY['modest']::text[], ARRAY['opulent surroundings','opulent lifestyle']::text[]) ON CONFLICT ("id") DO NOTHING;
INSERT INTO "VocabItem" ("id", "topicId", "word", "phonBr", "phonNAm", "meaning", "vietnameseMeaning", "partOfSpeech", "exampleSentence", "exampleTranslation", "synonyms", "antonyms", "collocations") VALUES ('travel-accommodation-c1-lodging', 'travel-accommodation-c1', E'lodging', E'/ˈlɒdʒɪŋ/', E'/ˈlɑːdʒɪŋ/', E'a temporary place to stay', E'nơi ăn chốn ở, chỗ trọ', 'noun', E'We secured affordable lodging near the train station for the duration of our trip.', E'Chúng tôi đã tìm được chỗ ở giá cả phải chăng gần ga tàu trong suốt chuyến đi.', ARRAY['accommodation','quarters']::text[], '{}', ARRAY['provide lodging','temporary lodging']::text[]) ON CONFLICT ("id") DO NOTHING;
INSERT INTO "VocabItem" ("id", "topicId", "word", "phonBr", "phonNAm", "meaning", "vietnameseMeaning", "partOfSpeech", "exampleSentence", "exampleTranslation", "synonyms", "antonyms", "collocations") VALUES ('travel-accommodation-c1-deposit', 'travel-accommodation-c1', E'deposit', E'/dɪˈpɒzɪt/', E'/dɪˈpɑːzɪt/', E'a sum of money paid as a first installment or security', E'tiền đặt cọc', 'noun', E'You are required to pay a security deposit upon checking into the villa.', E'Bạn được yêu cầu đóng một khoản tiền đặt cọc bảo đảm khi nhận phòng tại căn biệt thự.', ARRAY['down payment','security']::text[], '{}', ARRAY['security deposit','refundable deposit']::text[]) ON CONFLICT ("id") DO NOTHING;
INSERT INTO "VocabItem" ("id", "topicId", "word", "phonBr", "phonNAm", "meaning", "vietnameseMeaning", "partOfSpeech", "exampleSentence", "exampleTranslation", "synonyms", "antonyms", "collocations") VALUES ('travel-accommodation-c1-overhaul', 'travel-accommodation-c1', E'overhaul', E'/ˈəʊvəhɔːl/', E'/ˈoʊvərhɔːl/', E'to repair or improve a system or structure extensively', E'đại tu, cải tổ', 'verb', E'The hotel chain plans to overhaul its booking system to handle peak season traffic.', E'Chuỗi khách sạn có kế hoạch đại tu hệ thống đặt phòng để xử lý lưu lượng khách mùa cao điểm.', ARRAY['renovate','revamp']::text[], ARRAY['neglect']::text[], ARRAY['complete overhaul','overhaul the system']::text[]) ON CONFLICT ("id") DO NOTHING;

-- Topic: Accommodation - C2 (8 words)
INSERT INTO "Topic" ("id", "title", "subtitle", "description", "level", "wordCount", "estimatedTime", "category", "subcategory", "order", "topicGroupId") VALUES ('travel-accommodation-c2', 'Accommodation - C2', 'Vocabulary about accommodation', 'Learn essential vocabulary about accommodation at C2 level.', 'C2', 8, 16, 'Travel', 'Accommodation', 5, 'sf7d47eebb6d484243127') ON CONFLICT ("id") DO NOTHING;
INSERT INTO "VocabItem" ("id", "topicId", "word", "phonBr", "phonNAm", "meaning", "vietnameseMeaning", "partOfSpeech", "exampleSentence", "exampleTranslation", "synonyms", "antonyms", "collocations") VALUES ('travel-accommodation-c2-pied-à-terre', 'travel-accommodation-c2', E'pied-à-terre', E'/ˌpjeɪ.əˈteər/', E'/ˌpjeɪ.əˈter/', E'a small apartment or house kept for occasional use', E'căn hộ nhỏ dùng để ở tạm', 'noun', E'The diplomat maintains a modest pied-à-terre in the capital for his frequent business trips.', E'Nhà ngoại giao duy trì một căn hộ nhỏ ở thủ đô cho những chuyến công tác thường xuyên của ông.', ARRAY['bolt-hole','secondary residence']::text[], '{}', ARRAY['maintain a pied-à-terre','city pied-à-terre']::text[]) ON CONFLICT ("id") DO NOTHING;
INSERT INTO "VocabItem" ("id", "topicId", "word", "phonBr", "phonNAm", "meaning", "vietnameseMeaning", "partOfSpeech", "exampleSentence", "exampleTranslation", "synonyms", "antonyms", "collocations") VALUES ('travel-accommodation-c2-bivouac', 'travel-accommodation-c2', E'bivouac', E'/ˈbɪv.u.æk/', E'/ˈbɪv.wæk/', E'a temporary camp without tents or cover, used especially by soldiers or mountaineers', E'trại dã chiến tạm thời', 'noun', E'After the storm destroyed their tent, the climbers were forced to establish a makeshift bivouac on the ledge.', E'Sau khi cơn bão phá hủy lều, những người leo núi buộc phải dựng một chỗ trú tạm trên vách đá.', ARRAY['encampment','bivvy']::text[], '{}', ARRAY['establish a bivouac','makeshift bivouac']::text[]) ON CONFLICT ("id") DO NOTHING;
INSERT INTO "VocabItem" ("id", "topicId", "word", "phonBr", "phonNAm", "meaning", "vietnameseMeaning", "partOfSpeech", "exampleSentence", "exampleTranslation", "synonyms", "antonyms", "collocations") VALUES ('travel-accommodation-c2-château', 'travel-accommodation-c2', E'château', E'/ˈʃæt.əʊ/', E'/ʃæˈtoʊ/', E'a large French country house or castle, often giving its name to wine made in its neighborhood', E'lâu đài hoặc biệt thự kiểu Pháp', 'noun', E'We were invited to stay at an ancestral château in the Loire Valley during the harvest season.', E'Chúng tôi được mời ở lại một lâu đài cổ kính ở Thung lũng Loire trong mùa thu hoạch.', ARRAY['manor','palace']::text[], '{}', ARRAY['ancestral château','stay at a château']::text[]) ON CONFLICT ("id") DO NOTHING;
INSERT INTO "VocabItem" ("id", "topicId", "word", "phonBr", "phonNAm", "meaning", "vietnameseMeaning", "partOfSpeech", "exampleSentence", "exampleTranslation", "synonyms", "antonyms", "collocations") VALUES ('travel-accommodation-c2-cohabit', 'travel-accommodation-c2', E'cohabit', E'/kəʊˈhæb.ɪt/', E'/koʊˈhæb.ɪt/', E'to live or exist together in the same space', E'sống chung, cùng ở', 'verb', E'The travel group had to cohabit in a single cabin due to the unexpected surge in tourism demand.', E'Nhóm du lịch phải ở chung trong một căn nhà gỗ do nhu cầu du lịch tăng đột biến ngoài dự kiến.', ARRAY['coexist','live together']::text[], '{}', ARRAY['cohabit in','forced to cohabit']::text[]) ON CONFLICT ("id") DO NOTHING;
INSERT INTO "VocabItem" ("id", "topicId", "word", "phonBr", "phonNAm", "meaning", "vietnameseMeaning", "partOfSpeech", "exampleSentence", "exampleTranslation", "synonyms", "antonyms", "collocations") VALUES ('travel-accommodation-c2-hostelry', 'travel-accommodation-c2', E'hostelry', E'/ˈhɒs.təl.ri/', E'/ˈhɑː.stəl.ri/', E'an inn or hotel, especially an old-fashioned one', E'quán trọ, khách sạn cổ', 'noun', E'The weary travelers sought refuge in a quaint hostelry at the edge of the village.', E'Những du khách mệt mỏi đã tìm nơi trú ẩn tại một quán trọ cổ kính ở rìa ngôi làng.', ARRAY['inn','tavern']::text[], '{}', ARRAY['quaint hostelry','old-fashioned hostelry']::text[]) ON CONFLICT ("id") DO NOTHING;
INSERT INTO "VocabItem" ("id", "topicId", "word", "phonBr", "phonNAm", "meaning", "vietnameseMeaning", "partOfSpeech", "exampleSentence", "exampleTranslation", "synonyms", "antonyms", "collocations") VALUES ('travel-accommodation-c2-lodgings', 'travel-accommodation-c2', E'lodgings', E'/ˈlɒdʒ.ɪŋz/', E'/ˈlɑː.dʒɪŋz/', E'temporary accommodation, typically in someone else''s house', E'chỗ ở tạm thời', 'noun', E'During the festival, students often find lodgings with local families to save on travel expenses.', E'Trong suốt lễ hội, sinh viên thường tìm chỗ ở tạm tại các gia đình địa phương để tiết kiệm chi phí đi lại.', ARRAY['quarters','digs']::text[], '{}', ARRAY['find lodgings','temporary lodgings']::text[]) ON CONFLICT ("id") DO NOTHING;
INSERT INTO "VocabItem" ("id", "topicId", "word", "phonBr", "phonNAm", "meaning", "vietnameseMeaning", "partOfSpeech", "exampleSentence", "exampleTranslation", "synonyms", "antonyms", "collocations") VALUES ('travel-accommodation-c2-secluded', 'travel-accommodation-c2', E'secluded', E'/sɪˈkluː.dɪd/', E'/sɪˈkluː.dɪd/', E'hidden from view; private and quiet', E'hẻo lánh, tách biệt', 'adjective', E'They chose a secluded villa on the cliffside to ensure absolute privacy during their vacation.', E'Họ chọn một căn biệt thự tách biệt trên vách đá để đảm bảo sự riêng tư tuyệt đối trong kỳ nghỉ của mình.', ARRAY['isolated','sequestrated']::text[], ARRAY['public']::text[], ARRAY['secluded villa','remain secluded']::text[]) ON CONFLICT ("id") DO NOTHING;
INSERT INTO "VocabItem" ("id", "topicId", "word", "phonBr", "phonNAm", "meaning", "vietnameseMeaning", "partOfSpeech", "exampleSentence", "exampleTranslation", "synonyms", "antonyms", "collocations") VALUES ('travel-accommodation-c2-surroundings', 'travel-accommodation-c2', E'surroundings', E'/səˈraʊn.dɪŋz/', E'/səˈraʊn.dɪŋz/', E'the things and conditions around a person or place', E'môi trường xung quanh', 'noun', E'The resort is designed to blend harmoniously with its natural mountainous surroundings.', E'Khu nghỉ dưỡng được thiết kế để hòa hợp hoàn hảo với môi trường núi non xung quanh.', ARRAY['environment','setting']::text[], '{}', ARRAY['natural surroundings','pleasant surroundings']::text[]) ON CONFLICT ("id") DO NOTHING;

-- Topic: Sightseeing - A1 (8 words)
INSERT INTO "Topic" ("id", "title", "subtitle", "description", "level", "wordCount", "estimatedTime", "category", "subcategory", "order", "topicGroupId") VALUES ('travel-sightseeing-a1', 'Sightseeing - A1', 'Vocabulary about sightseeing', 'Learn essential vocabulary about sightseeing at A1 level.', 'A1', 8, 16, 'Travel', 'Sightseeing', 0, 'sf7d47eebb6d484243127') ON CONFLICT ("id") DO NOTHING;
INSERT INTO "VocabItem" ("id", "topicId", "word", "phonBr", "phonNAm", "meaning", "vietnameseMeaning", "partOfSpeech", "exampleSentence", "exampleTranslation", "synonyms", "antonyms", "collocations") VALUES ('travel-sightseeing-a1-tour', 'travel-sightseeing-a1', E'tour', E'/tʊə/', E'/tʊr/', E'a journey for pleasure in which several different places are visited.', E'chuyến tham quan', 'noun', E'We went on a city tour yesterday.', E'Chúng tôi đã đi một chuyến tham quan thành phố vào ngày hôm qua.', ARRAY['trip','excursion']::text[], '{}', ARRAY['take a tour','guided tour']::text[]) ON CONFLICT ("id") DO NOTHING;
INSERT INTO "VocabItem" ("id", "topicId", "word", "phonBr", "phonNAm", "meaning", "vietnameseMeaning", "partOfSpeech", "exampleSentence", "exampleTranslation", "synonyms", "antonyms", "collocations") VALUES ('travel-sightseeing-a1-map', 'travel-sightseeing-a1', E'map', E'/mæp/', E'/mæp/', E'a drawing of a particular area showing its main features.', E'bản đồ', 'noun', E'Please look at the map to find the museum.', E'Vui lòng nhìn vào bản đồ để tìm bảo tàng.', ARRAY['chart','plan']::text[], '{}', ARRAY['follow a map','city map']::text[]) ON CONFLICT ("id") DO NOTHING;
INSERT INTO "VocabItem" ("id", "topicId", "word", "phonBr", "phonNAm", "meaning", "vietnameseMeaning", "partOfSpeech", "exampleSentence", "exampleTranslation", "synonyms", "antonyms", "collocations") VALUES ('travel-sightseeing-a1-visit', 'travel-sightseeing-a1', E'visit', E'/ˈvɪz.ɪt/', E'/ˈvɪz.ɪt/', E'to go to see a place or a person for a period of time.', E'thăm, tham quan', 'verb', E'I want to visit the old castle.', E'Tôi muốn tham quan lâu đài cổ.', ARRAY['see','explore']::text[], '{}', ARRAY['visit a place','visit a museum']::text[]) ON CONFLICT ("id") DO NOTHING;
INSERT INTO "VocabItem" ("id", "topicId", "word", "phonBr", "phonNAm", "meaning", "vietnameseMeaning", "partOfSpeech", "exampleSentence", "exampleTranslation", "synonyms", "antonyms", "collocations") VALUES ('travel-sightseeing-a1-guide', 'travel-sightseeing-a1', E'guide', E'/ɡaɪd/', E'/ɡaɪd/', E'a person who shows tourists around a place.', E'hướng dẫn viên', 'noun', E'The guide told us about the history of the park.', E'Hướng dẫn viên đã kể cho chúng tôi nghe về lịch sử của công viên.', ARRAY['leader','escort']::text[], '{}', ARRAY['tour guide','local guide']::text[]) ON CONFLICT ("id") DO NOTHING;
INSERT INTO "VocabItem" ("id", "topicId", "word", "phonBr", "phonNAm", "meaning", "vietnameseMeaning", "partOfSpeech", "exampleSentence", "exampleTranslation", "synonyms", "antonyms", "collocations") VALUES ('travel-sightseeing-a1-photo', 'travel-sightseeing-a1', E'photo', E'/ˈfəʊ.təʊ/', E'/ˈfoʊ.t̬oʊ/', E'a picture made by a camera.', E'ảnh', 'noun', E'I took a photo of the beautiful statue.', E'Tôi đã chụp một bức ảnh bức tượng tuyệt đẹp.', ARRAY['picture','image']::text[], '{}', ARRAY['take a photo','nice photo']::text[]) ON CONFLICT ("id") DO NOTHING;
INSERT INTO "VocabItem" ("id", "topicId", "word", "phonBr", "phonNAm", "meaning", "vietnameseMeaning", "partOfSpeech", "exampleSentence", "exampleTranslation", "synonyms", "antonyms", "collocations") VALUES ('travel-sightseeing-a1-beautiful', 'travel-sightseeing-a1', E'beautiful', E'/ˈbjuː.tɪ.fəl/', E'/ˈbjuː.t̬ə.fəl/', E'very pleasant to look at.', E'đẹp', 'adjective', E'The view from the tower is beautiful.', E'Khung cảnh từ trên tháp rất đẹp.', ARRAY['lovely','pretty']::text[], ARRAY['ugly']::text[], ARRAY['beautiful view','beautiful place']::text[]) ON CONFLICT ("id") DO NOTHING;
INSERT INTO "VocabItem" ("id", "topicId", "word", "phonBr", "phonNAm", "meaning", "vietnameseMeaning", "partOfSpeech", "exampleSentence", "exampleTranslation", "synonyms", "antonyms", "collocations") VALUES ('travel-sightseeing-a1-famous', 'travel-sightseeing-a1', E'famous', E'/ˈfeɪ.məs/', E'/ˈfeɪ.məs/', E'known by many people.', E'nổi tiếng', 'adjective', E'This is a famous park in the city.', E'Đây là một công viên nổi tiếng trong thành phố.', ARRAY['popular','well-known']::text[], ARRAY['unknown']::text[], ARRAY['famous place','very famous']::text[]) ON CONFLICT ("id") DO NOTHING;
INSERT INTO "VocabItem" ("id", "topicId", "word", "phonBr", "phonNAm", "meaning", "vietnameseMeaning", "partOfSpeech", "exampleSentence", "exampleTranslation", "synonyms", "antonyms", "collocations") VALUES ('travel-sightseeing-a1-look', 'travel-sightseeing-a1', E'look', E'/lʊk/', E'/lʊk/', E'to direct your eyes to see something.', E'nhìn', 'verb', E'Look at that big monument!', E'Hãy nhìn đài tưởng niệm lớn đó kìa!', ARRAY['see','watch']::text[], '{}', ARRAY['look at','look around']::text[]) ON CONFLICT ("id") DO NOTHING;

-- Topic: Sightseeing - A2 (8 words)
INSERT INTO "Topic" ("id", "title", "subtitle", "description", "level", "wordCount", "estimatedTime", "category", "subcategory", "order", "topicGroupId") VALUES ('travel-sightseeing-a2', 'Sightseeing - A2', 'Vocabulary about sightseeing', 'Learn essential vocabulary about sightseeing at A2 level.', 'A2', 8, 16, 'Travel', 'Sightseeing', 1, 'sf7d47eebb6d484243127') ON CONFLICT ("id") DO NOTHING;
INSERT INTO "VocabItem" ("id", "topicId", "word", "phonBr", "phonNAm", "meaning", "vietnameseMeaning", "partOfSpeech", "exampleSentence", "exampleTranslation", "synonyms", "antonyms", "collocations") VALUES ('travel-sightseeing-a2-tourist', 'travel-sightseeing-a2', E'tourist', E'/ˈtʊərɪst/', E'/ˈtʊrɪst/', E'a person who is visiting a place for pleasure', E'khách du lịch', 'noun', E'There are many tourists in the city center today.', E'Hôm nay có rất nhiều khách du lịch ở trung tâm thành phố.', ARRAY['visitor','traveler']::text[], ARRAY['local']::text[], ARRAY['tourist attraction','tourist destination']::text[]) ON CONFLICT ("id") DO NOTHING;
INSERT INTO "VocabItem" ("id", "topicId", "word", "phonBr", "phonNAm", "meaning", "vietnameseMeaning", "partOfSpeech", "exampleSentence", "exampleTranslation", "synonyms", "antonyms", "collocations") VALUES ('travel-sightseeing-a2-museum', 'travel-sightseeing-a2', E'museum', E'/mjuˈziːəm/', E'/mjuˈziːəm/', E'a building where objects of historical or scientific interest are kept', E'bảo tàng', 'noun', E'We visited the local museum to learn about history.', E'Chúng tôi đã đến thăm bảo tàng địa phương để tìm hiểu về lịch sử.', ARRAY['gallery','exhibition center']::text[], '{}', ARRAY['visit a museum','museum exhibit']::text[]) ON CONFLICT ("id") DO NOTHING;
INSERT INTO "VocabItem" ("id", "topicId", "word", "phonBr", "phonNAm", "meaning", "vietnameseMeaning", "partOfSpeech", "exampleSentence", "exampleTranslation", "synonyms", "antonyms", "collocations") VALUES ('travel-sightseeing-a2-sightseeing', 'travel-sightseeing-a2', E'sightseeing', E'/ˈsaɪtsiːɪŋ/', E'/ˈsaɪtsiːɪŋ/', E'the activity of visiting interesting places', E'đi tham quan', 'noun', E'We went sightseeing around the old town.', E'Chúng tôi đã đi tham quan quanh khu phố cổ.', ARRAY['touring','sight-seeing']::text[], '{}', ARRAY['go sightseeing','enjoy sightseeing']::text[]) ON CONFLICT ("id") DO NOTHING;
INSERT INTO "VocabItem" ("id", "topicId", "word", "phonBr", "phonNAm", "meaning", "vietnameseMeaning", "partOfSpeech", "exampleSentence", "exampleTranslation", "synonyms", "antonyms", "collocations") VALUES ('travel-sightseeing-a2-statue', 'travel-sightseeing-a2', E'statue', E'/ˈstætʃuː/', E'/ˈstætʃuː/', E'a figure of a person or animal made of stone or metal', E'tượng', 'noun', E'The big statue in the square is very beautiful.', E'Bức tượng lớn ở quảng trường rất đẹp.', ARRAY['sculpture','figure']::text[], '{}', ARRAY['stone statue','bronze statue']::text[]) ON CONFLICT ("id") DO NOTHING;
INSERT INTO "VocabItem" ("id", "topicId", "word", "phonBr", "phonNAm", "meaning", "vietnameseMeaning", "partOfSpeech", "exampleSentence", "exampleTranslation", "synonyms", "antonyms", "collocations") VALUES ('travel-sightseeing-a2-castle', 'travel-sightseeing-a2', E'castle', E'/ˈkɑːsl/', E'/ˈkæsl/', E'a large, strong building built in the past to protect people', E'lâu đài', 'noun', E'The old castle on the hill is a popular spot.', E'Lâu đài cổ trên đồi là một địa điểm nổi tiếng.', ARRAY['fortress','palace']::text[], '{}', ARRAY['visit a castle','ancient castle']::text[]) ON CONFLICT ("id") DO NOTHING;
INSERT INTO "VocabItem" ("id", "topicId", "word", "phonBr", "phonNAm", "meaning", "vietnameseMeaning", "partOfSpeech", "exampleSentence", "exampleTranslation", "synonyms", "antonyms", "collocations") VALUES ('travel-sightseeing-a2-explore', 'travel-sightseeing-a2', E'explore', E'/ɪkˈsplɔː(r)/', E'/ɪkˈsplɔːr/', E'to travel around a new place to learn about it', E'khám phá', 'verb', E'We want to explore the city on foot.', E'Chúng tôi muốn khám phá thành phố bằng cách đi bộ.', ARRAY['discover','investigate']::text[], '{}', ARRAY['explore the city','explore the area']::text[]) ON CONFLICT ("id") DO NOTHING;
INSERT INTO "VocabItem" ("id", "topicId", "word", "phonBr", "phonNAm", "meaning", "vietnameseMeaning", "partOfSpeech", "exampleSentence", "exampleTranslation", "synonyms", "antonyms", "collocations") VALUES ('travel-sightseeing-a2-scenery', 'travel-sightseeing-a2', E'scenery', E'/ˈsiːnəri/', E'/ˈsiːnəri/', E'the natural features of a place, such as mountains or forests', E'phong cảnh', 'noun', E'The scenery in the mountains is breathtaking.', E'Phong cảnh trên núi thật ngoạn mục.', ARRAY['view','landscape']::text[], '{}', ARRAY['beautiful scenery','enjoy the scenery']::text[]) ON CONFLICT ("id") DO NOTHING;
INSERT INTO "VocabItem" ("id", "topicId", "word", "phonBr", "phonNAm", "meaning", "vietnameseMeaning", "partOfSpeech", "exampleSentence", "exampleTranslation", "synonyms", "antonyms", "collocations") VALUES ('travel-sightseeing-a2-souvenir', 'travel-sightseeing-a2', E'souvenir', E'/ˌsuːvəˈnɪə(r)/', E'/ˌsuːvəˈnɪr/', E'something you buy to remember a place you visited', E'quà lưu niệm', 'noun', E'I bought a small souvenir for my mother.', E'Tôi đã mua một món quà lưu niệm nhỏ cho mẹ tôi.', ARRAY['keepsake','memento']::text[], '{}', ARRAY['buy a souvenir','souvenir shop']::text[]) ON CONFLICT ("id") DO NOTHING;

-- Topic: Sightseeing - B1 (7 words)
INSERT INTO "Topic" ("id", "title", "subtitle", "description", "level", "wordCount", "estimatedTime", "category", "subcategory", "order", "topicGroupId") VALUES ('travel-sightseeing-b1', 'Sightseeing - B1', 'Vocabulary about sightseeing', 'Learn essential vocabulary about sightseeing at B1 level.', 'B1', 7, 14, 'Travel', 'Sightseeing', 2, 'sf7d47eebb6d484243127') ON CONFLICT ("id") DO NOTHING;
INSERT INTO "VocabItem" ("id", "topicId", "word", "phonBr", "phonNAm", "meaning", "vietnameseMeaning", "partOfSpeech", "exampleSentence", "exampleTranslation", "synonyms", "antonyms", "collocations") VALUES ('travel-sightseeing-b1-landmark', 'travel-sightseeing-b1', E'landmark', E'/ˈlænd.mɑːk/', E'/ˈlænd.mɑːrk/', E'an object or feature of a landscape or town that is easily seen and recognized from a distance', E'địa danh, cột mốc', 'noun', E'The Eiffel Tower is the most famous landmark in Paris.', E'Tháp Eiffel là địa danh nổi tiếng nhất ở Paris.', ARRAY['monument','sight']::text[], '{}', ARRAY['famous landmark','historic landmark']::text[]) ON CONFLICT ("id") DO NOTHING;
INSERT INTO "VocabItem" ("id", "topicId", "word", "phonBr", "phonNAm", "meaning", "vietnameseMeaning", "partOfSpeech", "exampleSentence", "exampleTranslation", "synonyms", "antonyms", "collocations") VALUES ('travel-sightseeing-b1-excursion', 'travel-sightseeing-b1', E'excursion', E'/ɪkˈskɜː.ʃən/', E'/ɪkˈskɜːr.ʒən/', E'a short journey or trip, especially one engaged in as a leisure activity', E'chuyến tham quan, cuộc đi chơi', 'noun', E'We went on a boat excursion to see the nearby islands.', E'Chúng tôi đã đi một chuyến tham quan bằng thuyền để ngắm các hòn đảo gần đó.', ARRAY['trip','outing']::text[], '{}', ARRAY['go on an excursion','day excursion']::text[]) ON CONFLICT ("id") DO NOTHING;
INSERT INTO "VocabItem" ("id", "topicId", "word", "phonBr", "phonNAm", "meaning", "vietnameseMeaning", "partOfSpeech", "exampleSentence", "exampleTranslation", "synonyms", "antonyms", "collocations") VALUES ('travel-sightseeing-b1-panoramic', 'travel-sightseeing-b1', E'panoramic', E'/ˌpæn.əˈræm.ɪk/', E'/ˌpæn.əˈræm.ɪk/', E'with a view of a wide area of land', E'toàn cảnh', 'adjective', E'The hilltop offers a panoramic view of the entire city.', E'Đỉnh đồi mang đến tầm nhìn toàn cảnh của cả thành phố.', ARRAY['wide','sweeping']::text[], '{}', ARRAY['panoramic view','panoramic window']::text[]) ON CONFLICT ("id") DO NOTHING;
INSERT INTO "VocabItem" ("id", "topicId", "word", "phonBr", "phonNAm", "meaning", "vietnameseMeaning", "partOfSpeech", "exampleSentence", "exampleTranslation", "synonyms", "antonyms", "collocations") VALUES ('travel-sightseeing-b1-guided', 'travel-sightseeing-b1', E'guided', E'/ˈɡaɪ.dɪd/', E'/ˈɡaɪ.dɪd/', E'led by someone who shows the way or provides information', E'có hướng dẫn', 'adjective', E'We took a guided tour of the castle to learn its history.', E'Chúng tôi đã tham gia một chuyến tham quan có hướng dẫn ở lâu đài để tìm hiểu lịch sử của nó.', ARRAY['escorted','led']::text[], ARRAY['independent']::text[], ARRAY['guided tour','guided walk']::text[]) ON CONFLICT ("id") DO NOTHING;
INSERT INTO "VocabItem" ("id", "topicId", "word", "phonBr", "phonNAm", "meaning", "vietnameseMeaning", "partOfSpeech", "exampleSentence", "exampleTranslation", "synonyms", "antonyms", "collocations") VALUES ('travel-sightseeing-b1-scenic', 'travel-sightseeing-b1', E'scenic', E'/ˈsiː.nɪk/', E'/ˈsiː.nɪk/', E'providing views of beautiful natural features', E'có cảnh đẹp', 'adjective', E'We chose the scenic route through the mountains instead of the highway.', E'Chúng tôi đã chọn con đường có cảnh đẹp đi qua các ngọn núi thay vì đường cao tốc.', ARRAY['picturesque','beautiful']::text[], '{}', ARRAY['scenic view','scenic route']::text[]) ON CONFLICT ("id") DO NOTHING;
INSERT INTO "VocabItem" ("id", "topicId", "word", "phonBr", "phonNAm", "meaning", "vietnameseMeaning", "partOfSpeech", "exampleSentence", "exampleTranslation", "synonyms", "antonyms", "collocations") VALUES ('travel-sightseeing-b1-captivate', 'travel-sightseeing-b1', E'captivate', E'/ˈkæp.tɪ.veɪt/', E'/ˈkæp.tɪ.veɪt/', E'to hold the interest of; to charm', E'thu hút, làm say đắm', 'verb', E'The beauty of the sunset captivated all the tourists.', E'Vẻ đẹp của hoàng hôn đã làm say đắm tất cả du khách.', ARRAY['fascinate','enchant']::text[], ARRAY['bore']::text[], ARRAY['captivated by','highly captivated']::text[]) ON CONFLICT ("id") DO NOTHING;
INSERT INTO "VocabItem" ("id", "topicId", "word", "phonBr", "phonNAm", "meaning", "vietnameseMeaning", "partOfSpeech", "exampleSentence", "exampleTranslation", "synonyms", "antonyms", "collocations") VALUES ('travel-sightseeing-b1-wander', 'travel-sightseeing-b1', E'wander', E'/ˈwɒn.dər/', E'/ˈwɑːn.dɚ/', E'to walk slowly around an area without a specific purpose or direction', E'đi lang thang, dạo quanh', 'verb', E'It is lovely to wander through the narrow streets of the old town.', E'Thật tuyệt khi dạo quanh những con phố nhỏ của khu phố cổ.', ARRAY['stroll','roam']::text[], '{}', ARRAY['wander around','wander through']::text[]) ON CONFLICT ("id") DO NOTHING;

-- Topic: Sightseeing - B2 (3 words)
INSERT INTO "Topic" ("id", "title", "subtitle", "description", "level", "wordCount", "estimatedTime", "category", "subcategory", "order", "topicGroupId") VALUES ('travel-sightseeing-b2', 'Sightseeing - B2', 'Vocabulary about sightseeing', 'Learn essential vocabulary about sightseeing at B2 level.', 'B2', 3, 6, 'Travel', 'Sightseeing', 3, 'sf7d47eebb6d484243127') ON CONFLICT ("id") DO NOTHING;
INSERT INTO "VocabItem" ("id", "topicId", "word", "phonBr", "phonNAm", "meaning", "vietnameseMeaning", "partOfSpeech", "exampleSentence", "exampleTranslation", "synonyms", "antonyms", "collocations") VALUES ('travel-sightseeing-b2-picturesque', 'travel-sightseeing-b2', E'picturesque', E'/ˌpɪktʃəˈresk/', E'/ˌpɪktʃəˈresk/', E'visually attractive, especially in a quaint or charming way', E'đẹp như tranh', 'adjective', E'The village is incredibly picturesque, with its narrow streets and stone houses.', E'Ngôi làng đẹp như tranh vẽ với những con phố hẹp và những ngôi nhà bằng đá.', ARRAY['scenic','charming']::text[], ARRAY['ugly']::text[], ARRAY['picturesque village','picturesque landscape']::text[]) ON CONFLICT ("id") DO NOTHING;
INSERT INTO "VocabItem" ("id", "topicId", "word", "phonBr", "phonNAm", "meaning", "vietnameseMeaning", "partOfSpeech", "exampleSentence", "exampleTranslation", "synonyms", "antonyms", "collocations") VALUES ('travel-sightseeing-b2-stunning', 'travel-sightseeing-b2', E'stunning', E'/ˈstʌnɪŋ/', E'/ˈstʌnɪŋ/', E'extremely impressive or attractive', E'gây ấn tượng mạnh, tuyệt đẹp', 'adjective', E'The cathedral''s architecture is absolutely stunning.', E'Kiến trúc của nhà thờ này thực sự tuyệt đẹp.', ARRAY['breathtaking','spectacular']::text[], ARRAY['ordinary']::text[], ARRAY['stunning view','stunning scenery']::text[]) ON CONFLICT ("id") DO NOTHING;
INSERT INTO "VocabItem" ("id", "topicId", "word", "phonBr", "phonNAm", "meaning", "vietnameseMeaning", "partOfSpeech", "exampleSentence", "exampleTranslation", "synonyms", "antonyms", "collocations") VALUES ('travel-sightseeing-b2-off-the-beaten-track', 'travel-sightseeing-b2', E'off the beaten track', E'/ɒf ðə ˈbiːtn træk/', E'/ɔːf ðə ˈbiːtn træk/', E'in a place that is not frequently visited by tourists', E'nơi hẻo lánh, ít người biết đến', 'phrase', E'We prefer to find places that are a bit off the beaten track.', E'Chúng tôi thích tìm những địa điểm ít người lui tới hơn.', ARRAY['remote','secluded']::text[], ARRAY['touristy']::text[], ARRAY['get off the beaten track','live off the beaten track']::text[]) ON CONFLICT ("id") DO NOTHING;

-- Topic: Sightseeing - C1 (5 words)
INSERT INTO "Topic" ("id", "title", "subtitle", "description", "level", "wordCount", "estimatedTime", "category", "subcategory", "order", "topicGroupId") VALUES ('travel-sightseeing-c1', 'Sightseeing - C1', 'Vocabulary about sightseeing', 'Learn essential vocabulary about sightseeing at C1 level.', 'C1', 5, 10, 'Travel', 'Sightseeing', 4, 'sf7d47eebb6d484243127') ON CONFLICT ("id") DO NOTHING;
INSERT INTO "VocabItem" ("id", "topicId", "word", "phonBr", "phonNAm", "meaning", "vietnameseMeaning", "partOfSpeech", "exampleSentence", "exampleTranslation", "synonyms", "antonyms", "collocations") VALUES ('travel-sightseeing-c1-hinterland', 'travel-sightseeing-c1', E'hinterland', E'/ˈhɪntəlænd/', E'/ˈhɪntərlænd/', E'an area lying beyond what is visible or known', E'vùng nội địa', 'noun', E'We decided to venture into the hinterland to explore the untouched natural beauty.', E'Chúng tôi quyết định mạo hiểm vào vùng nội địa để khám phá vẻ đẹp tự nhiên hoang sơ.', ARRAY['backcountry','interior']::text[], '{}', ARRAY['rural hinterland','remote hinterland']::text[]) ON CONFLICT ("id") DO NOTHING;
INSERT INTO "VocabItem" ("id", "topicId", "word", "phonBr", "phonNAm", "meaning", "vietnameseMeaning", "partOfSpeech", "exampleSentence", "exampleTranslation", "synonyms", "antonyms", "collocations") VALUES ('travel-sightseeing-c1-sojourn', 'travel-sightseeing-c1', E'sojourn', E'/ˈsɒdʒən/', E'/ˈsoʊdʒɜːrn/', E'a temporary stay', E'chuyến lưu trú ngắn', 'noun', E'During our brief sojourn in Rome, we managed to visit the Colosseum twice.', E'Trong suốt chuyến lưu trú ngắn của chúng tôi tại Rome, chúng tôi đã kịp ghé thăm Đấu trường La Mã hai lần.', ARRAY['stay','visit']::text[], '{}', ARRAY['brief sojourn','pleasant sojourn']::text[]) ON CONFLICT ("id") DO NOTHING;
INSERT INTO "VocabItem" ("id", "topicId", "word", "phonBr", "phonNAm", "meaning", "vietnameseMeaning", "partOfSpeech", "exampleSentence", "exampleTranslation", "synonyms", "antonyms", "collocations") VALUES ('travel-sightseeing-c1-promenade', 'travel-sightseeing-c1', E'promenade', E'/ˌprɒməˈnɑːd/', E'/ˌprɑːməˈnɑːd/', E'a paved public walk, typically one along a waterfront at a resort', E'đường đi dạo', 'noun', E'Tourists love strolling along the seaside promenade at sunset.', E'Khách du lịch thích tản bộ dọc theo con đường đi dạo bên bờ biển vào lúc hoàng hôn.', ARRAY['esplanade','boardwalk']::text[], '{}', ARRAY['seaside promenade','take a promenade']::text[]) ON CONFLICT ("id") DO NOTHING;
INSERT INTO "VocabItem" ("id", "topicId", "word", "phonBr", "phonNAm", "meaning", "vietnameseMeaning", "partOfSpeech", "exampleSentence", "exampleTranslation", "synonyms", "antonyms", "collocations") VALUES ('travel-sightseeing-c1-unspoilt', 'travel-sightseeing-c1', E'unspoilt', E'/ʌnˈspɔɪlt/', E'/ʌnˈspɔɪlt/', E'not damaged or diminished in quality; preserved in its natural state', E'còn nguyên sơ', 'adjective', E'The island remains largely unspoilt by mass tourism.', E'Hòn đảo này phần lớn vẫn giữ được vẻ nguyên sơ, chưa bị du lịch đại trà làm hỏng.', ARRAY['pristine','untouched']::text[], ARRAY['commercialized']::text[], ARRAY['unspoilt countryside','unspoilt beach']::text[]) ON CONFLICT ("id") DO NOTHING;
INSERT INTO "VocabItem" ("id", "topicId", "word", "phonBr", "phonNAm", "meaning", "vietnameseMeaning", "partOfSpeech", "exampleSentence", "exampleTranslation", "synonyms", "antonyms", "collocations") VALUES ('travel-sightseeing-c1-meander', 'travel-sightseeing-c1', E'meander', E'/miˈændə/', E'/miˈændər/', E'to walk in a slow or relaxed way, often without a specific destination', E'đi dạo thong dong', 'verb', E'We spent the afternoon meandering through the narrow alleys of the old quarter.', E'Chúng tôi dành cả buổi chiều để thong dong đi dạo qua những con hẻm nhỏ trong khu phố cổ.', ARRAY['wander','stroll']::text[], ARRAY['rush']::text[], ARRAY['meander through','meander along']::text[]) ON CONFLICT ("id") DO NOTHING;

-- Topic: Sightseeing - C2 (7 words)
INSERT INTO "Topic" ("id", "title", "subtitle", "description", "level", "wordCount", "estimatedTime", "category", "subcategory", "order", "topicGroupId") VALUES ('travel-sightseeing-c2', 'Sightseeing - C2', 'Vocabulary about sightseeing', 'Learn essential vocabulary about sightseeing at C2 level.', 'C2', 7, 14, 'Travel', 'Sightseeing', 5, 'sf7d47eebb6d484243127') ON CONFLICT ("id") DO NOTHING;
INSERT INTO "VocabItem" ("id", "topicId", "word", "phonBr", "phonNAm", "meaning", "vietnameseMeaning", "partOfSpeech", "exampleSentence", "exampleTranslation", "synonyms", "antonyms", "collocations") VALUES ('travel-sightseeing-c2-effulgent', 'travel-sightseeing-c2', E'effulgent', E'/ɪˈfʌl.dʒənt/', E'/ɪˈfʌl.dʒənt/', E'radiantly shining; brilliant', E'rực rỡ, chói lọi', 'adjective', E'The effulgent sunset reflecting off the ancient cathedral left the tourists breathless.', E'Ánh hoàng hôn rực rỡ phản chiếu trên nhà thờ cổ kính khiến khách du lịch không khỏi ngỡ ngàng.', ARRAY['radiant','resplendent']::text[], ARRAY['dull']::text[], ARRAY['effulgent beauty','effulgent glow']::text[]) ON CONFLICT ("id") DO NOTHING;
INSERT INTO "VocabItem" ("id", "topicId", "word", "phonBr", "phonNAm", "meaning", "vietnameseMeaning", "partOfSpeech", "exampleSentence", "exampleTranslation", "synonyms", "antonyms", "collocations") VALUES ('travel-sightseeing-c2-vantage', 'travel-sightseeing-c2', E'vantage', E'/ˈvɑːn.tɪdʒ/', E'/ˈvæn.t̬ɪdʒ/', E'a place or position affording a good view of something', E'vị trí thuận lợi để quan sát', 'noun', E'From our high vantage on the cliffside, we could see the entire sprawl of the historic city.', E'Từ vị trí thuận lợi trên vách đá, chúng tôi có thể nhìn thấy toàn cảnh thành phố lịch sử.', ARRAY['vantage point','outlook']::text[], '{}', ARRAY['vantage point','strategic vantage']::text[]) ON CONFLICT ("id") DO NOTHING;
INSERT INTO "VocabItem" ("id", "topicId", "word", "phonBr", "phonNAm", "meaning", "vietnameseMeaning", "partOfSpeech", "exampleSentence", "exampleTranslation", "synonyms", "antonyms", "collocations") VALUES ('travel-sightseeing-c2-pulchritudinous', 'travel-sightseeing-c2', E'pulchritudinous', E'/ˌpʌl.krɪˈtjuː.dɪ.nəs/', E'/ˌpʌl.krəˈtuː.dən.əs/', E'having great physical beauty', E'đẹp đẽ, mỹ lệ', 'adjective', E'The garden''s pulchritudinous layout is a testament to the landscape architect''s vision.', E'Bố cục mỹ lệ của khu vườn là minh chứng cho tầm nhìn của kiến trúc sư cảnh quan.', ARRAY['stunning','exquisite']::text[], ARRAY['hideous']::text[], ARRAY['pulchritudinous architecture','pulchritudinous vista']::text[]) ON CONFLICT ("id") DO NOTHING;
INSERT INTO "VocabItem" ("id", "topicId", "word", "phonBr", "phonNAm", "meaning", "vietnameseMeaning", "partOfSpeech", "exampleSentence", "exampleTranslation", "synonyms", "antonyms", "collocations") VALUES ('travel-sightseeing-c2-perambulate', 'travel-sightseeing-c2', E'perambulate', E'/pəˈræm.bjə.leɪt/', E'/pəˈræm.bjə.leɪt/', E'to walk through, around, or over a place, especially for pleasure', E'đi dạo, đi bộ tham quan', 'verb', E'We chose to perambulate through the cobblestone streets of the old quarter to better appreciate the local architecture.', E'Chúng tôi chọn cách đi dạo qua những con phố lát đá của khu phố cổ để cảm nhận rõ hơn về kiến trúc địa phương.', ARRAY['stroll','wander']::text[], '{}', ARRAY['perambulate through','leisurely perambulate']::text[]) ON CONFLICT ("id") DO NOTHING;
INSERT INTO "VocabItem" ("id", "topicId", "word", "phonBr", "phonNAm", "meaning", "vietnameseMeaning", "partOfSpeech", "exampleSentence", "exampleTranslation", "synonyms", "antonyms", "collocations") VALUES ('travel-sightseeing-c2-gawk', 'travel-sightseeing-c2', E'gawk', E'/ɡɔːk/', E'/ɡɑːk/', E'to stare openly and stupidly, often in awe', E'nhìn chằm chằm (do ngạc nhiên/ngưỡng mộ)', 'verb', E'It is hard not to gawk at the sheer scale of the monuments when you first arrive at the square.', E'Thật khó để không nhìn chằm chằm vào quy mô đồ sộ của các di tích khi bạn lần đầu đặt chân đến quảng trường.', ARRAY['gape','stare']::text[], '{}', ARRAY['gawk at','gawk in wonder']::text[]) ON CONFLICT ("id") DO NOTHING;
INSERT INTO "VocabItem" ("id", "topicId", "word", "phonBr", "phonNAm", "meaning", "vietnameseMeaning", "partOfSpeech", "exampleSentence", "exampleTranslation", "synonyms", "antonyms", "collocations") VALUES ('travel-sightseeing-c2-vestige', 'travel-sightseeing-c2', E'vestige', E'/ˈves.tɪdʒ/', E'/ˈves.tɪdʒ/', E'a trace of something that is disappearing or no longer exists', E'dấu vết, tàn tích', 'noun', E'The ruins remain as a poignant vestige of the city''s once-glorious past.', E'Những tàn tích còn sót lại như một dấu vết đầy xúc động về quá khứ huy hoàng một thời của thành phố.', ARRAY['remnant','trace']::text[], '{}', ARRAY['vestige of','historical vestige']::text[]) ON CONFLICT ("id") DO NOTHING;
INSERT INTO "VocabItem" ("id", "topicId", "word", "phonBr", "phonNAm", "meaning", "vietnameseMeaning", "partOfSpeech", "exampleSentence", "exampleTranslation", "synonyms", "antonyms", "collocations") VALUES ('travel-sightseeing-c2-sublime', 'travel-sightseeing-c2', E'sublime', E'/səˈblaɪm/', E'/səˈblaɪm/', E'of such excellence, grandeur, or beauty as to inspire great admiration or awe', E'hùng vĩ, tuyệt vời', 'adjective', E'The sublime beauty of the mountain range at dawn is an experience every traveler should seek.', E'Vẻ đẹp hùng vĩ của dãy núi vào lúc bình minh là trải nghiệm mà mọi du khách đều nên tìm kiếm.', ARRAY['magnificent','awe-inspiring']::text[], ARRAY['mediocre']::text[], ARRAY['sublime beauty','sublime experience']::text[]) ON CONFLICT ("id") DO NOTHING;

-- Topic: At the Airport - A1 (5 words)
INSERT INTO "Topic" ("id", "title", "subtitle", "description", "level", "wordCount", "estimatedTime", "category", "subcategory", "order", "topicGroupId") VALUES ('travel-at-the-airport-a1', 'At the Airport - A1', 'Vocabulary about at the airport', 'Learn essential vocabulary about at the airport at A1 level.', 'A1', 5, 10, 'Travel', 'At the Airport', 0, 'sf7d47eebb6d484243127') ON CONFLICT ("id") DO NOTHING;
INSERT INTO "VocabItem" ("id", "topicId", "word", "phonBr", "phonNAm", "meaning", "vietnameseMeaning", "partOfSpeech", "exampleSentence", "exampleTranslation", "synonyms", "antonyms", "collocations") VALUES ('travel-at-the-airport-a1-flight', 'travel-at-the-airport-a1', E'flight', E'/flaɪt/', E'/flaɪt/', E'a journey made by air in an aircraft', E'chuyến bay', 'noun', E'My flight is at ten o''clock.', E'Chuyến bay của tôi là vào lúc mười giờ.', ARRAY['air travel']::text[], '{}', ARRAY['catch a flight','flight number']::text[]) ON CONFLICT ("id") DO NOTHING;
INSERT INTO "VocabItem" ("id", "topicId", "word", "phonBr", "phonNAm", "meaning", "vietnameseMeaning", "partOfSpeech", "exampleSentence", "exampleTranslation", "synonyms", "antonyms", "collocations") VALUES ('travel-at-the-airport-a1-passport', 'travel-at-the-airport-a1', E'passport', E'/ˈpɑːspɔːt/', E'/ˈpæspɔːrt/', E'an official document for travel to foreign countries', E'hộ chiếu', 'noun', E'Do you have your passport?', E'Bạn có mang theo hộ chiếu không?', ARRAY['travel document']::text[], '{}', ARRAY['show a passport','valid passport']::text[]) ON CONFLICT ("id") DO NOTHING;
INSERT INTO "VocabItem" ("id", "topicId", "word", "phonBr", "phonNAm", "meaning", "vietnameseMeaning", "partOfSpeech", "exampleSentence", "exampleTranslation", "synonyms", "antonyms", "collocations") VALUES ('travel-at-the-airport-a1-luggage', 'travel-at-the-airport-a1', E'luggage', E'/ˈlʌɡɪdʒ/', E'/ˈlʌɡɪdʒ/', E'bags and suitcases that you take on a trip', E'hành lý', 'noun', E'I have two pieces of luggage.', E'Tôi có hai kiện hành lý.', ARRAY['baggage','suitcases']::text[], '{}', ARRAY['check in luggage','heavy luggage']::text[]) ON CONFLICT ("id") DO NOTHING;
INSERT INTO "VocabItem" ("id", "topicId", "word", "phonBr", "phonNAm", "meaning", "vietnameseMeaning", "partOfSpeech", "exampleSentence", "exampleTranslation", "synonyms", "antonyms", "collocations") VALUES ('travel-at-the-airport-a1-gate', 'travel-at-the-airport-a1', E'gate', E'/ɡeɪt/', E'/ɡeɪt/', E'the place where you go to get on the plane', E'cổng lên máy bay', 'noun', E'Our flight leaves from gate five.', E'Chuyến bay của chúng ta khởi hành từ cổng số năm.', ARRAY['boarding gate']::text[], '{}', ARRAY['at the gate','go to the gate']::text[]) ON CONFLICT ("id") DO NOTHING;
INSERT INTO "VocabItem" ("id", "topicId", "word", "phonBr", "phonNAm", "meaning", "vietnameseMeaning", "partOfSpeech", "exampleSentence", "exampleTranslation", "synonyms", "antonyms", "collocations") VALUES ('travel-at-the-airport-a1-wait', 'travel-at-the-airport-a1', E'wait', E'/weɪt/', E'/weɪt/', E'to stay in a place until something happens', E'chờ đợi', 'verb', E'Please wait in the lounge.', E'Làm ơn chờ ở phòng chờ.', ARRAY['stay']::text[], '{}', ARRAY['wait for','wait in line']::text[]) ON CONFLICT ("id") DO NOTHING;

-- Topic: At the Airport - A2 (3 words)
INSERT INTO "Topic" ("id", "title", "subtitle", "description", "level", "wordCount", "estimatedTime", "category", "subcategory", "order", "topicGroupId") VALUES ('travel-at-the-airport-a2', 'At the Airport - A2', 'Vocabulary about at the airport', 'Learn essential vocabulary about at the airport at A2 level.', 'A2', 3, 6, 'Travel', 'At the Airport', 1, 'sf7d47eebb6d484243127') ON CONFLICT ("id") DO NOTHING;
INSERT INTO "VocabItem" ("id", "topicId", "word", "phonBr", "phonNAm", "meaning", "vietnameseMeaning", "partOfSpeech", "exampleSentence", "exampleTranslation", "synonyms", "antonyms", "collocations") VALUES ('travel-at-the-airport-a2-boarding', 'travel-at-the-airport-a2', E'boarding', E'/ˈbɔː.dɪŋ/', E'/ˈbɔːr.dɪŋ/', E'the act of getting onto a plane', E'việc lên máy bay', 'noun', E'The boarding for flight VN123 will start in ten minutes.', E'Việc lên máy bay cho chuyến bay VN123 sẽ bắt đầu trong mười phút nữa.', ARRAY['embarkation']::text[], '{}', ARRAY['boarding pass','boarding time']::text[]) ON CONFLICT ("id") DO NOTHING;
INSERT INTO "VocabItem" ("id", "topicId", "word", "phonBr", "phonNAm", "meaning", "vietnameseMeaning", "partOfSpeech", "exampleSentence", "exampleTranslation", "synonyms", "antonyms", "collocations") VALUES ('travel-at-the-airport-a2-delayed', 'travel-at-the-airport-a2', E'delayed', E'/dɪˈleɪd/', E'/dɪˈleɪd/', E'happening later than expected', E'bị trì hoãn', 'adjective', E'The flight to London is delayed due to bad weather.', E'Chuyến bay đến London bị trì hoãn do thời tiết xấu.', ARRAY['late','behind schedule']::text[], ARRAY['on-time']::text[], ARRAY['delayed flight','severely delayed']::text[]) ON CONFLICT ("id") DO NOTHING;
INSERT INTO "VocabItem" ("id", "topicId", "word", "phonBr", "phonNAm", "meaning", "vietnameseMeaning", "partOfSpeech", "exampleSentence", "exampleTranslation", "synonyms", "antonyms", "collocations") VALUES ('travel-at-the-airport-a2-land', 'travel-at-the-airport-a2', E'land', E'/lænd/', E'/lænd/', E'to arrive on the ground in a plane', E'hạ cánh', 'verb', E'The plane will land at the airport in thirty minutes.', E'Máy bay sẽ hạ cánh xuống sân bay trong ba mươi phút nữa.', ARRAY['touch down']::text[], ARRAY['take off']::text[], ARRAY['land safely','ready to land']::text[]) ON CONFLICT ("id") DO NOTHING;

-- Topic: At the Airport - B1 (4 words)
INSERT INTO "Topic" ("id", "title", "subtitle", "description", "level", "wordCount", "estimatedTime", "category", "subcategory", "order", "topicGroupId") VALUES ('travel-at-the-airport-b1', 'At the Airport - B1', 'Vocabulary about at the airport', 'Learn essential vocabulary about at the airport at B1 level.', 'B1', 4, 8, 'Travel', 'At the Airport', 2, 'sf7d47eebb6d484243127') ON CONFLICT ("id") DO NOTHING;
INSERT INTO "VocabItem" ("id", "topicId", "word", "phonBr", "phonNAm", "meaning", "vietnameseMeaning", "partOfSpeech", "exampleSentence", "exampleTranslation", "synonyms", "antonyms", "collocations") VALUES ('travel-at-the-airport-b1-boarding-pass', 'travel-at-the-airport-b1', E'boarding pass', E'/ˈbɔː.dɪŋ ˌpɑːs/', E'/ˈbɔːr.dɪŋ ˌpæs/', E'a document provided by an airline during check-in, giving a passenger permission to board the airplane.', E'thẻ lên máy bay', 'noun', E'Please have your boarding pass and passport ready for the security check.', E'Vui lòng chuẩn bị sẵn thẻ lên máy bay và hộ chiếu cho việc kiểm tra an ninh.', ARRAY['boarding card']::text[], '{}', ARRAY['show your boarding pass','scan your boarding pass']::text[]) ON CONFLICT ("id") DO NOTHING;
INSERT INTO "VocabItem" ("id", "topicId", "word", "phonBr", "phonNAm", "meaning", "vietnameseMeaning", "partOfSpeech", "exampleSentence", "exampleTranslation", "synonyms", "antonyms", "collocations") VALUES ('travel-at-the-airport-b1-check-in', 'travel-at-the-airport-b1', E'check in', E'/tʃek ɪn/', E'/tʃek ɪn/', E'to report your arrival at an airport to get your boarding pass.', E'làm thủ tục lên máy bay', 'verb', E'You need to check in at least two hours before your flight.', E'Bạn cần làm thủ tục lên máy bay ít nhất hai tiếng trước giờ bay.', ARRAY['register']::text[], ARRAY['check out']::text[], ARRAY['check in online','check in at the counter']::text[]) ON CONFLICT ("id") DO NOTHING;
INSERT INTO "VocabItem" ("id", "topicId", "word", "phonBr", "phonNAm", "meaning", "vietnameseMeaning", "partOfSpeech", "exampleSentence", "exampleTranslation", "synonyms", "antonyms", "collocations") VALUES ('travel-at-the-airport-b1-security', 'travel-at-the-airport-b1', E'security', E'/sɪˈkjʊə.rə.ti/', E'/səˈkjʊr.ə.t̬i/', E'the process of checking passengers and their bags for dangerous items.', E'an ninh', 'noun', E'Remove your laptop from your bag before going through security.', E'Hãy lấy máy tính xách tay ra khỏi túi trước khi đi qua khu vực an ninh.', ARRAY['security check']::text[], '{}', ARRAY['go through security','security screening']::text[]) ON CONFLICT ("id") DO NOTHING;
INSERT INTO "VocabItem" ("id", "topicId", "word", "phonBr", "phonNAm", "meaning", "vietnameseMeaning", "partOfSpeech", "exampleSentence", "exampleTranslation", "synonyms", "antonyms", "collocations") VALUES ('travel-at-the-airport-b1-customs', 'travel-at-the-airport-b1', E'customs', E'/ˈkʌs.təmz/', E'/ˈkʌs.təmz/', E'the place where your bags are checked for illegal goods when entering a country.', E'hải quan', 'noun', E'You may be asked to open your suitcase by customs officers.', E'Bạn có thể được yêu cầu mở vali bởi các nhân viên hải quan.', ARRAY['border control']::text[], '{}', ARRAY['clear customs','pass through customs']::text[]) ON CONFLICT ("id") DO NOTHING;

-- Topic: At the Airport - B2 (6 words)
INSERT INTO "Topic" ("id", "title", "subtitle", "description", "level", "wordCount", "estimatedTime", "category", "subcategory", "order", "topicGroupId") VALUES ('travel-at-the-airport-b2', 'At the Airport - B2', 'Vocabulary about at the airport', 'Learn essential vocabulary about at the airport at B2 level.', 'B2', 6, 12, 'Travel', 'At the Airport', 3, 'sf7d47eebb6d484243127') ON CONFLICT ("id") DO NOTHING;
INSERT INTO "VocabItem" ("id", "topicId", "word", "phonBr", "phonNAm", "meaning", "vietnameseMeaning", "partOfSpeech", "exampleSentence", "exampleTranslation", "synonyms", "antonyms", "collocations") VALUES ('travel-at-the-airport-b2-layover', 'travel-at-the-airport-b2', E'layover', E'/ˈleɪəʊvə/', E'/ˈleɪoʊvər/', E'a period of waiting between two flights during a journey', E'thời gian quá cảnh', 'noun', E'We had a six-hour layover in Dubai before catching our connecting flight.', E'Chúng tôi đã có một khoảng thời gian quá cảnh sáu giờ ở Dubai trước khi bắt chuyến bay nối chuyến.', ARRAY['stopover']::text[], '{}', ARRAY['long layover','short layover']::text[]) ON CONFLICT ("id") DO NOTHING;
INSERT INTO "VocabItem" ("id", "topicId", "word", "phonBr", "phonNAm", "meaning", "vietnameseMeaning", "partOfSpeech", "exampleSentence", "exampleTranslation", "synonyms", "antonyms", "collocations") VALUES ('travel-at-the-airport-b2-excess', 'travel-at-the-airport-b2', E'excess', E'/ɪkˈses/', E'/ˈekses/', E'more than is allowed or necessary', E'vượt mức/quá quy định', 'adjective', E'You will have to pay a fee for your excess baggage at the check-in counter.', E'Bạn sẽ phải trả phí cho hành lý quá cước tại quầy làm thủ tục.', ARRAY['surplus','extra']::text[], ARRAY['insufficient']::text[], ARRAY['excess baggage','excess weight']::text[]) ON CONFLICT ("id") DO NOTHING;
INSERT INTO "VocabItem" ("id", "topicId", "word", "phonBr", "phonNAm", "meaning", "vietnameseMeaning", "partOfSpeech", "exampleSentence", "exampleTranslation", "synonyms", "antonyms", "collocations") VALUES ('travel-at-the-airport-b2-concourse', 'travel-at-the-airport-b2', E'concourse', E'/ˈkɒŋkɔːs/', E'/ˈkɑːnkɔːrs/', E'a large open area inside or in front of a public building like an airport', E'sảnh chính/khu vực chờ', 'noun', E'The main concourse was crowded with travelers waiting for their flights.', E'Sảnh chính đông đúc những hành khách đang chờ đợi chuyến bay của họ.', ARRAY['terminal','hall']::text[], '{}', ARRAY['airport concourse','main concourse']::text[]) ON CONFLICT ("id") DO NOTHING;
INSERT INTO "VocabItem" ("id", "topicId", "word", "phonBr", "phonNAm", "meaning", "vietnameseMeaning", "partOfSpeech", "exampleSentence", "exampleTranslation", "synonyms", "antonyms", "collocations") VALUES ('travel-at-the-airport-b2-clear', 'travel-at-the-airport-b2', E'clear', E'/klɪə/', E'/klɪr/', E'to pass through or get official permission to move through a checkpoint', E'thông qua (cửa kiểm soát)', 'verb', E'It took us nearly an hour to clear customs after landing.', E'Chúng tôi mất gần một giờ để thông quan sau khi hạ cánh.', ARRAY['pass through','get through']::text[], '{}', ARRAY['clear customs','clear security']::text[]) ON CONFLICT ("id") DO NOTHING;
INSERT INTO "VocabItem" ("id", "topicId", "word", "phonBr", "phonNAm", "meaning", "vietnameseMeaning", "partOfSpeech", "exampleSentence", "exampleTranslation", "synonyms", "antonyms", "collocations") VALUES ('travel-at-the-airport-b2-prohibited', 'travel-at-the-airport-b2', E'prohibited', E'/prəˈhɪbɪtɪd/', E'/proʊˈhɪbɪtɪd/', E'formally forbidden by law or rule', E'bị cấm', 'adjective', E'Please ensure there are no prohibited items in your carry-on luggage.', E'Vui lòng đảm bảo không có vật phẩm bị cấm trong hành lý xách tay của bạn.', ARRAY['banned','forbidden']::text[], ARRAY['permitted']::text[], ARRAY['prohibited items','prohibited substances']::text[]) ON CONFLICT ("id") DO NOTHING;
INSERT INTO "VocabItem" ("id", "topicId", "word", "phonBr", "phonNAm", "meaning", "vietnameseMeaning", "partOfSpeech", "exampleSentence", "exampleTranslation", "synonyms", "antonyms", "collocations") VALUES ('travel-at-the-airport-b2-validate', 'travel-at-the-airport-b2', E'validate', E'/ˈvælɪdeɪt/', E'/ˈvælɪdeɪt/', E'to make something officially acceptable or approved', E'xác nhận/hợp thức hóa', 'verb', E'You need to validate your parking ticket before leaving the airport garage.', E'Bạn cần xác nhận vé đỗ xe trước khi rời khỏi bãi đỗ xe sân bay.', ARRAY['verify','confirm']::text[], ARRAY['invalidate']::text[], ARRAY['validate ticket','validate documents']::text[]) ON CONFLICT ("id") DO NOTHING;

-- Topic: At the Airport - C2 (8 words)
INSERT INTO "Topic" ("id", "title", "subtitle", "description", "level", "wordCount", "estimatedTime", "category", "subcategory", "order", "topicGroupId") VALUES ('travel-at-the-airport-c2', 'At the Airport - C2', 'Vocabulary about at the airport', 'Learn essential vocabulary about at the airport at C2 level.', 'C2', 8, 16, 'Travel', 'At the Airport', 5, 'sf7d47eebb6d484243127') ON CONFLICT ("id") DO NOTHING;
INSERT INTO "VocabItem" ("id", "topicId", "word", "phonBr", "phonNAm", "meaning", "vietnameseMeaning", "partOfSpeech", "exampleSentence", "exampleTranslation", "synonyms", "antonyms", "collocations") VALUES ('travel-at-the-airport-c2-interline', 'travel-at-the-airport-c2', E'interline', E'/ˌɪntəˈlaɪn/', E'/ˌɪntərˈlaɪn/', E'To transfer baggage or passengers between different airlines under a single booking.', E'Liên danh (vận chuyển)', 'verb', E'The travel agent ensured the flights would interline, allowing the luggage to be checked through to the final destination.', E'Đại lý du lịch đã đảm bảo các chuyến bay được liên danh, cho phép hành lý được ký gửi thẳng đến điểm đến cuối cùng.', ARRAY['transfer','connect']::text[], '{}', ARRAY['interline agreement','interline baggage']::text[]) ON CONFLICT ("id") DO NOTHING;
INSERT INTO "VocabItem" ("id", "topicId", "word", "phonBr", "phonNAm", "meaning", "vietnameseMeaning", "partOfSpeech", "exampleSentence", "exampleTranslation", "synonyms", "antonyms", "collocations") VALUES ('travel-at-the-airport-c2-non-rev', 'travel-at-the-airport-c2', E'non-rev', E'/ˌnɒnˈrev/', E'/ˌnɑːnˈrev/', E'A passenger, usually an airline employee, traveling on a standby basis at a reduced fare.', E'Khách đi vé giảm giá (thường là nhân viên hãng hàng không)', 'noun', E'As a non-rev, I had to wait until the very last minute to see if there was an empty seat available.', E'Là một nhân viên đi vé giảm giá, tôi phải đợi đến phút cuối cùng mới biết liệu có ghế trống hay không.', ARRAY['standby passenger','staff traveler']::text[], ARRAY['revenue passenger']::text[], ARRAY['non-rev travel','non-rev ticket']::text[]) ON CONFLICT ("id") DO NOTHING;
INSERT INTO "VocabItem" ("id", "topicId", "word", "phonBr", "phonNAm", "meaning", "vietnameseMeaning", "partOfSpeech", "exampleSentence", "exampleTranslation", "synonyms", "antonyms", "collocations") VALUES ('travel-at-the-airport-c2-marshalling', 'travel-at-the-airport-c2', E'marshalling', E'/ˈmɑːʃəlɪŋ/', E'/ˈmɑːrʃəlɪŋ/', E'The process of directing aircraft on the ground using hand signals or light wands.', E'Công tác điều phối máy bay dưới mặt đất', 'noun', E'The ground crew is responsible for the safe marshalling of the aircraft into the parking bay.', E'Đội ngũ mặt đất chịu trách nhiệm điều phối máy bay vào bãi đỗ một cách an toàn.', ARRAY['guidance','directing']::text[], '{}', ARRAY['aircraft marshalling','marshalling signals']::text[]) ON CONFLICT ("id") DO NOTHING;
INSERT INTO "VocabItem" ("id", "topicId", "word", "phonBr", "phonNAm", "meaning", "vietnameseMeaning", "partOfSpeech", "exampleSentence", "exampleTranslation", "synonyms", "antonyms", "collocations") VALUES ('travel-at-the-airport-c2-airside', 'travel-at-the-airport-c2', E'airside', E'/ˈeəsaɪd/', E'/ˈersaɪd/', E'The area of an airport beyond the security checkpoints, accessible only to passengers and staff.', E'Khu vực hạn chế (bên trong sân bay)', 'noun', E'Once you pass through security, you are officially in the airside zone of the terminal.', E'Một khi bạn đã qua kiểm tra an ninh, bạn chính thức ở trong khu vực hạn chế của nhà ga.', ARRAY['restricted area','departure lounge']::text[], ARRAY['landside']::text[], ARRAY['airside access','airside transfer']::text[]) ON CONFLICT ("id") DO NOTHING;
INSERT INTO "VocabItem" ("id", "topicId", "word", "phonBr", "phonNAm", "meaning", "vietnameseMeaning", "partOfSpeech", "exampleSentence", "exampleTranslation", "synonyms", "antonyms", "collocations") VALUES ('travel-at-the-airport-c2-cabotage', 'travel-at-the-airport-c2', E'cabotage', E'/ˈkæbətɪdʒ/', E'/ˈkæbətɪdʒ/', E'The right of an airline from one country to operate flights between two points within another country.', E'Quyền vận chuyển nội địa (của hãng hàng không nước ngoài)', 'noun', E'The new trade agreement grants limited cabotage rights to foreign carriers on specific domestic routes.', E'Hiệp định thương mại mới cấp quyền vận chuyển nội địa hạn chế cho các hãng hàng không nước ngoài trên một số tuyến bay nội địa nhất định.', ARRAY['domestic traffic rights']::text[], '{}', ARRAY['cabotage rights','cabotage restrictions']::text[]) ON CONFLICT ("id") DO NOTHING;
INSERT INTO "VocabItem" ("id", "topicId", "word", "phonBr", "phonNAm", "meaning", "vietnameseMeaning", "partOfSpeech", "exampleSentence", "exampleTranslation", "synonyms", "antonyms", "collocations") VALUES ('travel-at-the-airport-c2-pushback', 'travel-at-the-airport-c2', E'pushback', E'/ˈpʊʃbæk/', E'/ˈpʊʃbæk/', E'The procedure where an aircraft is pushed backwards away from the airport gate by an external vehicle.', E'Việc đẩy máy bay ra khỏi cửa khởi hành', 'noun', E'We are currently waiting for the tug to arrive so we can initiate pushback.', E'Chúng tôi hiện đang đợi xe kéo đến để có thể bắt đầu quá trình đẩy máy bay ra khỏi cửa.', ARRAY['towing','reversing']::text[], '{}', ARRAY['pushback procedure','ready for pushback']::text[]) ON CONFLICT ("id") DO NOTHING;
INSERT INTO "VocabItem" ("id", "topicId", "word", "phonBr", "phonNAm", "meaning", "vietnameseMeaning", "partOfSpeech", "exampleSentence", "exampleTranslation", "synonyms", "antonyms", "collocations") VALUES ('travel-at-the-airport-c2-deplane', 'travel-at-the-airport-c2', E'deplane', E'/ˌdiːˈpleɪn/', E'/ˌdiːˈpleɪn/', E'To disembark from an aircraft.', E'Rời khỏi máy bay', 'verb', E'Passengers are requested to remain seated until the aircraft has come to a complete stop and it is safe to deplane.', E'Hành khách được yêu cầu ngồi tại chỗ cho đến khi máy bay dừng hẳn và việc rời khỏi máy bay là an toàn.', ARRAY['disembark','alight']::text[], ARRAY['board','embark']::text[], ARRAY['deplane passengers','orderly deplaning']::text[]) ON CONFLICT ("id") DO NOTHING;
INSERT INTO "VocabItem" ("id", "topicId", "word", "phonBr", "phonNAm", "meaning", "vietnameseMeaning", "partOfSpeech", "exampleSentence", "exampleTranslation", "synonyms", "antonyms", "collocations") VALUES ('travel-at-the-airport-c2-slot', 'travel-at-the-airport-c2', E'slot', E'/slɒt/', E'/slɑːt/', E'A scheduled time assigned to an airline for a takeoff or landing at a specific airport.', E'Lượt cất/hạ cánh (tại sân bay)', 'noun', E'The airline struggled to secure a prime morning slot at the congested international airport.', E'Hãng hàng không đã rất vất vả để giành được một lượt cất cánh vào buổi sáng sớm tại sân bay quốc tế đang quá tải.', ARRAY['time slot','landing window']::text[], '{}', ARRAY['landing slot','takeoff slot']::text[]) ON CONFLICT ("id") DO NOTHING;

-- ══════════════════════════════════════════════════
-- VOCAB: Food & Cooking
-- ══════════════════════════════════════════════════
INSERT INTO "TopicGroup" ("id", "name", "order", "hubType", "subcategories") VALUES ('sd1722ec9234d0de3c4fb', 'Food & Cooking', 9, 'vocab', ARRAY['Ingredients','Cooking Methods','Restaurants','Drinks & Beverages']::text[]) ON CONFLICT ("name", "hubType") DO NOTHING;

-- Topic: Ingredients - A1 (9 words)
INSERT INTO "Topic" ("id", "title", "subtitle", "description", "level", "wordCount", "estimatedTime", "category", "subcategory", "order", "topicGroupId") VALUES ('food-and-cooking-ingredients-a1', 'Ingredients - A1', 'Vocabulary about ingredients', 'Learn essential vocabulary about ingredients at A1 level.', 'A1', 9, 18, 'Food & Cooking', 'Ingredients', 0, 'sd1722ec9234d0de3c4fb') ON CONFLICT ("id") DO NOTHING;
INSERT INTO "VocabItem" ("id", "topicId", "word", "phonBr", "phonNAm", "meaning", "vietnameseMeaning", "partOfSpeech", "exampleSentence", "exampleTranslation", "synonyms", "antonyms", "collocations") VALUES ('food-and-cooking-ingredients-a1-egg', 'food-and-cooking-ingredients-a1', E'egg', E'/eɡ/', E'/eɡ/', E'an oval object laid by a female bird, used as food', E'trứng', 'noun', E'I have an egg for breakfast.', E'Tôi ăn một quả trứng vào bữa sáng.', ARRAY['ovum']::text[], '{}', ARRAY['boiled egg','fried egg']::text[]) ON CONFLICT ("id") DO NOTHING;
INSERT INTO "VocabItem" ("id", "topicId", "word", "phonBr", "phonNAm", "meaning", "vietnameseMeaning", "partOfSpeech", "exampleSentence", "exampleTranslation", "synonyms", "antonyms", "collocations") VALUES ('food-and-cooking-ingredients-a1-salt', 'food-and-cooking-ingredients-a1', E'salt', E'/sɒlt/', E'/sɔːlt/', E'a white substance used to improve the taste of food', E'muối', 'noun', E'Add a little salt to the soup.', E'Thêm một chút muối vào món súp.', ARRAY['sodium chloride']::text[], '{}', ARRAY['sea salt','add salt']::text[]) ON CONFLICT ("id") DO NOTHING;
INSERT INTO "VocabItem" ("id", "topicId", "word", "phonBr", "phonNAm", "meaning", "vietnameseMeaning", "partOfSpeech", "exampleSentence", "exampleTranslation", "synonyms", "antonyms", "collocations") VALUES ('food-and-cooking-ingredients-a1-sugar', 'food-and-cooking-ingredients-a1', E'sugar', E'/ˈʃʊɡ.ər/', E'/ˈʃʊɡ.ɚ/', E'a sweet substance used to make food taste sweet', E'đường', 'noun', E'Do you want sugar in your tea?', E'Bạn có muốn thêm đường vào trà không?', ARRAY['sweetener']::text[], '{}', ARRAY['white sugar','brown sugar']::text[]) ON CONFLICT ("id") DO NOTHING;
INSERT INTO "VocabItem" ("id", "topicId", "word", "phonBr", "phonNAm", "meaning", "vietnameseMeaning", "partOfSpeech", "exampleSentence", "exampleTranslation", "synonyms", "antonyms", "collocations") VALUES ('food-and-cooking-ingredients-a1-oil', 'food-and-cooking-ingredients-a1', E'oil', E'/ɔɪl/', E'/ɔɪl/', E'a smooth, thick liquid used for cooking', E'dầu ăn', 'noun', E'Heat the oil in the pan.', E'Làm nóng dầu trong chảo.', ARRAY['cooking fat']::text[], '{}', ARRAY['vegetable oil','olive oil']::text[]) ON CONFLICT ("id") DO NOTHING;
INSERT INTO "VocabItem" ("id", "topicId", "word", "phonBr", "phonNAm", "meaning", "vietnameseMeaning", "partOfSpeech", "exampleSentence", "exampleTranslation", "synonyms", "antonyms", "collocations") VALUES ('food-and-cooking-ingredients-a1-rice', 'food-and-cooking-ingredients-a1', E'rice', E'/raɪs/', E'/raɪs/', E'small white or brown grains from a plant, eaten as a main food', E'gạo/cơm', 'noun', E'We eat rice every day.', E'Chúng tôi ăn cơm mỗi ngày.', ARRAY['grain']::text[], '{}', ARRAY['white rice','brown rice']::text[]) ON CONFLICT ("id") DO NOTHING;
INSERT INTO "VocabItem" ("id", "topicId", "word", "phonBr", "phonNAm", "meaning", "vietnameseMeaning", "partOfSpeech", "exampleSentence", "exampleTranslation", "synonyms", "antonyms", "collocations") VALUES ('food-and-cooking-ingredients-a1-onion', 'food-and-cooking-ingredients-a1', E'onion', E'/ˈʌn.jən/', E'/ˈʌn.jən/', E'a round vegetable with a strong taste and smell', E'hành tây', 'noun', E'Chop the onion into small pieces.', E'Cắt hành tây thành những miếng nhỏ.', ARRAY['bulb']::text[], '{}', ARRAY['red onion','chopped onion']::text[]) ON CONFLICT ("id") DO NOTHING;
INSERT INTO "VocabItem" ("id", "topicId", "word", "phonBr", "phonNAm", "meaning", "vietnameseMeaning", "partOfSpeech", "exampleSentence", "exampleTranslation", "synonyms", "antonyms", "collocations") VALUES ('food-and-cooking-ingredients-a1-pepper', 'food-and-cooking-ingredients-a1', E'pepper', E'/ˈpep.ər/', E'/ˈpep.ɚ/', E'a black or white powder used to make food spicy', E'hạt tiêu', 'noun', E'The soup needs more pepper.', E'Món súp cần thêm chút tiêu.', ARRAY['spice']::text[], '{}', ARRAY['black pepper','white pepper']::text[]) ON CONFLICT ("id") DO NOTHING;
INSERT INTO "VocabItem" ("id", "topicId", "word", "phonBr", "phonNAm", "meaning", "vietnameseMeaning", "partOfSpeech", "exampleSentence", "exampleTranslation", "synonyms", "antonyms", "collocations") VALUES ('food-and-cooking-ingredients-a1-flour', 'food-and-cooking-ingredients-a1', E'flour', E'/ˈflaʊər/', E'/ˈflaʊ.ɚ/', E'powder made from grain, used for making bread or cakes', E'bột mì', 'noun', E'You need flour to make a cake.', E'Bạn cần bột mì để làm bánh.', ARRAY['powder']::text[], '{}', ARRAY['wheat flour','add flour']::text[]) ON CONFLICT ("id") DO NOTHING;
INSERT INTO "VocabItem" ("id", "topicId", "word", "phonBr", "phonNAm", "meaning", "vietnameseMeaning", "partOfSpeech", "exampleSentence", "exampleTranslation", "synonyms", "antonyms", "collocations") VALUES ('food-and-cooking-ingredients-a1-add', 'food-and-cooking-ingredients-a1', E'add', E'/æd/', E'/æd/', E'to put something with something else', E'thêm vào', 'verb', E'Add some vegetables to the pot.', E'Thêm một ít rau vào nồi.', ARRAY['include','put in']::text[], ARRAY['remove']::text[], ARRAY['add salt','add water']::text[]) ON CONFLICT ("id") DO NOTHING;

-- Topic: Ingredients - A2 (3 words)
INSERT INTO "Topic" ("id", "title", "subtitle", "description", "level", "wordCount", "estimatedTime", "category", "subcategory", "order", "topicGroupId") VALUES ('food-and-cooking-ingredients-a2', 'Ingredients - A2', 'Vocabulary about ingredients', 'Learn essential vocabulary about ingredients at A2 level.', 'A2', 3, 6, 'Food & Cooking', 'Ingredients', 1, 'sd1722ec9234d0de3c4fb') ON CONFLICT ("id") DO NOTHING;
INSERT INTO "VocabItem" ("id", "topicId", "word", "phonBr", "phonNAm", "meaning", "vietnameseMeaning", "partOfSpeech", "exampleSentence", "exampleTranslation", "synonyms", "antonyms", "collocations") VALUES ('food-and-cooking-ingredients-a2-butter', 'food-and-cooking-ingredients-a2', E'butter', E'/ˈbʌtər/', E'/ˈbʌtər/', E'a yellow food made from cream, used for cooking or spreading on bread', E'bơ', 'noun', E'Spread some butter on your toast.', E'Phết một ít bơ lên bánh mì nướng của bạn.', ARRAY['spread']::text[], '{}', ARRAY['melted butter','unsalted butter']::text[]) ON CONFLICT ("id") DO NOTHING;
INSERT INTO "VocabItem" ("id", "topicId", "word", "phonBr", "phonNAm", "meaning", "vietnameseMeaning", "partOfSpeech", "exampleSentence", "exampleTranslation", "synonyms", "antonyms", "collocations") VALUES ('food-and-cooking-ingredients-a2-garlic', 'food-and-cooking-ingredients-a2', E'garlic', E'/ˈɡɑːrlɪk/', E'/ˈɡɑːrlɪk/', E'a plant with a strong taste used in cooking to add flavor', E'tỏi', 'noun', E'This sauce has a lot of garlic in it.', E'Nước sốt này có rất nhiều tỏi.', ARRAY['clove']::text[], '{}', ARRAY['garlic clove','crushed garlic']::text[]) ON CONFLICT ("id") DO NOTHING;
INSERT INTO "VocabItem" ("id", "topicId", "word", "phonBr", "phonNAm", "meaning", "vietnameseMeaning", "partOfSpeech", "exampleSentence", "exampleTranslation", "synonyms", "antonyms", "collocations") VALUES ('food-and-cooking-ingredients-a2-cheese', 'food-and-cooking-ingredients-a2', E'cheese', E'/tʃiːz/', E'/tʃiːz/', E'a food made from milk, often yellow or white', E'phô mai', 'noun', E'Would you like some cheese on your pasta?', E'Bạn có muốn thêm phô mai vào mì ý không?', ARRAY['dairy product']::text[], '{}', ARRAY['grated cheese','slice of cheese']::text[]) ON CONFLICT ("id") DO NOTHING;

-- Topic: Ingredients - B1 (8 words)
INSERT INTO "Topic" ("id", "title", "subtitle", "description", "level", "wordCount", "estimatedTime", "category", "subcategory", "order", "topicGroupId") VALUES ('food-and-cooking-ingredients-b1', 'Ingredients - B1', 'Vocabulary about ingredients', 'Learn essential vocabulary about ingredients at B1 level.', 'B1', 8, 16, 'Food & Cooking', 'Ingredients', 2, 'sd1722ec9234d0de3c4fb') ON CONFLICT ("id") DO NOTHING;
INSERT INTO "VocabItem" ("id", "topicId", "word", "phonBr", "phonNAm", "meaning", "vietnameseMeaning", "partOfSpeech", "exampleSentence", "exampleTranslation", "synonyms", "antonyms", "collocations") VALUES ('food-and-cooking-ingredients-b1-seasoning', 'food-and-cooking-ingredients-b1', E'seasoning', E'/ˈsiːzənɪŋ/', E'/ˈsiːzənɪŋ/', E'substances like salt or spices added to food to improve its flavor', E'gia vị', 'noun', E'This soup needs a little more seasoning to make it taste better.', E'Món súp này cần thêm một chút gia vị để có hương vị ngon hơn.', ARRAY['condiment','spice']::text[], '{}', ARRAY['add seasoning','extra seasoning']::text[]) ON CONFLICT ("id") DO NOTHING;
INSERT INTO "VocabItem" ("id", "topicId", "word", "phonBr", "phonNAm", "meaning", "vietnameseMeaning", "partOfSpeech", "exampleSentence", "exampleTranslation", "synonyms", "antonyms", "collocations") VALUES ('food-and-cooking-ingredients-b1-cereal', 'food-and-cooking-ingredients-b1', E'cereal', E'/ˈsɪəriəl/', E'/ˈsɪriəl/', E'a grain used for food, such as wheat, oats, or corn', E'ngũ cốc', 'noun', E'Whole grain cereal is a very healthy choice for breakfast.', E'Ngũ cốc nguyên hạt là một lựa chọn rất lành mạnh cho bữa sáng.', ARRAY['grain','corn']::text[], '{}', ARRAY['breakfast cereal','whole grain cereal']::text[]) ON CONFLICT ("id") DO NOTHING;
INSERT INTO "VocabItem" ("id", "topicId", "word", "phonBr", "phonNAm", "meaning", "vietnameseMeaning", "partOfSpeech", "exampleSentence", "exampleTranslation", "synonyms", "antonyms", "collocations") VALUES ('food-and-cooking-ingredients-b1-vinegar', 'food-and-cooking-ingredients-b1', E'vinegar', E'/ˈvɪnɪɡə(r)/', E'/ˈvɪnɪɡər/', E'a sour liquid made from wine or cider, used in salads and cooking', E'giấm', 'noun', E'Add a tablespoon of vinegar to the dressing for a tangy taste.', E'Thêm một muỗng canh giấm vào nước sốt để có vị chua thanh.', ARRAY['acid','acetic acid']::text[], '{}', ARRAY['cider vinegar','white vinegar']::text[]) ON CONFLICT ("id") DO NOTHING;
INSERT INTO "VocabItem" ("id", "topicId", "word", "phonBr", "phonNAm", "meaning", "vietnameseMeaning", "partOfSpeech", "exampleSentence", "exampleTranslation", "synonyms", "antonyms", "collocations") VALUES ('food-and-cooking-ingredients-b1-dairy', 'food-and-cooking-ingredients-b1', E'dairy', E'/ˈdeəri/', E'/ˈderi/', E'food products made from milk, such as cheese or butter', E'sản phẩm từ sữa', 'noun', E'She tries to avoid dairy products because she is lactose intolerant.', E'Cô ấy cố gắng tránh các sản phẩm từ sữa vì cô ấy không dung nạp được đường lactose.', ARRAY['milk products']::text[], '{}', ARRAY['dairy products','dairy-free']::text[]) ON CONFLICT ("id") DO NOTHING;
INSERT INTO "VocabItem" ("id", "topicId", "word", "phonBr", "phonNAm", "meaning", "vietnameseMeaning", "partOfSpeech", "exampleSentence", "exampleTranslation", "synonyms", "antonyms", "collocations") VALUES ('food-and-cooking-ingredients-b1-herb', 'food-and-cooking-ingredients-b1', E'herb', E'/hɜːb/', E'/ɜːrb/', E'a plant used for adding flavor to food or as medicine', E'thảo mộc', 'noun', E'Fresh herbs like basil make a huge difference in pasta sauces.', E'Các loại thảo mộc tươi như húng quế tạo nên sự khác biệt lớn trong các loại sốt mì Ý.', ARRAY['plant','seasoning']::text[], '{}', ARRAY['fresh herbs','dried herbs']::text[]) ON CONFLICT ("id") DO NOTHING;
INSERT INTO "VocabItem" ("id", "topicId", "word", "phonBr", "phonNAm", "meaning", "vietnameseMeaning", "partOfSpeech", "exampleSentence", "exampleTranslation", "synonyms", "antonyms", "collocations") VALUES ('food-and-cooking-ingredients-b1-marinate', 'food-and-cooking-ingredients-b1', E'marinate', E'/ˈmærɪneɪt/', E'/ˈmærɪneɪt/', E'to soak meat or fish in a sauce before cooking it', E'ướp', 'verb', E'It is best to marinate the chicken for at least two hours before grilling.', E'Tốt nhất là nên ướp gà ít nhất hai giờ trước khi nướng.', ARRAY['soak','steep']::text[], '{}', ARRAY['marinate meat','marinate overnight']::text[]) ON CONFLICT ("id") DO NOTHING;
INSERT INTO "VocabItem" ("id", "topicId", "word", "phonBr", "phonNAm", "meaning", "vietnameseMeaning", "partOfSpeech", "exampleSentence", "exampleTranslation", "synonyms", "antonyms", "collocations") VALUES ('food-and-cooking-ingredients-b1-peel', 'food-and-cooking-ingredients-b1', E'peel', E'/piːl/', E'/piːl/', E'to remove the outer skin of a fruit or vegetable', E'gọt vỏ', 'verb', E'You need to peel the potatoes before boiling them.', E'Bạn cần gọt vỏ khoai tây trước khi luộc chúng.', ARRAY['skin','pare']::text[], '{}', ARRAY['peel potatoes','peel fruit']::text[]) ON CONFLICT ("id") DO NOTHING;
INSERT INTO "VocabItem" ("id", "topicId", "word", "phonBr", "phonNAm", "meaning", "vietnameseMeaning", "partOfSpeech", "exampleSentence", "exampleTranslation", "synonyms", "antonyms", "collocations") VALUES ('food-and-cooking-ingredients-b1-stale', 'food-and-cooking-ingredients-b1', E'stale', E'/steɪl/', E'/steɪl/', E'no longer fresh and pleasant to eat, usually used for bread or cake', E'ôi thiu, cũ (thường dùng cho bánh)', 'adjective', E'The bread went stale because we left the bag open overnight.', E'Bánh mì đã bị cũ vì chúng tôi để túi mở qua đêm.', ARRAY['hard','dry']::text[], ARRAY['fresh']::text[], ARRAY['stale bread','go stale']::text[]) ON CONFLICT ("id") DO NOTHING;

-- Topic: Ingredients - B2 (9 words)
INSERT INTO "Topic" ("id", "title", "subtitle", "description", "level", "wordCount", "estimatedTime", "category", "subcategory", "order", "topicGroupId") VALUES ('food-and-cooking-ingredients-b2', 'Ingredients - B2', 'Vocabulary about ingredients', 'Learn essential vocabulary about ingredients at B2 level.', 'B2', 9, 18, 'Food & Cooking', 'Ingredients', 3, 'sd1722ec9234d0de3c4fb') ON CONFLICT ("id") DO NOTHING;
INSERT INTO "VocabItem" ("id", "topicId", "word", "phonBr", "phonNAm", "meaning", "vietnameseMeaning", "partOfSpeech", "exampleSentence", "exampleTranslation", "synonyms", "antonyms", "collocations") VALUES ('food-and-cooking-ingredients-b2-substitute', 'food-and-cooking-ingredients-b2', E'substitute', E'/ˈsʌbstɪtjuːt/', E'/ˈsʌbstɪtuːt/', E'a person or thing acting or serving in place of another', E'vật thay thế', 'noun', E'Honey is a popular natural substitute for refined sugar in baking.', E'Mật ong là một chất thay thế tự nhiên phổ biến cho đường tinh luyện trong làm bánh.', ARRAY['replacement','alternative']::text[], '{}', ARRAY['suitable substitute','perfect substitute']::text[]) ON CONFLICT ("id") DO NOTHING;
INSERT INTO "VocabItem" ("id", "topicId", "word", "phonBr", "phonNAm", "meaning", "vietnameseMeaning", "partOfSpeech", "exampleSentence", "exampleTranslation", "synonyms", "antonyms", "collocations") VALUES ('food-and-cooking-ingredients-b2-condiment', 'food-and-cooking-ingredients-b2', E'condiment', E'/ˈkɒndɪmənt/', E'/ˈkɑːndɪmənt/', E'a substance such as salt, mustard, or pickle that is used to add flavor to food', E'đồ gia vị', 'noun', E'The table was set with a variety of condiments like soy sauce, chili oil, and vinegar.', E'Bàn ăn được bày sẵn các loại gia vị như nước tương, dầu ớt và giấm.', ARRAY['relish','sauce']::text[], '{}', ARRAY['table condiment','spicy condiment']::text[]) ON CONFLICT ("id") DO NOTHING;
INSERT INTO "VocabItem" ("id", "topicId", "word", "phonBr", "phonNAm", "meaning", "vietnameseMeaning", "partOfSpeech", "exampleSentence", "exampleTranslation", "synonyms", "antonyms", "collocations") VALUES ('food-and-cooking-ingredients-b2-garnish', 'food-and-cooking-ingredients-b2', E'garnish', E'/ˈɡɑːnɪʃ/', E'/ˈɡɑːrnɪʃ/', E'a small amount of food used to decorate a dish', E'đồ trang trí món ăn', 'noun', E'A sprig of fresh parsley makes a simple yet elegant garnish for the roasted chicken.', E'Một nhánh mùi tây tươi tạo thành món trang trí đơn giản nhưng thanh lịch cho món gà nướng.', ARRAY['decoration','embellishment']::text[], '{}', ARRAY['edible garnish','parsley garnish']::text[]) ON CONFLICT ("id") DO NOTHING;
INSERT INTO "VocabItem" ("id", "topicId", "word", "phonBr", "phonNAm", "meaning", "vietnameseMeaning", "partOfSpeech", "exampleSentence", "exampleTranslation", "synonyms", "antonyms", "collocations") VALUES ('food-and-cooking-ingredients-b2-staple', 'food-and-cooking-ingredients-b2', E'staple', E'/ˈsteɪpl/', E'/ˈsteɪpl/', E'a basic or necessary food item that is used frequently', E'thực phẩm chủ yếu', 'noun', E'Rice is a staple in many Asian diets, providing the primary source of carbohydrates.', E'Gạo là thực phẩm chủ yếu trong chế độ ăn của nhiều người châu Á, cung cấp nguồn tinh bột chính.', ARRAY['essential','mainstay']::text[], '{}', ARRAY['dietary staple','household staple']::text[]) ON CONFLICT ("id") DO NOTHING;
INSERT INTO "VocabItem" ("id", "topicId", "word", "phonBr", "phonNAm", "meaning", "vietnameseMeaning", "partOfSpeech", "exampleSentence", "exampleTranslation", "synonyms", "antonyms", "collocations") VALUES ('food-and-cooking-ingredients-b2-concoction', 'food-and-cooking-ingredients-b2', E'concoction', E'/kənˈkɒkʃn/', E'/kənˈkɑːkʃn/', E'a mixture of various ingredients or elements', E'hỗn hợp pha chế', 'noun', E'The chef created a strange concoction of chocolate and chili that surprisingly tasted delicious.', E'Đầu bếp đã tạo ra một hỗn hợp lạ lùng từ sô-cô-la và ớt mà bất ngờ thay lại có vị rất ngon.', ARRAY['mixture','blend']::text[], '{}', ARRAY['bizarre concoction','creative concoction']::text[]) ON CONFLICT ("id") DO NOTHING;
INSERT INTO "VocabItem" ("id", "topicId", "word", "phonBr", "phonNAm", "meaning", "vietnameseMeaning", "partOfSpeech", "exampleSentence", "exampleTranslation", "synonyms", "antonyms", "collocations") VALUES ('food-and-cooking-ingredients-b2-infuse', 'food-and-cooking-ingredients-b2', E'infuse', E'/ɪnˈfjuːz/', E'/ɪnˈfjuːz/', E'to steep or soak an ingredient in liquid to extract its flavor', E'ngâm, chiết xuất hương vị', 'verb', E'You should infuse the olive oil with garlic and rosemary for at least two days.', E'Bạn nên ngâm dầu ô liu với tỏi và hương thảo trong ít nhất hai ngày.', ARRAY['steep','soak']::text[], '{}', ARRAY['infuse with flavor','infuse oil']::text[]) ON CONFLICT ("id") DO NOTHING;
INSERT INTO "VocabItem" ("id", "topicId", "word", "phonBr", "phonNAm", "meaning", "vietnameseMeaning", "partOfSpeech", "exampleSentence", "exampleTranslation", "synonyms", "antonyms", "collocations") VALUES ('food-and-cooking-ingredients-b2-zest', 'food-and-cooking-ingredients-b2', E'zest', E'/zest/', E'/zest/', E'the thin, outer colored part of the peel of citrus fruits, used as flavoring', E'vỏ cam/chanh bào', 'noun', E'Add some lemon zest to the batter to give the cake a refreshing citrus aroma.', E'Thêm một ít vỏ chanh bào vào bột để bánh có mùi hương cam chanh tươi mát.', ARRAY['peel','rind']::text[], '{}', ARRAY['lemon zest','orange zest']::text[]) ON CONFLICT ("id") DO NOTHING;
INSERT INTO "VocabItem" ("id", "topicId", "word", "phonBr", "phonNAm", "meaning", "vietnameseMeaning", "partOfSpeech", "exampleSentence", "exampleTranslation", "synonyms", "antonyms", "collocations") VALUES ('food-and-cooking-ingredients-b2-bland', 'food-and-cooking-ingredients-b2', E'bland', E'/blænd/', E'/blænd/', E'lacking strong flavor or character', E'nhạt nhẽo', 'adjective', E'The sauce was far too bland, so I added extra herbs and black pepper.', E'Nước sốt quá nhạt nhẽo, vì vậy tôi đã thêm nhiều thảo mộc và tiêu đen hơn.', ARRAY['tasteless','flavorless']::text[], ARRAY['flavorful']::text[], ARRAY['bland taste','bland diet']::text[]) ON CONFLICT ("id") DO NOTHING;
INSERT INTO "VocabItem" ("id", "topicId", "word", "phonBr", "phonNAm", "meaning", "vietnameseMeaning", "partOfSpeech", "exampleSentence", "exampleTranslation", "synonyms", "antonyms", "collocations") VALUES ('food-and-cooking-ingredients-b2-perishable', 'food-and-cooking-ingredients-b2', E'perishable', E'/ˈperɪʃəbl/', E'/ˈperɪʃəbl/', E'likely to decay or go bad quickly', E'dễ hư hỏng', 'adjective', E'Store all perishable items like meat and dairy in the refrigerator immediately after shopping.', E'Hãy cất tất cả các thực phẩm dễ hư hỏng như thịt và sữa vào tủ lạnh ngay sau khi mua sắm.', ARRAY['degradable','spoilable']::text[], ARRAY['non-perishable']::text[], ARRAY['perishable goods','perishable ingredients']::text[]) ON CONFLICT ("id") DO NOTHING;

-- Topic: Ingredients - C1 (5 words)
INSERT INTO "Topic" ("id", "title", "subtitle", "description", "level", "wordCount", "estimatedTime", "category", "subcategory", "order", "topicGroupId") VALUES ('food-and-cooking-ingredients-c1', 'Ingredients - C1', 'Vocabulary about ingredients', 'Learn essential vocabulary about ingredients at C1 level.', 'C1', 5, 10, 'Food & Cooking', 'Ingredients', 4, 'sd1722ec9234d0de3c4fb') ON CONFLICT ("id") DO NOTHING;
INSERT INTO "VocabItem" ("id", "topicId", "word", "phonBr", "phonNAm", "meaning", "vietnameseMeaning", "partOfSpeech", "exampleSentence", "exampleTranslation", "synonyms", "antonyms", "collocations") VALUES ('food-and-cooking-ingredients-c1-emulsifier', 'food-and-cooking-ingredients-c1', E'emulsifier', E'/ɪˈmʌlsɪfaɪə/', E'/ɪˈmʌlsɪfaɪər/', E'a substance used to mix two liquids that normally do not mix, such as oil and water', E'chất nhũ hóa', 'noun', E'Lecithin is a common emulsifier used in chocolate production to maintain a smooth texture.', E'Lecithin là một chất nhũ hóa phổ biến được sử dụng trong sản xuất sô-cô-la để duy trì kết cấu mịn màng.', ARRAY['stabilizer']::text[], '{}', ARRAY['natural emulsifier','food-grade emulsifier']::text[]) ON CONFLICT ("id") DO NOTHING;
INSERT INTO "VocabItem" ("id", "topicId", "word", "phonBr", "phonNAm", "meaning", "vietnameseMeaning", "partOfSpeech", "exampleSentence", "exampleTranslation", "synonyms", "antonyms", "collocations") VALUES ('food-and-cooking-ingredients-c1-leavening', 'food-and-cooking-ingredients-c1', E'leavening', E'/ˈlɛvənɪŋ/', E'/ˈlɛvənɪŋ/', E'a substance, such as yeast or baking powder, that makes dough or batter rise', E'chất làm nở (bột)', 'noun', E'Without sufficient leavening, the bread will turn out dense and unappealing.', E'Nếu không có đủ chất làm nở, bánh mì sẽ trở nên đặc và kém hấp dẫn.', ARRAY['raising agent']::text[], '{}', ARRAY['chemical leavening','natural leavening']::text[]) ON CONFLICT ("id") DO NOTHING;
INSERT INTO "VocabItem" ("id", "topicId", "word", "phonBr", "phonNAm", "meaning", "vietnameseMeaning", "partOfSpeech", "exampleSentence", "exampleTranslation", "synonyms", "antonyms", "collocations") VALUES ('food-and-cooking-ingredients-c1-macerate', 'food-and-cooking-ingredients-c1', E'macerate', E'/ˈmæsəreɪt/', E'/ˈmæsəreɪt/', E'to soften food by soaking it in a liquid', E'ngâm mềm', 'verb', E'You should macerate the strawberries in sugar and balsamic vinegar for an hour before serving.', E'Bạn nên ngâm dâu tây với đường và giấm balsamic trong một giờ trước khi phục vụ.', ARRAY['steep','soak']::text[], '{}', ARRAY['macerate fruit','macerated in syrup']::text[]) ON CONFLICT ("id") DO NOTHING;
INSERT INTO "VocabItem" ("id", "topicId", "word", "phonBr", "phonNAm", "meaning", "vietnameseMeaning", "partOfSpeech", "exampleSentence", "exampleTranslation", "synonyms", "antonyms", "collocations") VALUES ('food-and-cooking-ingredients-c1-succulent', 'food-and-cooking-ingredients-c1', E'succulent', E'/ˈsʌkjələnt/', E'/ˈsʌkjələnt/', E'juicy and tasty', E'mọng nước, ngon lành', 'adjective', E'The recipe highlights the use of succulent tomatoes picked at the peak of the season.', E'Công thức nhấn mạnh việc sử dụng những quả cà chua mọng nước được hái vào thời điểm chín rộ.', ARRAY['juicy','moist']::text[], ARRAY['dry']::text[], ARRAY['succulent fruit','succulent meat']::text[]) ON CONFLICT ("id") DO NOTHING;
INSERT INTO "VocabItem" ("id", "topicId", "word", "phonBr", "phonNAm", "meaning", "vietnameseMeaning", "partOfSpeech", "exampleSentence", "exampleTranslation", "synonyms", "antonyms", "collocations") VALUES ('food-and-cooking-ingredients-c1-emulsion', 'food-and-cooking-ingredients-c1', E'emulsion', E'/ɪˈmʌlʃn/', E'/ɪˈmʌlʃn/', E'a fine dispersion of minute droplets of one liquid in another in which it is not soluble', E'nhũ tương', 'noun', E'Vinaigrette is a temporary emulsion of oil and vinegar that needs constant whisking.', E'Vinaigrette là một dạng nhũ tương tạm thời giữa dầu và giấm cần phải đánh đều liên tục.', ARRAY['mixture','blend']::text[], '{}', ARRAY['stable emulsion','create an emulsion']::text[]) ON CONFLICT ("id") DO NOTHING;

-- Topic: Ingredients - C2 (6 words)
INSERT INTO "Topic" ("id", "title", "subtitle", "description", "level", "wordCount", "estimatedTime", "category", "subcategory", "order", "topicGroupId") VALUES ('food-and-cooking-ingredients-c2', 'Ingredients - C2', 'Vocabulary about ingredients', 'Learn essential vocabulary about ingredients at C2 level.', 'C2', 6, 12, 'Food & Cooking', 'Ingredients', 5, 'sd1722ec9234d0de3c4fb') ON CONFLICT ("id") DO NOTHING;
INSERT INTO "VocabItem" ("id", "topicId", "word", "phonBr", "phonNAm", "meaning", "vietnameseMeaning", "partOfSpeech", "exampleSentence", "exampleTranslation", "synonyms", "antonyms", "collocations") VALUES ('food-and-cooking-ingredients-c2-allium', 'food-and-cooking-ingredients-c2', E'allium', E'/ˈæl.i.əm/', E'/ˈæl.i.əm/', E'a plant of a genus that includes onion, garlic, shallot, and leek.', E'thực vật thuộc chi hành (hành, tỏi, hẹ)', 'noun', E'The soup base relies heavily on a complex allium profile to build depth.', E'Nền súp dựa nhiều vào đặc tính phức hợp của các loại hành tỏi để tạo độ sâu cho hương vị.', ARRAY['bulbous plant']::text[], '{}', ARRAY['allium family','aromatic allium']::text[]) ON CONFLICT ("id") DO NOTHING;
INSERT INTO "VocabItem" ("id", "topicId", "word", "phonBr", "phonNAm", "meaning", "vietnameseMeaning", "partOfSpeech", "exampleSentence", "exampleTranslation", "synonyms", "antonyms", "collocations") VALUES ('food-and-cooking-ingredients-c2-legume', 'food-and-cooking-ingredients-c2', E'legume', E'/ˈleɡ.juːm/', E'/ˈleɡ.juːm/', E'a plant in the family Fabaceae, or its edible seed.', E'cây họ đậu', 'noun', E'Incorporating a variety of legume species into your pantry increases protein diversity.', E'Kết hợp nhiều loại cây họ đậu vào tủ bếp giúp tăng cường sự đa dạng protein.', ARRAY['pulse','bean']::text[], '{}', ARRAY['dried legume','legume crop']::text[]) ON CONFLICT ("id") DO NOTHING;
INSERT INTO "VocabItem" ("id", "topicId", "word", "phonBr", "phonNAm", "meaning", "vietnameseMeaning", "partOfSpeech", "exampleSentence", "exampleTranslation", "synonyms", "antonyms", "collocations") VALUES ('food-and-cooking-ingredients-c2-viscous', 'food-and-cooking-ingredients-c2', E'viscous', E'/ˈvɪs.kəs/', E'/ˈvɪs.kəs/', E'having a thick, sticky consistency between solid and liquid.', E'nhớt, đặc dính', 'adjective', E'The reduction created a highly viscous glaze that coated the meat perfectly.', E'Sự cô đặc đã tạo ra một lớp sốt bóng đặc dính bao phủ miếng thịt một cách hoàn hảo.', ARRAY['syrupy','thick']::text[], ARRAY['runny']::text[], ARRAY['viscous liquid','highly viscous']::text[]) ON CONFLICT ("id") DO NOTHING;
INSERT INTO "VocabItem" ("id", "topicId", "word", "phonBr", "phonNAm", "meaning", "vietnameseMeaning", "partOfSpeech", "exampleSentence", "exampleTranslation", "synonyms", "antonyms", "collocations") VALUES ('food-and-cooking-ingredients-c2-reconstitute', 'food-and-cooking-ingredients-c2', E'reconstitute', E'/ˌriːˈkɒn.stɪ.tjuːt/', E'/ˌriːˈkɑːn.stə.tuːt/', E'to restore dried food to its original state by adding water.', E'hoàn nguyên (thực phẩm khô)', 'verb', E'You must reconstitute the dried porcini mushrooms in warm water before adding them to the risotto.', E'Bạn phải ngâm nấm porcini khô trong nước ấm để hoàn nguyên trước khi thêm vào món risotto.', ARRAY['rehydrate']::text[], ARRAY['dehydrate']::text[], ARRAY['reconstitute dried mushrooms','reconstitute powder']::text[]) ON CONFLICT ("id") DO NOTHING;
INSERT INTO "VocabItem" ("id", "topicId", "word", "phonBr", "phonNAm", "meaning", "vietnameseMeaning", "partOfSpeech", "exampleSentence", "exampleTranslation", "synonyms", "antonyms", "collocations") VALUES ('food-and-cooking-ingredients-c2-tuber', 'food-and-cooking-ingredients-c2', E'tuber', E'/ˈtjuː.bər/', E'/ˈtuː.bɚ/', E'a thick, fleshy, underground stem of a plant.', E'củ', 'noun', E'The potato is perhaps the most versatile culinary tuber in global gastronomy.', E'Khoai tây có lẽ là loại củ linh hoạt nhất trong ẩm thực toàn cầu.', ARRAY['root vegetable']::text[], '{}', ARRAY['starchy tuber','tuberous root']::text[]) ON CONFLICT ("id") DO NOTHING;
INSERT INTO "VocabItem" ("id", "topicId", "word", "phonBr", "phonNAm", "meaning", "vietnameseMeaning", "partOfSpeech", "exampleSentence", "exampleTranslation", "synonyms", "antonyms", "collocations") VALUES ('food-and-cooking-ingredients-c2-pith', 'food-and-cooking-ingredients-c2', E'pith', E'/pɪθ/', E'/pɪθ/', E'the white, spongy inner layer of citrus peel.', E'cùi trắng (của cam, quýt)', 'noun', E'Remove the bitter pith carefully to ensure the marmalade remains sweet and refined.', E'Hãy loại bỏ lớp cùi trắng đắng một cách cẩn thận để đảm bảo món mứt cam vẫn giữ được vị ngọt và sự tinh tế.', ARRAY['albedo']::text[], '{}', ARRAY['bitter pith','remove the pith']::text[]) ON CONFLICT ("id") DO NOTHING;

-- Topic: Cooking Methods - A1 (9 words)
INSERT INTO "Topic" ("id", "title", "subtitle", "description", "level", "wordCount", "estimatedTime", "category", "subcategory", "order", "topicGroupId") VALUES ('food-and-cooking-cooking-methods-a1', 'Cooking Methods - A1', 'Vocabulary about cooking methods', 'Learn essential vocabulary about cooking methods at A1 level.', 'A1', 9, 18, 'Food & Cooking', 'Cooking Methods', 0, 'sd1722ec9234d0de3c4fb') ON CONFLICT ("id") DO NOTHING;
INSERT INTO "VocabItem" ("id", "topicId", "word", "phonBr", "phonNAm", "meaning", "vietnameseMeaning", "partOfSpeech", "exampleSentence", "exampleTranslation", "synonyms", "antonyms", "collocations") VALUES ('food-and-cooking-cooking-methods-a1-boil', 'food-and-cooking-cooking-methods-a1', E'boil', E'/bɔɪl/', E'/bɔɪl/', E'to heat a liquid until it reaches the temperature at which it bubbles and turns to vapor', E'luộc, đun sôi', 'verb', E'Please boil the water for the tea.', E'Làm ơn đun sôi nước để pha trà.', ARRAY['simmer']::text[], '{}', ARRAY['boil water','boil eggs']::text[]) ON CONFLICT ("id") DO NOTHING;
INSERT INTO "VocabItem" ("id", "topicId", "word", "phonBr", "phonNAm", "meaning", "vietnameseMeaning", "partOfSpeech", "exampleSentence", "exampleTranslation", "synonyms", "antonyms", "collocations") VALUES ('food-and-cooking-cooking-methods-a1-fry', 'food-and-cooking-cooking-methods-a1', E'fry', E'/fraɪ/', E'/fraɪ/', E'to cook food in hot oil or fat', E'chiên, rán', 'verb', E'I like to fry potatoes for lunch.', E'Tôi thích chiên khoai tây cho bữa trưa.', ARRAY['sauté']::text[], '{}', ARRAY['fry chicken','deep fry']::text[]) ON CONFLICT ("id") DO NOTHING;
INSERT INTO "VocabItem" ("id", "topicId", "word", "phonBr", "phonNAm", "meaning", "vietnameseMeaning", "partOfSpeech", "exampleSentence", "exampleTranslation", "synonyms", "antonyms", "collocations") VALUES ('food-and-cooking-cooking-methods-a1-bake', 'food-and-cooking-cooking-methods-a1', E'bake', E'/beɪk/', E'/beɪk/', E'to cook food in an oven using dry heat', E'nướng (bằng lò)', 'verb', E'We bake a cake for her birthday.', E'Chúng tôi nướng một chiếc bánh cho ngày sinh nhật của cô ấy.', ARRAY['roast']::text[], '{}', ARRAY['bake bread','bake a cake']::text[]) ON CONFLICT ("id") DO NOTHING;
INSERT INTO "VocabItem" ("id", "topicId", "word", "phonBr", "phonNAm", "meaning", "vietnameseMeaning", "partOfSpeech", "exampleSentence", "exampleTranslation", "synonyms", "antonyms", "collocations") VALUES ('food-and-cooking-cooking-methods-a1-steam', 'food-and-cooking-cooking-methods-a1', E'steam', E'/stiːm/', E'/stiːm/', E'to cook food using steam from boiling water', E'hấp', 'verb', E'It is healthy to steam vegetables.', E'Hấp rau củ thì tốt cho sức khỏe.', ARRAY['poach']::text[], '{}', ARRAY['steam vegetables','steam fish']::text[]) ON CONFLICT ("id") DO NOTHING;
INSERT INTO "VocabItem" ("id", "topicId", "word", "phonBr", "phonNAm", "meaning", "vietnameseMeaning", "partOfSpeech", "exampleSentence", "exampleTranslation", "synonyms", "antonyms", "collocations") VALUES ('food-and-cooking-cooking-methods-a1-grill', 'food-and-cooking-cooking-methods-a1', E'grill', E'/ɡrɪl/', E'/ɡrɪl/', E'to cook food over direct heat, usually on a metal grate', E'nướng (trên vỉ)', 'verb', E'Let''s grill some meat in the garden.', E'Hãy nướng thịt ngoài vườn nào.', ARRAY['barbecue']::text[], '{}', ARRAY['grill meat','grill fish']::text[]) ON CONFLICT ("id") DO NOTHING;
INSERT INTO "VocabItem" ("id", "topicId", "word", "phonBr", "phonNAm", "meaning", "vietnameseMeaning", "partOfSpeech", "exampleSentence", "exampleTranslation", "synonyms", "antonyms", "collocations") VALUES ('food-and-cooking-cooking-methods-a1-mix', 'food-and-cooking-cooking-methods-a1', E'mix', E'/mɪks/', E'/mɪks/', E'to combine two or more substances together', E'trộn, khuấy', 'verb', E'Mix the flour and eggs in a bowl.', E'Trộn bột mì và trứng vào một cái bát.', ARRAY['blend','stir']::text[], '{}', ARRAY['mix well','mix ingredients']::text[]) ON CONFLICT ("id") DO NOTHING;
INSERT INTO "VocabItem" ("id", "topicId", "word", "phonBr", "phonNAm", "meaning", "vietnameseMeaning", "partOfSpeech", "exampleSentence", "exampleTranslation", "synonyms", "antonyms", "collocations") VALUES ('food-and-cooking-cooking-methods-a1-slice', 'food-and-cooking-cooking-methods-a1', E'slice', E'/slaɪs/', E'/slaɪs/', E'to cut food into thin, flat pieces', E'thái lát', 'verb', E'Please slice the bread for breakfast.', E'Làm ơn thái lát bánh mì cho bữa sáng.', ARRAY['cut','chop']::text[], '{}', ARRAY['slice thin','slice bread']::text[]) ON CONFLICT ("id") DO NOTHING;
INSERT INTO "VocabItem" ("id", "topicId", "word", "phonBr", "phonNAm", "meaning", "vietnameseMeaning", "partOfSpeech", "exampleSentence", "exampleTranslation", "synonyms", "antonyms", "collocations") VALUES ('food-and-cooking-cooking-methods-a1-wash', 'food-and-cooking-cooking-methods-a1', E'wash', E'/wɒʃ/', E'/wɑːʃ/', E'to clean food with water before cooking', E'rửa', 'verb', E'You must wash the vegetables before you cook.', E'Bạn phải rửa rau trước khi nấu.', ARRAY['rinse']::text[], '{}', ARRAY['wash fruit','wash hands']::text[]) ON CONFLICT ("id") DO NOTHING;
INSERT INTO "VocabItem" ("id", "topicId", "word", "phonBr", "phonNAm", "meaning", "vietnameseMeaning", "partOfSpeech", "exampleSentence", "exampleTranslation", "synonyms", "antonyms", "collocations") VALUES ('food-and-cooking-cooking-methods-a1-heat', 'food-and-cooking-cooking-methods-a1', E'heat', E'/hiːt/', E'/hiːt/', E'to make food become warm or hot', E'làm nóng', 'verb', E'Heat the soup for five minutes.', E'Làm nóng súp trong năm phút.', ARRAY['warm up']::text[], ARRAY['cool']::text[], ARRAY['heat up','heat slowly']::text[]) ON CONFLICT ("id") DO NOTHING;

-- Topic: Cooking Methods - A2 (2 words)
INSERT INTO "Topic" ("id", "title", "subtitle", "description", "level", "wordCount", "estimatedTime", "category", "subcategory", "order", "topicGroupId") VALUES ('food-and-cooking-cooking-methods-a2', 'Cooking Methods - A2', 'Vocabulary about cooking methods', 'Learn essential vocabulary about cooking methods at A2 level.', 'A2', 2, 4, 'Food & Cooking', 'Cooking Methods', 1, 'sd1722ec9234d0de3c4fb') ON CONFLICT ("id") DO NOTHING;
INSERT INTO "VocabItem" ("id", "topicId", "word", "phonBr", "phonNAm", "meaning", "vietnameseMeaning", "partOfSpeech", "exampleSentence", "exampleTranslation", "synonyms", "antonyms", "collocations") VALUES ('food-and-cooking-cooking-methods-a2-stir-fry', 'food-and-cooking-cooking-methods-a2', E'stir-fry', E'/ˈstɜː.fraɪ/', E'/ˈstɜːr.fraɪ/', E'to cook small pieces of food quickly in a little hot oil while moving it constantly', E'xào', 'verb', E'Stir-fry the beef with some onions and peppers.', E'Xào thịt bò với một ít hành tây và ớt chuông.', ARRAY['sauté']::text[], '{}', ARRAY['stir-fry vegetables','quick stir-fry']::text[]) ON CONFLICT ("id") DO NOTHING;
INSERT INTO "VocabItem" ("id", "topicId", "word", "phonBr", "phonNAm", "meaning", "vietnameseMeaning", "partOfSpeech", "exampleSentence", "exampleTranslation", "synonyms", "antonyms", "collocations") VALUES ('food-and-cooking-cooking-methods-a2-chop', 'food-and-cooking-cooking-methods-a2', E'chop', E'/tʃɒp/', E'/tʃɑːp/', E'to cut food into smaller pieces with a knife', E'thái, chặt', 'verb', E'Please chop the onions into small pieces.', E'Làm ơn thái hành tây thành những miếng nhỏ.', ARRAY['slice','cut']::text[], '{}', ARRAY['chop vegetables','finely chop']::text[]) ON CONFLICT ("id") DO NOTHING;

-- Topic: Cooking Methods - B1 (3 words)
INSERT INTO "Topic" ("id", "title", "subtitle", "description", "level", "wordCount", "estimatedTime", "category", "subcategory", "order", "topicGroupId") VALUES ('food-and-cooking-cooking-methods-b1', 'Cooking Methods - B1', 'Vocabulary about cooking methods', 'Learn essential vocabulary about cooking methods at B1 level.', 'B1', 3, 6, 'Food & Cooking', 'Cooking Methods', 2, 'sd1722ec9234d0de3c4fb') ON CONFLICT ("id") DO NOTHING;
INSERT INTO "VocabItem" ("id", "topicId", "word", "phonBr", "phonNAm", "meaning", "vietnameseMeaning", "partOfSpeech", "exampleSentence", "exampleTranslation", "synonyms", "antonyms", "collocations") VALUES ('food-and-cooking-cooking-methods-b1-simmer', 'food-and-cooking-cooking-methods-b1', E'simmer', E'/ˈsɪm.ər/', E'/ˈsɪm.ɚ/', E'to cook something liquid slowly at a temperature just below boiling', E'ninh, đun sôi lăn tăn', 'verb', E'Let the soup simmer for twenty minutes before serving.', E'Hãy để món súp ninh trong hai mươi phút trước khi phục vụ.', ARRAY['stew']::text[], ARRAY['boil']::text[], ARRAY['simmer gently','simmer the sauce']::text[]) ON CONFLICT ("id") DO NOTHING;
INSERT INTO "VocabItem" ("id", "topicId", "word", "phonBr", "phonNAm", "meaning", "vietnameseMeaning", "partOfSpeech", "exampleSentence", "exampleTranslation", "synonyms", "antonyms", "collocations") VALUES ('food-and-cooking-cooking-methods-b1-blend', 'food-and-cooking-cooking-methods-b1', E'blend', E'/blend/', E'/blend/', E'to mix two or more substances together until they are smooth', E'xay, trộn', 'verb', E'You should blend the fruits to make a delicious smoothie.', E'Bạn nên xay trái cây để làm món sinh tố thơm ngon.', ARRAY['mix','puree']::text[], ARRAY['separate']::text[], ARRAY['blend together','blend well']::text[]) ON CONFLICT ("id") DO NOTHING;
INSERT INTO "VocabItem" ("id", "topicId", "word", "phonBr", "phonNAm", "meaning", "vietnameseMeaning", "partOfSpeech", "exampleSentence", "exampleTranslation", "synonyms", "antonyms", "collocations") VALUES ('food-and-cooking-cooking-methods-b1-whisk', 'food-and-cooking-cooking-methods-b1', E'whisk', E'/wɪsk/', E'/wɪsk/', E'to beat food quickly with a special tool to add air', E'đánh (trứng, kem)', 'verb', E'Whisk the eggs until they become light and fluffy.', E'Đánh trứng cho đến khi chúng trở nên nhẹ và bông xốp.', ARRAY['beat','whip']::text[], '{}', ARRAY['whisk eggs','whisk until smooth']::text[]) ON CONFLICT ("id") DO NOTHING;

-- Topic: Cooking Methods - B2 (5 words)
INSERT INTO "Topic" ("id", "title", "subtitle", "description", "level", "wordCount", "estimatedTime", "category", "subcategory", "order", "topicGroupId") VALUES ('food-and-cooking-cooking-methods-b2', 'Cooking Methods - B2', 'Vocabulary about cooking methods', 'Learn essential vocabulary about cooking methods at B2 level.', 'B2', 5, 10, 'Food & Cooking', 'Cooking Methods', 3, 'sd1722ec9234d0de3c4fb') ON CONFLICT ("id") DO NOTHING;
INSERT INTO "VocabItem" ("id", "topicId", "word", "phonBr", "phonNAm", "meaning", "vietnameseMeaning", "partOfSpeech", "exampleSentence", "exampleTranslation", "synonyms", "antonyms", "collocations") VALUES ('food-and-cooking-cooking-methods-b2-sauté', 'food-and-cooking-cooking-methods-b2', E'sauté', E'/ˈsəʊteɪ/', E'/soʊˈteɪ/', E'to fry food quickly in a little hot fat', E'áp chảo', 'verb', E'Sauté the onions and garlic until they are soft and translucent.', E'Áp chảo hành và tỏi cho đến khi chúng mềm và trong.', ARRAY['pan-fry']::text[], '{}', ARRAY['sauté vegetables','lightly sauté']::text[]) ON CONFLICT ("id") DO NOTHING;
INSERT INTO "VocabItem" ("id", "topicId", "word", "phonBr", "phonNAm", "meaning", "vietnameseMeaning", "partOfSpeech", "exampleSentence", "exampleTranslation", "synonyms", "antonyms", "collocations") VALUES ('food-and-cooking-cooking-methods-b2-blanch', 'food-and-cooking-cooking-methods-b2', E'blanch', E'/blɑːntʃ/', E'/blæntʃ/', E'to put food briefly in boiling water to make it easier to peel or to preserve color', E'trần sơ', 'verb', E'You should blanch the tomatoes to remove their skins easily.', E'Bạn nên trần sơ cà chua để bóc vỏ chúng dễ dàng hơn.', ARRAY['scald']::text[], '{}', ARRAY['blanch vegetables','blanch almonds']::text[]) ON CONFLICT ("id") DO NOTHING;
INSERT INTO "VocabItem" ("id", "topicId", "word", "phonBr", "phonNAm", "meaning", "vietnameseMeaning", "partOfSpeech", "exampleSentence", "exampleTranslation", "synonyms", "antonyms", "collocations") VALUES ('food-and-cooking-cooking-methods-b2-braise', 'food-and-cooking-cooking-methods-b2', E'braise', E'/breɪz/', E'/breɪz/', E'to cook meat or vegetables slowly in a small amount of liquid in a closed container', E'om', 'verb', E'The chef decided to braise the beef in red wine for three hours.', E'Đầu bếp quyết định om thịt bò trong rượu vang đỏ trong ba giờ.', ARRAY['stew']::text[], '{}', ARRAY['braise meat','slowly braise']::text[]) ON CONFLICT ("id") DO NOTHING;
INSERT INTO "VocabItem" ("id", "topicId", "word", "phonBr", "phonNAm", "meaning", "vietnameseMeaning", "partOfSpeech", "exampleSentence", "exampleTranslation", "synonyms", "antonyms", "collocations") VALUES ('food-and-cooking-cooking-methods-b2-sear', 'food-and-cooking-cooking-methods-b2', E'sear', E'/sɪə(r)/', E'/sɪr/', E'to cook the surface of meat quickly at a very high temperature', E'làm cháy cạnh', 'verb', E'Sear the steak on both sides to lock in the juices.', E'Làm cháy cạnh miếng bít tết ở cả hai mặt để giữ lại nước cốt.', ARRAY['brown']::text[], '{}', ARRAY['sear a steak','properly sear']::text[]) ON CONFLICT ("id") DO NOTHING;
INSERT INTO "VocabItem" ("id", "topicId", "word", "phonBr", "phonNAm", "meaning", "vietnameseMeaning", "partOfSpeech", "exampleSentence", "exampleTranslation", "synonyms", "antonyms", "collocations") VALUES ('food-and-cooking-cooking-methods-b2-glaze', 'food-and-cooking-cooking-methods-b2', E'glaze', E'/ɡleɪz/', E'/ɡleɪz/', E'to coat food with a shiny substance such as sugar or syrup', E'phết lớp phủ bóng', 'verb', E'Brush the ham with honey to glaze it before putting it in the oven.', E'Phết mật ong lên giăm bông để tạo lớp phủ bóng trước khi cho vào lò nướng.', ARRAY['coat']::text[], '{}', ARRAY['glaze a cake','honey glaze']::text[]) ON CONFLICT ("id") DO NOTHING;

-- Topic: Cooking Methods - C1 (5 words)
INSERT INTO "Topic" ("id", "title", "subtitle", "description", "level", "wordCount", "estimatedTime", "category", "subcategory", "order", "topicGroupId") VALUES ('food-and-cooking-cooking-methods-c1', 'Cooking Methods - C1', 'Vocabulary about cooking methods', 'Learn essential vocabulary about cooking methods at C1 level.', 'C1', 5, 10, 'Food & Cooking', 'Cooking Methods', 4, 'sd1722ec9234d0de3c4fb') ON CONFLICT ("id") DO NOTHING;
INSERT INTO "VocabItem" ("id", "topicId", "word", "phonBr", "phonNAm", "meaning", "vietnameseMeaning", "partOfSpeech", "exampleSentence", "exampleTranslation", "synonyms", "antonyms", "collocations") VALUES ('food-and-cooking-cooking-methods-c1-sous-vide', 'food-and-cooking-cooking-methods-c1', E'sous-vide', E'/suːˈviːd/', E'/suːˈviːd/', E'cooking food sealed in vacuum bags at a precisely controlled low temperature', E'nấu chân không (nhiệt độ thấp)', 'verb', E'Many modern restaurants sous-vide their steaks to achieve a perfectly even doneness.', E'Nhiều nhà hàng hiện đại nấu bít tết bằng phương pháp chân không để đạt được độ chín đều hoàn hảo.', ARRAY['vacuum-seal cooking']::text[], '{}', ARRAY['sous-vide steak','sous-vide machine']::text[]) ON CONFLICT ("id") DO NOTHING;
INSERT INTO "VocabItem" ("id", "topicId", "word", "phonBr", "phonNAm", "meaning", "vietnameseMeaning", "partOfSpeech", "exampleSentence", "exampleTranslation", "synonyms", "antonyms", "collocations") VALUES ('food-and-cooking-cooking-methods-c1-confit', 'food-and-cooking-cooking-methods-c1', E'confit', E'/ˈkɒnfi/', E'/kɑːnˈfiː/', E'to cook food slowly in fat at a low temperature for preservation', E'nấu chậm trong mỡ', 'verb', E'The duck legs are slow-cooked in their own fat to create a traditional duck confit.', E'Những chiếc đùi vịt được nấu chậm trong mỡ của chính nó để tạo nên món vịt confit truyền thống.', ARRAY['slow-cook in fat']::text[], '{}', ARRAY['duck confit','confit garlic']::text[]) ON CONFLICT ("id") DO NOTHING;
INSERT INTO "VocabItem" ("id", "topicId", "word", "phonBr", "phonNAm", "meaning", "vietnameseMeaning", "partOfSpeech", "exampleSentence", "exampleTranslation", "synonyms", "antonyms", "collocations") VALUES ('food-and-cooking-cooking-methods-c1-deglaze', 'food-and-cooking-cooking-methods-c1', E'deglaze', E'/diːˈɡleɪz/', E'/diːˈɡleɪz/', E'to add liquid to a hot pan to loosen caramelized food particles for a sauce', E'lấy nước cốt từ chảo (sau khi chiên/rán)', 'verb', E'Deglaze the pan with a splash of wine to incorporate the flavorful browned bits into the sauce.', E'Dùng một ít rượu để lấy nước cốt từ chảo nhằm hòa quyện những phần cháy sém thơm ngon vào nước sốt.', ARRAY['scrape the pan']::text[], '{}', ARRAY['deglaze the pan','deglaze with wine']::text[]) ON CONFLICT ("id") DO NOTHING;
INSERT INTO "VocabItem" ("id", "topicId", "word", "phonBr", "phonNAm", "meaning", "vietnameseMeaning", "partOfSpeech", "exampleSentence", "exampleTranslation", "synonyms", "antonyms", "collocations") VALUES ('food-and-cooking-cooking-methods-c1-char', 'food-and-cooking-cooking-methods-c1', E'char', E'/tʃɑː(r)/', E'/tʃɑːr/', E'to burn the surface of food slightly to add a smoky flavor', E'làm cháy xém', 'verb', E'Char the peppers over an open flame until the skin is blackened and blistered.', E'Làm cháy xém ớt trên ngọn lửa cho đến khi vỏ chuyển sang màu đen và phồng rộp.', ARRAY['sear','scorch']::text[], '{}', ARRAY['char slightly','charred surface']::text[]) ON CONFLICT ("id") DO NOTHING;
INSERT INTO "VocabItem" ("id", "topicId", "word", "phonBr", "phonNAm", "meaning", "vietnameseMeaning", "partOfSpeech", "exampleSentence", "exampleTranslation", "synonyms", "antonyms", "collocations") VALUES ('food-and-cooking-cooking-methods-c1-emulsify', 'food-and-cooking-cooking-methods-c1', E'emulsify', E'/ɪˈmʌlsɪfaɪ/', E'/ɪˈmʌlsɪfaɪ/', E'to combine two liquids that normally do not mix, like oil and vinegar', E'nhũ hóa (kết hợp các chất lỏng không hòa tan)', 'verb', E'Whisk the dressing vigorously to emulsify the oil and lemon juice into a smooth sauce.', E'Đánh mạnh tay hỗn hợp nước sốt để nhũ hóa dầu và nước cốt chanh thành một loại sốt sánh mịn.', ARRAY['blend','bind']::text[], ARRAY['separate']::text[], ARRAY['emulsify sauce','emulsify dressing']::text[]) ON CONFLICT ("id") DO NOTHING;

-- Topic: Cooking Methods - C2 (2 words)
INSERT INTO "Topic" ("id", "title", "subtitle", "description", "level", "wordCount", "estimatedTime", "category", "subcategory", "order", "topicGroupId") VALUES ('food-and-cooking-cooking-methods-c2', 'Cooking Methods - C2', 'Vocabulary about cooking methods', 'Learn essential vocabulary about cooking methods at C2 level.', 'C2', 2, 4, 'Food & Cooking', 'Cooking Methods', 5, 'sd1722ec9234d0de3c4fb') ON CONFLICT ("id") DO NOTHING;
INSERT INTO "VocabItem" ("id", "topicId", "word", "phonBr", "phonNAm", "meaning", "vietnameseMeaning", "partOfSpeech", "exampleSentence", "exampleTranslation", "synonyms", "antonyms", "collocations") VALUES ('food-and-cooking-cooking-methods-c2-flambé', 'food-and-cooking-cooking-methods-c2', E'flambé', E'/flɒmˈbeɪ/', E'/flɑːmˈbeɪ/', E'to cover food with alcohol and set it alight briefly', E'đốt rượu', 'verb', E'The waiter will flambé the crêpes suzette at your table for a dramatic effect.', E'Người phục vụ sẽ đốt rượu món crêpes suzette ngay tại bàn của bạn để tạo hiệu ứng ấn tượng.', ARRAY['ignite']::text[], '{}', ARRAY['flambé a dish','flambé pan']::text[]) ON CONFLICT ("id") DO NOTHING;
INSERT INTO "VocabItem" ("id", "topicId", "word", "phonBr", "phonNAm", "meaning", "vietnameseMeaning", "partOfSpeech", "exampleSentence", "exampleTranslation", "synonyms", "antonyms", "collocations") VALUES ('food-and-cooking-cooking-methods-c2-render', 'food-and-cooking-cooking-methods-c2', E'render', E'/ˈrendə(r)/', E'/ˈrendər/', E'to melt down solid fat, especially from meat, to separate it from the connective tissue', E'nấu chảy mỡ', 'verb', E'Render the fat from the bacon slowly until it becomes crispy and golden.', E'Nấu chảy mỡ từ thịt xông khói từ từ cho đến khi nó trở nên giòn và vàng.', ARRAY['melt down']::text[], '{}', ARRAY['render fat','rendered lard']::text[]) ON CONFLICT ("id") DO NOTHING;

-- Topic: Restaurants - A1 (7 words)
INSERT INTO "Topic" ("id", "title", "subtitle", "description", "level", "wordCount", "estimatedTime", "category", "subcategory", "order", "topicGroupId") VALUES ('food-and-cooking-restaurants-a1', 'Restaurants - A1', 'Vocabulary about restaurants', 'Learn essential vocabulary about restaurants at A1 level.', 'A1', 7, 14, 'Food & Cooking', 'Restaurants', 0, 'sd1722ec9234d0de3c4fb') ON CONFLICT ("id") DO NOTHING;
INSERT INTO "VocabItem" ("id", "topicId", "word", "phonBr", "phonNAm", "meaning", "vietnameseMeaning", "partOfSpeech", "exampleSentence", "exampleTranslation", "synonyms", "antonyms", "collocations") VALUES ('food-and-cooking-restaurants-a1-menu', 'food-and-cooking-restaurants-a1', E'menu', E'/ˈmenjuː/', E'/ˈmenjuː/', E'a list of dishes available in a restaurant', E'thực đơn', 'noun', E'Can I see the menu, please?', E'Cho tôi xem thực đơn được không?', ARRAY['bill of fare']::text[], '{}', ARRAY['read the menu','ask for the menu']::text[]) ON CONFLICT ("id") DO NOTHING;
INSERT INTO "VocabItem" ("id", "topicId", "word", "phonBr", "phonNAm", "meaning", "vietnameseMeaning", "partOfSpeech", "exampleSentence", "exampleTranslation", "synonyms", "antonyms", "collocations") VALUES ('food-and-cooking-restaurants-a1-waiter', 'food-and-cooking-restaurants-a1', E'waiter', E'/ˈweɪtə(r)/', E'/ˈweɪtər/', E'a person who serves food and drinks in a restaurant', E'bồi bàn nam', 'noun', E'The waiter brings us our food.', E'Người phục vụ mang đồ ăn đến cho chúng tôi.', ARRAY['server']::text[], '{}', ARRAY['friendly waiter','ask the waiter']::text[]) ON CONFLICT ("id") DO NOTHING;
INSERT INTO "VocabItem" ("id", "topicId", "word", "phonBr", "phonNAm", "meaning", "vietnameseMeaning", "partOfSpeech", "exampleSentence", "exampleTranslation", "synonyms", "antonyms", "collocations") VALUES ('food-and-cooking-restaurants-a1-order', 'food-and-cooking-restaurants-a1', E'order', E'/ˈɔːdə(r)/', E'/ˈɔːrdər/', E'a request for food or drink', E'gọi món', 'verb', E'Are you ready to order now?', E'Bạn đã sẵn sàng để gọi món chưa?', ARRAY['request']::text[], '{}', ARRAY['order food','place an order']::text[]) ON CONFLICT ("id") DO NOTHING;
INSERT INTO "VocabItem" ("id", "topicId", "word", "phonBr", "phonNAm", "meaning", "vietnameseMeaning", "partOfSpeech", "exampleSentence", "exampleTranslation", "synonyms", "antonyms", "collocations") VALUES ('food-and-cooking-restaurants-a1-bill', 'food-and-cooking-restaurants-a1', E'bill', E'/bɪl/', E'/bɪl/', E'a document showing how much you have to pay', E'hóa đơn', 'noun', E'Could we have the bill, please?', E'Cho chúng tôi xin hóa đơn ạ.', ARRAY['check']::text[], '{}', ARRAY['pay the bill','ask for the bill']::text[]) ON CONFLICT ("id") DO NOTHING;
INSERT INTO "VocabItem" ("id", "topicId", "word", "phonBr", "phonNAm", "meaning", "vietnameseMeaning", "partOfSpeech", "exampleSentence", "exampleTranslation", "synonyms", "antonyms", "collocations") VALUES ('food-and-cooking-restaurants-a1-serve', 'food-and-cooking-restaurants-a1', E'serve', E'/sɜːv/', E'/sɜːrv/', E'to provide food or drink to someone', E'phục vụ', 'verb', E'They serve breakfast until 10 am.', E'Họ phục vụ bữa sáng đến 10 giờ sáng.', ARRAY['provide']::text[], '{}', ARRAY['serve food','serve drinks']::text[]) ON CONFLICT ("id") DO NOTHING;
INSERT INTO "VocabItem" ("id", "topicId", "word", "phonBr", "phonNAm", "meaning", "vietnameseMeaning", "partOfSpeech", "exampleSentence", "exampleTranslation", "synonyms", "antonyms", "collocations") VALUES ('food-and-cooking-restaurants-a1-tip', 'food-and-cooking-restaurants-a1', E'tip', E'/tɪp/', E'/tɪp/', E'extra money given to service staff', E'tiền boa', 'noun', E'I left a small tip for the waiter.', E'Tôi đã để lại một chút tiền boa cho người phục vụ.', ARRAY['gratuity']::text[], '{}', ARRAY['give a tip','leave a tip']::text[]) ON CONFLICT ("id") DO NOTHING;
INSERT INTO "VocabItem" ("id", "topicId", "word", "phonBr", "phonNAm", "meaning", "vietnameseMeaning", "partOfSpeech", "exampleSentence", "exampleTranslation", "synonyms", "antonyms", "collocations") VALUES ('food-and-cooking-restaurants-a1-tasty', 'food-and-cooking-restaurants-a1', E'tasty', E'/ˈteɪsti/', E'/ˈteɪsti/', E'having a very good flavor', E'ngon', 'adjective', E'This soup is very tasty.', E'Món súp này rất ngon.', ARRAY['delicious']::text[], ARRAY['bland']::text[], ARRAY['very tasty','tasty meal']::text[]) ON CONFLICT ("id") DO NOTHING;

-- Topic: Restaurants - A2 (1 words)
INSERT INTO "Topic" ("id", "title", "subtitle", "description", "level", "wordCount", "estimatedTime", "category", "subcategory", "order", "topicGroupId") VALUES ('food-and-cooking-restaurants-a2', 'Restaurants - A2', 'Vocabulary about restaurants', 'Learn essential vocabulary about restaurants at A2 level.', 'A2', 1, 2, 'Food & Cooking', 'Restaurants', 1, 'sd1722ec9234d0de3c4fb') ON CONFLICT ("id") DO NOTHING;
INSERT INTO "VocabItem" ("id", "topicId", "word", "phonBr", "phonNAm", "meaning", "vietnameseMeaning", "partOfSpeech", "exampleSentence", "exampleTranslation", "synonyms", "antonyms", "collocations") VALUES ('food-and-cooking-restaurants-a2-reserve', 'food-and-cooking-restaurants-a2', E'reserve', E'/rɪˈzɜːv/', E'/rɪˈzɜːrv/', E'to arrange for a table to be kept for you at a restaurant', E'đặt chỗ', 'verb', E'I would like to reserve a table for two this evening.', E'Tôi muốn đặt một bàn cho hai người vào tối nay.', ARRAY['book']::text[], '{}', ARRAY['reserve a table','need to reserve']::text[]) ON CONFLICT ("id") DO NOTHING;

-- Topic: Restaurants - B1 (4 words)
INSERT INTO "Topic" ("id", "title", "subtitle", "description", "level", "wordCount", "estimatedTime", "category", "subcategory", "order", "topicGroupId") VALUES ('food-and-cooking-restaurants-b1', 'Restaurants - B1', 'Vocabulary about restaurants', 'Learn essential vocabulary about restaurants at B1 level.', 'B1', 4, 8, 'Food & Cooking', 'Restaurants', 2, 'sd1722ec9234d0de3c4fb') ON CONFLICT ("id") DO NOTHING;
INSERT INTO "VocabItem" ("id", "topicId", "word", "phonBr", "phonNAm", "meaning", "vietnameseMeaning", "partOfSpeech", "exampleSentence", "exampleTranslation", "synonyms", "antonyms", "collocations") VALUES ('food-and-cooking-restaurants-b1-special', 'food-and-cooking-restaurants-b1', E'special', E'/ˈspeʃl/', E'/ˈspeʃl/', E'a dish that is not on the regular menu but is available for a limited time', E'món đặc biệt trong ngày', 'noun', E'Today''s special is grilled salmon with herbs.', E'Món đặc biệt hôm nay là cá hồi nướng với thảo mộc.', ARRAY['daily special']::text[], '{}', ARRAY['chef''s special','try the special']::text[]) ON CONFLICT ("id") DO NOTHING;
INSERT INTO "VocabItem" ("id", "topicId", "word", "phonBr", "phonNAm", "meaning", "vietnameseMeaning", "partOfSpeech", "exampleSentence", "exampleTranslation", "synonyms", "antonyms", "collocations") VALUES ('food-and-cooking-restaurants-b1-recommend', 'food-and-cooking-restaurants-b1', E'recommend', E'/ˌrekəˈmend/', E'/ˌrekəˈmend/', E'to suggest a particular dish or restaurant because it is good', E'gợi ý, đề xuất', 'verb', E'Can you recommend any good Italian restaurants in this area?', E'Bạn có thể gợi ý nhà hàng Ý nào ngon ở khu vực này không?', ARRAY['suggest']::text[], '{}', ARRAY['highly recommend','recommend a dish']::text[]) ON CONFLICT ("id") DO NOTHING;
INSERT INTO "VocabItem" ("id", "topicId", "word", "phonBr", "phonNAm", "meaning", "vietnameseMeaning", "partOfSpeech", "exampleSentence", "exampleTranslation", "synonyms", "antonyms", "collocations") VALUES ('food-and-cooking-restaurants-b1-included', 'food-and-cooking-restaurants-b1', E'included', E'/ɪnˈkluːdɪd/', E'/ɪnˈkluːdɪd/', E'part of the total price, especially regarding taxes or service charges', E'được bao gồm', 'adjective', E'Is the service charge included in the price?', E'Phí dịch vụ đã được bao gồm trong giá chưa?', ARRAY['contained']::text[], ARRAY['excluded']::text[], ARRAY['tax included','service included']::text[]) ON CONFLICT ("id") DO NOTHING;
INSERT INTO "VocabItem" ("id", "topicId", "word", "phonBr", "phonNAm", "meaning", "vietnameseMeaning", "partOfSpeech", "exampleSentence", "exampleTranslation", "synonyms", "antonyms", "collocations") VALUES ('food-and-cooking-restaurants-b1-available', 'food-and-cooking-restaurants-b1', E'available', E'/əˈveɪləbl/', E'/əˈveɪləbl/', E'something that you can get, buy, or use at the restaurant', E'có sẵn', 'adjective', E'Are there any vegetarian options available on the menu?', E'Có lựa chọn ăn chay nào có sẵn trong thực đơn không?', ARRAY['obtainable']::text[], ARRAY['unavailable']::text[], ARRAY['readily available','make available']::text[]) ON CONFLICT ("id") DO NOTHING;

-- Topic: Restaurants - B2 (7 words)
INSERT INTO "Topic" ("id", "title", "subtitle", "description", "level", "wordCount", "estimatedTime", "category", "subcategory", "order", "topicGroupId") VALUES ('food-and-cooking-restaurants-b2', 'Restaurants - B2', 'Vocabulary about restaurants', 'Learn essential vocabulary about restaurants at B2 level.', 'B2', 7, 14, 'Food & Cooking', 'Restaurants', 3, 'sd1722ec9234d0de3c4fb') ON CONFLICT ("id") DO NOTHING;
INSERT INTO "VocabItem" ("id", "topicId", "word", "phonBr", "phonNAm", "meaning", "vietnameseMeaning", "partOfSpeech", "exampleSentence", "exampleTranslation", "synonyms", "antonyms", "collocations") VALUES ('food-and-cooking-restaurants-b2-ambiance', 'food-and-cooking-restaurants-b2', E'ambiance', E'/ˈæm.bi.əns/', E'/ˈæm.bi.əns/', E'the character and atmosphere of a place', E'không gian, bầu không khí', 'noun', E'The restaurant has a relaxing ambiance that makes it perfect for a romantic dinner.', E'Nhà hàng có một bầu không khí thư thái khiến nó trở nên hoàn hảo cho một bữa tối lãng mạn.', ARRAY['atmosphere','mood']::text[], '{}', ARRAY['relaxed ambiance','intimate ambiance']::text[]) ON CONFLICT ("id") DO NOTHING;
INSERT INTO "VocabItem" ("id", "topicId", "word", "phonBr", "phonNAm", "meaning", "vietnameseMeaning", "partOfSpeech", "exampleSentence", "exampleTranslation", "synonyms", "antonyms", "collocations") VALUES ('food-and-cooking-restaurants-b2-impeccable', 'food-and-cooking-restaurants-b2', E'impeccable', E'/ɪmˈpek.ə.bəl/', E'/ɪmˈpek.ə.bəl/', E'faultless; in accordance with the highest standards', E'hoàn hảo, không tì vết', 'adjective', E'The service at the five-star hotel restaurant was truly impeccable.', E'Dịch vụ tại nhà hàng khách sạn năm sao thực sự hoàn hảo.', ARRAY['flawless','perfect']::text[], ARRAY['imperfect']::text[], ARRAY['impeccable service','impeccable standards']::text[]) ON CONFLICT ("id") DO NOTHING;
INSERT INTO "VocabItem" ("id", "topicId", "word", "phonBr", "phonNAm", "meaning", "vietnameseMeaning", "partOfSpeech", "exampleSentence", "exampleTranslation", "synonyms", "antonyms", "collocations") VALUES ('food-and-cooking-restaurants-b2-savory', 'food-and-cooking-restaurants-b2', E'savory', E'/ˈseɪ.vər.i/', E'/ˈseɪ.vɚ.i/', E'salty or spicy rather than sweet in taste', E'có vị mặn hoặc cay (thường dùng cho món chính)', 'adjective', E'After the dessert, we were craving something savory to balance the sweetness.', E'Sau món tráng miệng, chúng tôi thèm một thứ gì đó có vị mặn để cân bằng vị ngọt.', ARRAY['salty','piquant']::text[], ARRAY['sweet']::text[], ARRAY['savory dish','savory snack']::text[]) ON CONFLICT ("id") DO NOTHING;
INSERT INTO "VocabItem" ("id", "topicId", "word", "phonBr", "phonNAm", "meaning", "vietnameseMeaning", "partOfSpeech", "exampleSentence", "exampleTranslation", "synonyms", "antonyms", "collocations") VALUES ('food-and-cooking-restaurants-b2-beverage', 'food-and-cooking-restaurants-b2', E'beverage', E'/ˈbev.ər.ɪdʒ/', E'/ˈbev.ɚ.ɪdʒ/', E'a drink of any type', E'đồ uống', 'noun', E'The restaurant offers an extensive list of alcoholic and non-alcoholic beverages.', E'Nhà hàng cung cấp một danh sách phong phú các loại đồ uống có cồn và không cồn.', ARRAY['drink','refreshment']::text[], '{}', ARRAY['hot beverage','beverage menu']::text[]) ON CONFLICT ("id") DO NOTHING;
INSERT INTO "VocabItem" ("id", "topicId", "word", "phonBr", "phonNAm", "meaning", "vietnameseMeaning", "partOfSpeech", "exampleSentence", "exampleTranslation", "synonyms", "antonyms", "collocations") VALUES ('food-and-cooking-restaurants-b2-complimentary', 'food-and-cooking-restaurants-b2', E'complimentary', E'/ˌkɒm.plɪˈmen.tər.i/', E'/ˌkɑːm.pləˈmen.t̬ɚ.i/', E'given free of charge', E'miễn phí, tặng kèm', 'adjective', E'We were served complimentary bread while waiting for our main course.', E'Chúng tôi được phục vụ bánh mì miễn phí trong khi chờ món chính.', ARRAY['free','gratis']::text[], ARRAY['paid']::text[], ARRAY['complimentary drink','complimentary dessert']::text[]) ON CONFLICT ("id") DO NOTHING;
INSERT INTO "VocabItem" ("id", "topicId", "word", "phonBr", "phonNAm", "meaning", "vietnameseMeaning", "partOfSpeech", "exampleSentence", "exampleTranslation", "synonyms", "antonyms", "collocations") VALUES ('food-and-cooking-restaurants-b2-diner', 'food-and-cooking-restaurants-b2', E'diner', E'/ˈdaɪ.nər/', E'/ˈdaɪ.nɚ/', E'a person who is eating a meal, especially in a restaurant', E'thực khách', 'noun', E'The waiter made sure every diner was satisfied with their meal.', E'Người phục vụ đảm bảo rằng mọi thực khách đều hài lòng với bữa ăn của họ.', ARRAY['customer','patron']::text[], '{}', ARRAY['satisfied diner','regular diner']::text[]) ON CONFLICT ("id") DO NOTHING;
INSERT INTO "VocabItem" ("id", "topicId", "word", "phonBr", "phonNAm", "meaning", "vietnameseMeaning", "partOfSpeech", "exampleSentence", "exampleTranslation", "synonyms", "antonyms", "collocations") VALUES ('food-and-cooking-restaurants-b2-split-the-bill', 'food-and-cooking-restaurants-b2', E'split the bill', E'/splɪt ðə bɪl/', E'/splɪt ðə bɪl/', E'to share the cost of a restaurant bill among a group', E'chia hóa đơn, chia tiền ăn', 'phrase', E'It is common for friends to split the bill when they dine out together.', E'Việc bạn bè chia nhau hóa đơn khi đi ăn ngoài cùng nhau là rất phổ biến.', ARRAY['go Dutch','share the cost']::text[], '{}', ARRAY['agreed to split the bill']::text[]) ON CONFLICT ("id") DO NOTHING;

-- Topic: Restaurants - C1 (7 words)
INSERT INTO "Topic" ("id", "title", "subtitle", "description", "level", "wordCount", "estimatedTime", "category", "subcategory", "order", "topicGroupId") VALUES ('food-and-cooking-restaurants-c1', 'Restaurants - C1', 'Vocabulary about restaurants', 'Learn essential vocabulary about restaurants at C1 level.', 'C1', 7, 14, 'Food & Cooking', 'Restaurants', 4, 'sd1722ec9234d0de3c4fb') ON CONFLICT ("id") DO NOTHING;
INSERT INTO "VocabItem" ("id", "topicId", "word", "phonBr", "phonNAm", "meaning", "vietnameseMeaning", "partOfSpeech", "exampleSentence", "exampleTranslation", "synonyms", "antonyms", "collocations") VALUES ('food-and-cooking-restaurants-c1-gastronomy', 'food-and-cooking-restaurants-c1', E'gastronomy', E'/ɡæsˈtrɒn.ə.mi/', E'/ɡæsˈtrɑː.nə.mi/', E'the art and practice of choosing, cooking, and eating good food', E'nghệ thuật ẩm thực', 'noun', E'The restaurant is dedicated to the highest standards of local gastronomy.', E'Nhà hàng này cam kết tuân thủ các tiêu chuẩn cao nhất của nghệ thuật ẩm thực địa phương.', ARRAY['culinary art','cookery']::text[], '{}', ARRAY['fine gastronomy','molecular gastronomy']::text[]) ON CONFLICT ("id") DO NOTHING;
INSERT INTO "VocabItem" ("id", "topicId", "word", "phonBr", "phonNAm", "meaning", "vietnameseMeaning", "partOfSpeech", "exampleSentence", "exampleTranslation", "synonyms", "antonyms", "collocations") VALUES ('food-and-cooking-restaurants-c1-a-la-carte', 'food-and-cooking-restaurants-c1', E'a la carte', E'/ˌɑː.ləˈkɑːt/', E'/ˌɑː.ləˈkɑːrt/', E'referring to a menu where items are priced and ordered separately', E'gọi món theo từng món riêng lẻ', 'adjective', E'We preferred an a la carte menu so we could select exactly what we wanted to try.', E'Chúng tôi thích thực đơn gọi món hơn để có thể chọn chính xác những gì mình muốn thử.', ARRAY['individually priced']::text[], ARRAY['table d''hôte']::text[], ARRAY['a la carte menu','dine a la carte']::text[]) ON CONFLICT ("id") DO NOTHING;
INSERT INTO "VocabItem" ("id", "topicId", "word", "phonBr", "phonNAm", "meaning", "vietnameseMeaning", "partOfSpeech", "exampleSentence", "exampleTranslation", "synonyms", "antonyms", "collocations") VALUES ('food-and-cooking-restaurants-c1-sommelier', 'food-and-cooking-restaurants-c1', E'sommelier', E'/ˈsɒm.əl.jeɪ/', E'/ˌsʌm.əlˈjeɪ/', E'a wine steward or expert professional in a restaurant', E'chuyên gia thử nếm rượu vang', 'noun', E'The sommelier recommended a vintage red to perfectly complement our steak.', E'Chuyên gia rượu vang đã gợi ý một loại rượu vang đỏ lâu năm để kết hợp hoàn hảo với món bít tết của chúng tôi.', ARRAY['wine steward']::text[], '{}', ARRAY['expert sommelier','consult the sommelier']::text[]) ON CONFLICT ("id") DO NOTHING;
INSERT INTO "VocabItem" ("id", "topicId", "word", "phonBr", "phonNAm", "meaning", "vietnameseMeaning", "partOfSpeech", "exampleSentence", "exampleTranslation", "synonyms", "antonyms", "collocations") VALUES ('food-and-cooking-restaurants-c1-palate', 'food-and-cooking-restaurants-c1', E'palate', E'/ˈpæl.ət/', E'/ˈpæl.ət/', E'a person''s ability to distinguish and appreciate different flavors', E'khẩu vị, vị giác', 'noun', E'The chef''s innovative dishes are designed to challenge the refined palate of his guests.', E'Những món ăn sáng tạo của đầu bếp được thiết kế để thử thách khẩu vị tinh tế của các thực khách.', ARRAY['taste','gustatory sense']::text[], '{}', ARRAY['refined palate','sophisticated palate']::text[]) ON CONFLICT ("id") DO NOTHING;
INSERT INTO "VocabItem" ("id", "topicId", "word", "phonBr", "phonNAm", "meaning", "vietnameseMeaning", "partOfSpeech", "exampleSentence", "exampleTranslation", "synonyms", "antonyms", "collocations") VALUES ('food-and-cooking-restaurants-c1-scrumptious', 'food-and-cooking-restaurants-c1', E'scrumptious', E'/ˈskrʌmp.ʃəs/', E'/ˈskrʌmp.ʃəs/', E'extremely delicious or pleasant to the taste', E'ngon tuyệt hảo', 'adjective', E'We were served a scrumptious three-course meal that left us completely satisfied.', E'Chúng tôi được phục vụ một bữa ăn ba món ngon tuyệt hảo khiến chúng tôi hoàn toàn hài lòng.', ARRAY['delectable','exquisite']::text[], ARRAY['bland','unappetizing']::text[], ARRAY['scrumptious dessert','scrumptious meal']::text[]) ON CONFLICT ("id") DO NOTHING;
INSERT INTO "VocabItem" ("id", "topicId", "word", "phonBr", "phonNAm", "meaning", "vietnameseMeaning", "partOfSpeech", "exampleSentence", "exampleTranslation", "synonyms", "antonyms", "collocations") VALUES ('food-and-cooking-restaurants-c1-patronize', 'food-and-cooking-restaurants-c1', E'patronize', E'/ˈpæt.rə.naɪz/', E'/ˈpeɪ.trə.naɪz/', E'to be a regular customer of a business', E'thường xuyên lui tới (nhà hàng, quán ăn)', 'verb', E'Locals have continued to patronize this historic bistro for over fifty years.', E'Người dân địa phương vẫn tiếp tục lui tới quán ăn lịch sử này hơn năm mươi năm qua.', ARRAY['frequent','support']::text[], ARRAY['boycott']::text[], ARRAY['patronize a restaurant','loyal patrons']::text[]) ON CONFLICT ("id") DO NOTHING;
INSERT INTO "VocabItem" ("id", "topicId", "word", "phonBr", "phonNAm", "meaning", "vietnameseMeaning", "partOfSpeech", "exampleSentence", "exampleTranslation", "synonyms", "antonyms", "collocations") VALUES ('food-and-cooking-restaurants-c1-decanter', 'food-and-cooking-restaurants-c1', E'decanter', E'/dɪˈkæn.tər/', E'/dɪˈkæn.t̬ɚ/', E'a glass container used for serving wine or other liquids', E'bình chiết rượu', 'noun', E'The waiter carefully poured the wine into a crystal decanter to let it breathe.', E'Người phục vụ cẩn thận rót rượu vào bình chiết pha lê để rượu được thở.', ARRAY['carafe','vessel']::text[], '{}', ARRAY['glass decanter','decant the wine']::text[]) ON CONFLICT ("id") DO NOTHING;

-- Topic: Restaurants - C2 (7 words)
INSERT INTO "Topic" ("id", "title", "subtitle", "description", "level", "wordCount", "estimatedTime", "category", "subcategory", "order", "topicGroupId") VALUES ('food-and-cooking-restaurants-c2', 'Restaurants - C2', 'Vocabulary about restaurants', 'Learn essential vocabulary about restaurants at C2 level.', 'C2', 7, 14, 'Food & Cooking', 'Restaurants', 5, 'sd1722ec9234d0de3c4fb') ON CONFLICT ("id") DO NOTHING;
INSERT INTO "VocabItem" ("id", "topicId", "word", "phonBr", "phonNAm", "meaning", "vietnameseMeaning", "partOfSpeech", "exampleSentence", "exampleTranslation", "synonyms", "antonyms", "collocations") VALUES ('food-and-cooking-restaurants-c2-trencherman', 'food-and-cooking-restaurants-c2', E'trencherman', E'/ˈtrɛntʃəmən/', E'/ˈtrɛntʃərmən/', E'A person who eats heartily and with great appetite.', E'người ăn khỏe, người có sức ăn lớn', 'noun', E'He is a notable trencherman, easily finishing the entire five-course tasting menu.', E'Anh ấy là một người có sức ăn đáng nể, dễ dàng hoàn thành toàn bộ thực đơn nếm thử năm món.', ARRAY['glutton','big eater']::text[], ARRAY['fussy eater']::text[], ARRAY['notable trencherman','prolific trencherman']::text[]) ON CONFLICT ("id") DO NOTHING;
INSERT INTO "VocabItem" ("id", "topicId", "word", "phonBr", "phonNAm", "meaning", "vietnameseMeaning", "partOfSpeech", "exampleSentence", "exampleTranslation", "synonyms", "antonyms", "collocations") VALUES ('food-and-cooking-restaurants-c2-amuse-bouche', 'food-and-cooking-restaurants-c2', E'amuse-bouche', E'/əˌmjuːz ˈbuːʃ/', E'/əˌmjuːz ˈbuːʃ/', E'A single, bite-sized hors d''oeuvre served before a meal to whet the appetite.', E'món khai vị nhỏ dùng thử', 'noun', E'The chef presented an amuse-bouche of chilled gazpacho to start our culinary journey.', E'Đầu bếp đã phục vụ một món khai vị nhỏ là súp gazpacho ướp lạnh để bắt đầu hành trình ẩm thực của chúng tôi.', ARRAY['starter','appetizer']::text[], '{}', ARRAY['delicate amuse-bouche','serve an amuse-bouche']::text[]) ON CONFLICT ("id") DO NOTHING;
INSERT INTO "VocabItem" ("id", "topicId", "word", "phonBr", "phonNAm", "meaning", "vietnameseMeaning", "partOfSpeech", "exampleSentence", "exampleTranslation", "synonyms", "antonyms", "collocations") VALUES ('food-and-cooking-restaurants-c2-scoff', 'food-and-cooking-restaurants-c2', E'scoff', E'/skɒf/', E'/skɑːf/', E'To eat something quickly and greedily.', E'ăn ngấu nghiến, ăn vội vàng', 'verb', E'After the long conference, the delegates proceeded to scoff the buffet leftovers.', E'Sau hội nghị kéo dài, các đại biểu đã nhanh chóng ăn ngấu nghiến phần thức ăn thừa tại tiệc buffet.', ARRAY['devour','gobble']::text[], ARRAY['nibble']::text[], ARRAY['scoff down','scoff greedily']::text[]) ON CONFLICT ("id") DO NOTHING;
INSERT INTO "VocabItem" ("id", "topicId", "word", "phonBr", "phonNAm", "meaning", "vietnameseMeaning", "partOfSpeech", "exampleSentence", "exampleTranslation", "synonyms", "antonyms", "collocations") VALUES ('food-and-cooking-restaurants-c2-refection', 'food-and-cooking-restaurants-c2', E'refection', E'/rɪˈfɛkʃən/', E'/rɪˈfɛkʃən/', E'A meal or light refreshment, especially one that is formal or communal.', E'bữa ăn nhẹ, sự bồi dưỡng', 'noun', E'The restaurant lounge provided a quiet space for a light refection after the theater performance.', E'Sảnh nhà hàng cung cấp một không gian yên tĩnh cho một bữa ăn nhẹ sau buổi biểu diễn sân khấu.', ARRAY['refreshment','repast']::text[], '{}', ARRAY['light refection','formal refection']::text[]) ON CONFLICT ("id") DO NOTHING;
INSERT INTO "VocabItem" ("id", "topicId", "word", "phonBr", "phonNAm", "meaning", "vietnameseMeaning", "partOfSpeech", "exampleSentence", "exampleTranslation", "synonyms", "antonyms", "collocations") VALUES ('food-and-cooking-restaurants-c2-conviviality', 'food-and-cooking-restaurants-c2', E'conviviality', E'/kənˌvɪviˈæləti/', E'/kənˌvɪviˈæləti/', E'The quality of being friendly, lively, and enjoyable in a social or dining setting.', E'sự vui vẻ, không khí thân mật', 'noun', E'The bistro is renowned for the conviviality of its atmosphere, making it a favorite local haunt.', E'Quán rượu nhỏ này nổi tiếng với không khí vui vẻ, thân mật, khiến nó trở thành địa điểm yêu thích của người dân địa phương.', ARRAY['gaiety','sociability']::text[], ARRAY['solemnity']::text[], ARRAY['shared conviviality','atmosphere of conviviality']::text[]) ON CONFLICT ("id") DO NOTHING;
INSERT INTO "VocabItem" ("id", "topicId", "word", "phonBr", "phonNAm", "meaning", "vietnameseMeaning", "partOfSpeech", "exampleSentence", "exampleTranslation", "synonyms", "antonyms", "collocations") VALUES ('food-and-cooking-restaurants-c2-decant', 'food-and-cooking-restaurants-c2', E'decant', E'/dɪˈkænt/', E'/dɪˈkænt/', E'To pour wine from its bottle into another container to separate it from sediment.', E'gạn rượu (để lắng cặn)', 'verb', E'It is essential to decant the aged red wine an hour before serving to let it breathe.', E'Việc gạn loại rượu vang đỏ lâu năm một giờ trước khi phục vụ để rượu thở là rất cần thiết.', ARRAY['pour','transfer']::text[], '{}', ARRAY['decant wine','properly decant']::text[]) ON CONFLICT ("id") DO NOTHING;
INSERT INTO "VocabItem" ("id", "topicId", "word", "phonBr", "phonNAm", "meaning", "vietnameseMeaning", "partOfSpeech", "exampleSentence", "exampleTranslation", "synonyms", "antonyms", "collocations") VALUES ('food-and-cooking-restaurants-c2-epicurean', 'food-and-cooking-restaurants-c2', E'epicurean', E'/ˌɛpɪkjʊˈriːən/', E'/ˌɛpɪkjʊˈriːən/', E'Devoted to sensual enjoyment, especially that derived from fine food and drink.', E'sành ăn, khoái lạc', 'adjective', E'The restaurant offers an epicurean experience that emphasizes seasonal ingredients and masterful techniques.', E'Nhà hàng mang đến một trải nghiệm sành ăn chú trọng vào nguyên liệu theo mùa và kỹ thuật điêu luyện.', ARRAY['gourmet','gastronomic']::text[], ARRAY['ascetic']::text[], ARRAY['epicurean delight','epicurean experience']::text[]) ON CONFLICT ("id") DO NOTHING;

-- Topic: Drinks & Beverages - A1 (8 words)
INSERT INTO "Topic" ("id", "title", "subtitle", "description", "level", "wordCount", "estimatedTime", "category", "subcategory", "order", "topicGroupId") VALUES ('food-and-cooking-drinks-and-beverages-a1', 'Drinks & Beverages - A1', 'Vocabulary about drinks & beverages', 'Learn essential vocabulary about drinks & beverages at A1 level.', 'A1', 8, 16, 'Food & Cooking', 'Drinks & Beverages', 0, 'sd1722ec9234d0de3c4fb') ON CONFLICT ("id") DO NOTHING;
INSERT INTO "VocabItem" ("id", "topicId", "word", "phonBr", "phonNAm", "meaning", "vietnameseMeaning", "partOfSpeech", "exampleSentence", "exampleTranslation", "synonyms", "antonyms", "collocations") VALUES ('food-and-cooking-drinks-and-beverages-a1-tea', 'food-and-cooking-drinks-and-beverages-a1', E'tea', E'/tiː/', E'/tiː/', E'a hot drink made by steeping dried leaves in water', E'trà', 'noun', E'I like to have tea in the morning.', E'Tôi thích uống trà vào buổi sáng.', ARRAY['green tea','black tea']::text[], '{}', ARRAY['hot tea','cup of tea']::text[]) ON CONFLICT ("id") DO NOTHING;
INSERT INTO "VocabItem" ("id", "topicId", "word", "phonBr", "phonNAm", "meaning", "vietnameseMeaning", "partOfSpeech", "exampleSentence", "exampleTranslation", "synonyms", "antonyms", "collocations") VALUES ('food-and-cooking-drinks-and-beverages-a1-juice', 'food-and-cooking-drinks-and-beverages-a1', E'juice', E'/dʒuːs/', E'/dʒuːs/', E'a liquid from fruit or vegetables', E'nước ép', 'noun', E'She drinks orange juice for breakfast.', E'Cô ấy uống nước cam vào bữa sáng.', ARRAY['nectar']::text[], '{}', ARRAY['orange juice','fresh juice']::text[]) ON CONFLICT ("id") DO NOTHING;
INSERT INTO "VocabItem" ("id", "topicId", "word", "phonBr", "phonNAm", "meaning", "vietnameseMeaning", "partOfSpeech", "exampleSentence", "exampleTranslation", "synonyms", "antonyms", "collocations") VALUES ('food-and-cooking-drinks-and-beverages-a1-soda', 'food-and-cooking-drinks-and-beverages-a1', E'soda', E'/ˈsəʊ.də/', E'/ˈsoʊ.də/', E'a sweet, fizzy carbonated drink', E'nước ngọt có ga', 'noun', E'Do you want a glass of soda?', E'Bạn có muốn một ly nước ngọt không?', ARRAY['fizzy drink','pop']::text[], '{}', ARRAY['can of soda','ice-cold soda']::text[]) ON CONFLICT ("id") DO NOTHING;
INSERT INTO "VocabItem" ("id", "topicId", "word", "phonBr", "phonNAm", "meaning", "vietnameseMeaning", "partOfSpeech", "exampleSentence", "exampleTranslation", "synonyms", "antonyms", "collocations") VALUES ('food-and-cooking-drinks-and-beverages-a1-cup', 'food-and-cooking-drinks-and-beverages-a1', E'cup', E'/kʌp/', E'/kʌp/', E'a small container used for drinking', E'cái tách, cái chén', 'noun', E'He holds a cup of tea in his hand.', E'Anh ấy cầm một tách trà trên tay.', ARRAY['mug']::text[], '{}', ARRAY['cup of tea','coffee cup']::text[]) ON CONFLICT ("id") DO NOTHING;
INSERT INTO "VocabItem" ("id", "topicId", "word", "phonBr", "phonNAm", "meaning", "vietnameseMeaning", "partOfSpeech", "exampleSentence", "exampleTranslation", "synonyms", "antonyms", "collocations") VALUES ('food-and-cooking-drinks-and-beverages-a1-glass', 'food-and-cooking-drinks-and-beverages-a1', E'glass', E'/ɡlɑːs/', E'/ɡlæs/', E'a clear container for drinking', E'cái ly', 'noun', E'Please pour some juice into the glass.', E'Vui lòng rót một ít nước ép vào ly.', ARRAY['tumbler']::text[], '{}', ARRAY['glass of water','empty glass']::text[]) ON CONFLICT ("id") DO NOTHING;
INSERT INTO "VocabItem" ("id", "topicId", "word", "phonBr", "phonNAm", "meaning", "vietnameseMeaning", "partOfSpeech", "exampleSentence", "exampleTranslation", "synonyms", "antonyms", "collocations") VALUES ('food-and-cooking-drinks-and-beverages-a1-pour', 'food-and-cooking-drinks-and-beverages-a1', E'pour', E'/pɔːr/', E'/pɔːr/', E'to make a liquid flow from a container', E'rót', 'verb', E'Can you pour me a glass of water?', E'Bạn có thể rót cho tôi một ly nước không?', ARRAY['fill']::text[], '{}', ARRAY['pour a drink','pour into']::text[]) ON CONFLICT ("id") DO NOTHING;
INSERT INTO "VocabItem" ("id", "topicId", "word", "phonBr", "phonNAm", "meaning", "vietnameseMeaning", "partOfSpeech", "exampleSentence", "exampleTranslation", "synonyms", "antonyms", "collocations") VALUES ('food-and-cooking-drinks-and-beverages-a1-ice', 'food-and-cooking-drinks-and-beverages-a1', E'ice', E'/aɪs/', E'/aɪs/', E'frozen water', E'đá', 'noun', E'I would like my soda with ice.', E'Tôi muốn uống nước ngọt với đá.', ARRAY['frozen water']::text[], '{}', ARRAY['ice cube','with ice']::text[]) ON CONFLICT ("id") DO NOTHING;
INSERT INTO "VocabItem" ("id", "topicId", "word", "phonBr", "phonNAm", "meaning", "vietnameseMeaning", "partOfSpeech", "exampleSentence", "exampleTranslation", "synonyms", "antonyms", "collocations") VALUES ('food-and-cooking-drinks-and-beverages-a1-sweet', 'food-and-cooking-drinks-and-beverages-a1', E'sweet', E'/swiːt/', E'/swiːt/', E'having a taste like sugar', E'ngọt', 'adjective', E'This juice is very sweet.', E'Nước ép này rất ngọt.', ARRAY['sugary']::text[], ARRAY['bitter']::text[], ARRAY['sweet drink','sweet tea']::text[]) ON CONFLICT ("id") DO NOTHING;

-- Topic: Drinks & Beverages - A2 (5 words)
INSERT INTO "Topic" ("id", "title", "subtitle", "description", "level", "wordCount", "estimatedTime", "category", "subcategory", "order", "topicGroupId") VALUES ('food-and-cooking-drinks-and-beverages-a2', 'Drinks & Beverages - A2', 'Vocabulary about drinks & beverages', 'Learn essential vocabulary about drinks & beverages at A2 level.', 'A2', 5, 10, 'Food & Cooking', 'Drinks & Beverages', 1, 'sd1722ec9234d0de3c4fb') ON CONFLICT ("id") DO NOTHING;
INSERT INTO "VocabItem" ("id", "topicId", "word", "phonBr", "phonNAm", "meaning", "vietnameseMeaning", "partOfSpeech", "exampleSentence", "exampleTranslation", "synonyms", "antonyms", "collocations") VALUES ('food-and-cooking-drinks-and-beverages-a2-smoothie', 'food-and-cooking-drinks-and-beverages-a2', E'smoothie', E'/ˈsmuːði/', E'/ˈsmuːði/', E'a thick, cold drink made of fruit mixed with milk or yogurt', E'sinh tố', 'noun', E'A strawberry smoothie is a great healthy snack.', E'Một ly sinh tố dâu tây là món ăn nhẹ lành mạnh tuyệt vời.', ARRAY['shake']::text[], '{}', ARRAY['fruit smoothie','strawberry smoothie']::text[]) ON CONFLICT ("id") DO NOTHING;
INSERT INTO "VocabItem" ("id", "topicId", "word", "phonBr", "phonNAm", "meaning", "vietnameseMeaning", "partOfSpeech", "exampleSentence", "exampleTranslation", "synonyms", "antonyms", "collocations") VALUES ('food-and-cooking-drinks-and-beverages-a2-sip', 'food-and-cooking-drinks-and-beverages-a2', E'sip', E'/sɪp/', E'/sɪp/', E'to drink something by taking very small amounts', E'nhấp môi, uống từng ngụm nhỏ', 'verb', E'She likes to sip her hot chocolate slowly.', E'Cô ấy thích nhấp từng ngụm sô cô la nóng thật chậm rãi.', ARRAY['taste']::text[], ARRAY['gulp']::text[], ARRAY['sip slowly','take a sip']::text[]) ON CONFLICT ("id") DO NOTHING;
INSERT INTO "VocabItem" ("id", "topicId", "word", "phonBr", "phonNAm", "meaning", "vietnameseMeaning", "partOfSpeech", "exampleSentence", "exampleTranslation", "synonyms", "antonyms", "collocations") VALUES ('food-and-cooking-drinks-and-beverages-a2-lemonade', 'food-and-cooking-drinks-and-beverages-a2', E'lemonade', E'/ˌleməˈneɪd/', E'/ˌleməˈneɪd/', E'a drink made of lemon juice, water, and sugar', E'nước chanh', 'noun', E'Cold lemonade is very refreshing on a hot day.', E'Nước chanh lạnh rất sảng khoái vào một ngày nóng bức.', ARRAY['limeade']::text[], '{}', ARRAY['fresh lemonade','glass of lemonade']::text[]) ON CONFLICT ("id") DO NOTHING;
INSERT INTO "VocabItem" ("id", "topicId", "word", "phonBr", "phonNAm", "meaning", "vietnameseMeaning", "partOfSpeech", "exampleSentence", "exampleTranslation", "synonyms", "antonyms", "collocations") VALUES ('food-and-cooking-drinks-and-beverages-a2-mug', 'food-and-cooking-drinks-and-beverages-a2', E'mug', E'/mʌɡ/', E'/mʌɡ/', E'a large cup with a handle, usually for hot drinks', E'cái cốc lớn (có quai)', 'noun', E'He held a warm mug of tea in his hands.', E'Anh ấy cầm một chiếc cốc trà nóng trên tay.', ARRAY['cup']::text[], '{}', ARRAY['coffee mug','large mug']::text[]) ON CONFLICT ("id") DO NOTHING;
INSERT INTO "VocabItem" ("id", "topicId", "word", "phonBr", "phonNAm", "meaning", "vietnameseMeaning", "partOfSpeech", "exampleSentence", "exampleTranslation", "synonyms", "antonyms", "collocations") VALUES ('food-and-cooking-drinks-and-beverages-a2-bottle', 'food-and-cooking-drinks-and-beverages-a2', E'bottle', E'/ˈbɒtl/', E'/ˈbɑːtl/', E'a container with a narrow neck, used for storing liquids', E'cái chai', 'noun', E'Can you pass me that bottle of water?', E'Bạn có thể đưa cho tôi chai nước đó được không?', ARRAY['flask']::text[], '{}', ARRAY['water bottle','plastic bottle']::text[]) ON CONFLICT ("id") DO NOTHING;

-- Topic: Drinks & Beverages - B1 (7 words)
INSERT INTO "Topic" ("id", "title", "subtitle", "description", "level", "wordCount", "estimatedTime", "category", "subcategory", "order", "topicGroupId") VALUES ('food-and-cooking-drinks-and-beverages-b1', 'Drinks & Beverages - B1', 'Vocabulary about drinks & beverages', 'Learn essential vocabulary about drinks & beverages at B1 level.', 'B1', 7, 14, 'Food & Cooking', 'Drinks & Beverages', 2, 'sd1722ec9234d0de3c4fb') ON CONFLICT ("id") DO NOTHING;
INSERT INTO "VocabItem" ("id", "topicId", "word", "phonBr", "phonNAm", "meaning", "vietnameseMeaning", "partOfSpeech", "exampleSentence", "exampleTranslation", "synonyms", "antonyms", "collocations") VALUES ('food-and-cooking-drinks-and-beverages-b1-refreshment', 'food-and-cooking-drinks-and-beverages-b1', E'refreshment', E'/rɪˈfreʃmənt/', E'/rɪˈfreʃmənt/', E'a snack or light drink provided at an event', E'đồ ăn nhẹ hoặc nước uống giải khát', 'noun', E'We served some light refreshments during the break.', E'Chúng tôi đã phục vụ một ít đồ giải khát trong giờ nghỉ.', ARRAY['snack','tonic']::text[], '{}', ARRAY['serve refreshments','light refreshments']::text[]) ON CONFLICT ("id") DO NOTHING;
INSERT INTO "VocabItem" ("id", "topicId", "word", "phonBr", "phonNAm", "meaning", "vietnameseMeaning", "partOfSpeech", "exampleSentence", "exampleTranslation", "synonyms", "antonyms", "collocations") VALUES ('food-and-cooking-drinks-and-beverages-b1-fizzy', 'food-and-cooking-drinks-and-beverages-b1', E'fizzy', E'/ˈfɪzi/', E'/ˈfɪzi/', E'having bubbles of gas in a liquid', E'có ga, sủi bọt', 'adjective', E'Children often prefer fizzy drinks like soda.', E'Trẻ em thường thích các loại đồ uống có ga như nước ngọt.', ARRAY['carbonated','sparkling']::text[], ARRAY['still']::text[], ARRAY['fizzy drink','fizzy water']::text[]) ON CONFLICT ("id") DO NOTHING;
INSERT INTO "VocabItem" ("id", "topicId", "word", "phonBr", "phonNAm", "meaning", "vietnameseMeaning", "partOfSpeech", "exampleSentence", "exampleTranslation", "synonyms", "antonyms", "collocations") VALUES ('food-and-cooking-drinks-and-beverages-b1-brew', 'food-and-cooking-drinks-and-beverages-b1', E'brew', E'/bruː/', E'/bruː/', E'to make a hot drink like tea or coffee by mixing it with hot water', E'pha (trà, cà phê)', 'verb', E'He went to the kitchen to brew a fresh pot of coffee.', E'Anh ấy đi vào bếp để pha một bình cà phê mới.', ARRAY['infuse','prepare']::text[], '{}', ARRAY['brew coffee','freshly brewed']::text[]) ON CONFLICT ("id") DO NOTHING;
INSERT INTO "VocabItem" ("id", "topicId", "word", "phonBr", "phonNAm", "meaning", "vietnameseMeaning", "partOfSpeech", "exampleSentence", "exampleTranslation", "synonyms", "antonyms", "collocations") VALUES ('food-and-cooking-drinks-and-beverages-b1-caffeine', 'food-and-cooking-drinks-and-beverages-b1', E'caffeine', E'/ˈkæfiːn/', E'/ˈkæfiːn/', E'a substance found in tea and coffee that makes you feel more active', E'chất caffein', 'noun', E'Too much caffeine can make it difficult to sleep at night.', E'Quá nhiều caffein có thể khiến bạn khó ngủ vào ban đêm.', ARRAY['stimulant']::text[], '{}', ARRAY['caffeine intake','caffeine-free']::text[]) ON CONFLICT ("id") DO NOTHING;
INSERT INTO "VocabItem" ("id", "topicId", "word", "phonBr", "phonNAm", "meaning", "vietnameseMeaning", "partOfSpeech", "exampleSentence", "exampleTranslation", "synonyms", "antonyms", "collocations") VALUES ('food-and-cooking-drinks-and-beverages-b1-dilute', 'food-and-cooking-drinks-and-beverages-b1', E'dilute', E'/daɪˈluːt/', E'/daɪˈluːt/', E'to make a liquid thinner or weaker by adding water', E'pha loãng', 'verb', E'You should dilute the fruit juice with water before giving it to the child.', E'Bạn nên pha loãng nước trái cây với nước lọc trước khi cho trẻ uống.', ARRAY['water down','weaken']::text[], ARRAY['concentrate']::text[], ARRAY['dilute with water','highly diluted']::text[]) ON CONFLICT ("id") DO NOTHING;
INSERT INTO "VocabItem" ("id", "topicId", "word", "phonBr", "phonNAm", "meaning", "vietnameseMeaning", "partOfSpeech", "exampleSentence", "exampleTranslation", "synonyms", "antonyms", "collocations") VALUES ('food-and-cooking-drinks-and-beverages-b1-iced', 'food-and-cooking-drinks-and-beverages-b1', E'iced', E'/aɪst/', E'/aɪst/', E'served cold with ice', E'được ướp lạnh, có đá', 'adjective', E'I prefer iced tea instead of coffee on a hot summer day.', E'Tôi thích trà đá hơn là cà phê vào một ngày hè nóng bức.', ARRAY['chilled','frozen']::text[], ARRAY['steaming']::text[], ARRAY['iced coffee','iced tea']::text[]) ON CONFLICT ("id") DO NOTHING;
INSERT INTO "VocabItem" ("id", "topicId", "word", "phonBr", "phonNAm", "meaning", "vietnameseMeaning", "partOfSpeech", "exampleSentence", "exampleTranslation", "synonyms", "antonyms", "collocations") VALUES ('food-and-cooking-drinks-and-beverages-b1-tap', 'food-and-cooking-drinks-and-beverages-b1', E'tap', E'/tæp/', E'/tæp/', E'water that comes from a pipe in the house', E'nước vòi, nước máy', 'noun', E'Is it safe to drink water straight from the tap here?', E'Uống nước trực tiếp từ vòi ở đây có an toàn không?', ARRAY['faucet water']::text[], '{}', ARRAY['tap water','turn on the tap']::text[]) ON CONFLICT ("id") DO NOTHING;

-- Topic: Drinks & Beverages - B2 (6 words)
INSERT INTO "Topic" ("id", "title", "subtitle", "description", "level", "wordCount", "estimatedTime", "category", "subcategory", "order", "topicGroupId") VALUES ('food-and-cooking-drinks-and-beverages-b2', 'Drinks & Beverages - B2', 'Vocabulary about drinks & beverages', 'Learn essential vocabulary about drinks & beverages at B2 level.', 'B2', 6, 12, 'Food & Cooking', 'Drinks & Beverages', 3, 'sd1722ec9234d0de3c4fb') ON CONFLICT ("id") DO NOTHING;
INSERT INTO "VocabItem" ("id", "topicId", "word", "phonBr", "phonNAm", "meaning", "vietnameseMeaning", "partOfSpeech", "exampleSentence", "exampleTranslation", "synonyms", "antonyms", "collocations") VALUES ('food-and-cooking-drinks-and-beverages-b2-intoxicating', 'food-and-cooking-drinks-and-beverages-b2', E'intoxicating', E'/ɪnˈtɒk.sɪ.keɪ.tɪŋ/', E'/ɪnˈtɑːk.sə.keɪ.t̬ɪŋ/', E'containing alcohol that can make you feel drunk', E'có chất gây say, có cồn', 'adjective', E'The guests were offered a variety of intoxicating beverages at the wedding reception.', E'Các vị khách được mời nhiều loại đồ uống có cồn tại tiệc cưới.', ARRAY['alcoholic','inebriating']::text[], ARRAY['non-alcoholic']::text[], ARRAY['intoxicating beverage','intoxicating liquor']::text[]) ON CONFLICT ("id") DO NOTHING;
INSERT INTO "VocabItem" ("id", "topicId", "word", "phonBr", "phonNAm", "meaning", "vietnameseMeaning", "partOfSpeech", "exampleSentence", "exampleTranslation", "synonyms", "antonyms", "collocations") VALUES ('food-and-cooking-drinks-and-beverages-b2-quench', 'food-and-cooking-drinks-and-beverages-b2', E'quench', E'/kwentʃ/', E'/kwentʃ/', E'to drink something to stop yourself from being thirsty', E'giải khát', 'verb', E'Nothing quenches my thirst like an ice-cold lemonade on a hot summer day.', E'Không gì giải khát bằng một ly nước chanh đá lạnh vào ngày hè oi ả.', ARRAY['slake','satisfy']::text[], '{}', ARRAY['quench thirst','thirst-quenching']::text[]) ON CONFLICT ("id") DO NOTHING;
INSERT INTO "VocabItem" ("id", "topicId", "word", "phonBr", "phonNAm", "meaning", "vietnameseMeaning", "partOfSpeech", "exampleSentence", "exampleTranslation", "synonyms", "antonyms", "collocations") VALUES ('food-and-cooking-drinks-and-beverages-b2-decaffeinated', 'food-and-cooking-drinks-and-beverages-b2', E'decaffeinated', E'/ˌdiːˈkæf.ɪ.neɪ.tɪd/', E'/ˌdiːˈkæf.ə.neɪ.t̬ɪd/', E'having the caffeine removed', E'đã loại bỏ caffeine', 'adjective', E'I usually order a decaffeinated coffee in the evening to avoid sleeplessness.', E'Tôi thường gọi cà phê đã loại bỏ caffeine vào buổi tối để tránh mất ngủ.', ARRAY['decaf']::text[], ARRAY['caffeinated']::text[], ARRAY['decaffeinated coffee','decaffeinated tea']::text[]) ON CONFLICT ("id") DO NOTHING;
INSERT INTO "VocabItem" ("id", "topicId", "word", "phonBr", "phonNAm", "meaning", "vietnameseMeaning", "partOfSpeech", "exampleSentence", "exampleTranslation", "synonyms", "antonyms", "collocations") VALUES ('food-and-cooking-drinks-and-beverages-b2-connoisseur', 'food-and-cooking-drinks-and-beverages-b2', E'connoisseur', E'/ˌkɒn.əˈsɜːr/', E'/ˌkɑː.nəˈsɜːr/', E'a person who knows a lot about a particular subject like wine or tea', E'người sành sỏi (về rượu, trà)', 'noun', E'As a wine connoisseur, he could identify the vintage just by the smell.', E'Là một người sành rượu, anh ấy có thể nhận ra năm sản xuất chỉ bằng mùi hương.', ARRAY['expert','aficionado']::text[], ARRAY['amateur']::text[], ARRAY['wine connoisseur','coffee connoisseur']::text[]) ON CONFLICT ("id") DO NOTHING;
INSERT INTO "VocabItem" ("id", "topicId", "word", "phonBr", "phonNAm", "meaning", "vietnameseMeaning", "partOfSpeech", "exampleSentence", "exampleTranslation", "synonyms", "antonyms", "collocations") VALUES ('food-and-cooking-drinks-and-beverages-b2-carbonated', 'food-and-cooking-drinks-and-beverages-b2', E'carbonated', E'/ˈkɑː.bə.neɪ.tɪd/', E'/ˈkɑːr.bə.neɪ.t̬ɪd/', E'containing small bubbles of carbon dioxide gas', E'có ga', 'adjective', E'Many people try to limit their intake of carbonated soft drinks for health reasons.', E'Nhiều người cố gắng hạn chế lượng nước ngọt có ga vì lý do sức khỏe.', ARRAY['fizzy','sparkling']::text[], ARRAY['still']::text[], ARRAY['carbonated drink','carbonated water']::text[]) ON CONFLICT ("id") DO NOTHING;
INSERT INTO "VocabItem" ("id", "topicId", "word", "phonBr", "phonNAm", "meaning", "vietnameseMeaning", "partOfSpeech", "exampleSentence", "exampleTranslation", "synonyms", "antonyms", "collocations") VALUES ('food-and-cooking-drinks-and-beverages-b2-infusion', 'food-and-cooking-drinks-and-beverages-b2', E'infusion', E'/ɪnˈfjuː.ʒən/', E'/ɪnˈfjuː.ʒən/', E'a drink made by soaking herbs or tea leaves in hot water', E'trà thảo mộc, nước hãm', 'noun', E'This herbal infusion is known for its calming properties.', E'Loại trà thảo mộc này nổi tiếng với đặc tính giúp thư giãn.', ARRAY['brew','tisane']::text[], '{}', ARRAY['herbal infusion','fruit infusion']::text[]) ON CONFLICT ("id") DO NOTHING;

-- Topic: Drinks & Beverages - C1 (5 words)
INSERT INTO "Topic" ("id", "title", "subtitle", "description", "level", "wordCount", "estimatedTime", "category", "subcategory", "order", "topicGroupId") VALUES ('food-and-cooking-drinks-and-beverages-c1', 'Drinks & Beverages - C1', 'Vocabulary about drinks & beverages', 'Learn essential vocabulary about drinks & beverages at C1 level.', 'C1', 5, 10, 'Food & Cooking', 'Drinks & Beverages', 4, 'sd1722ec9234d0de3c4fb') ON CONFLICT ("id") DO NOTHING;
INSERT INTO "VocabItem" ("id", "topicId", "word", "phonBr", "phonNAm", "meaning", "vietnameseMeaning", "partOfSpeech", "exampleSentence", "exampleTranslation", "synonyms", "antonyms", "collocations") VALUES ('food-and-cooking-drinks-and-beverages-c1-imbue', 'food-and-cooking-drinks-and-beverages-c1', E'imbue', E'/ɪmˈbjuː/', E'/ɪmˈbjuː/', E'to soak or saturate with a particular quality or flavor', E'thấm đẫm, ngấm', 'verb', E'They imbue the tea leaves with jasmine blossoms to create a fragrant scent.', E'Họ ướp hoa nhài vào lá trà để tạo nên hương thơm ngát.', ARRAY['infuse','permeate']::text[], '{}', ARRAY['imbue with flavor','imbue with essence']::text[]) ON CONFLICT ("id") DO NOTHING;
INSERT INTO "VocabItem" ("id", "topicId", "word", "phonBr", "phonNAm", "meaning", "vietnameseMeaning", "partOfSpeech", "exampleSentence", "exampleTranslation", "synonyms", "antonyms", "collocations") VALUES ('food-and-cooking-drinks-and-beverages-c1-effervescent', 'food-and-cooking-drinks-and-beverages-c1', E'effervescent', E'/ˌef.əˈves.ənt/', E'/ˌef.ɚˈves.ənt/', E'bubbling, hissing, and foaming as gas escapes', E'sủi bọt, có ga', 'adjective', E'The sommelier recommended an effervescent wine to pair with the light appetizer.', E'Chuyên gia rượu vang gợi ý một loại vang sủi để dùng kèm với món khai vị nhẹ.', ARRAY['fizzy','sparkling']::text[], ARRAY['still']::text[], ARRAY['effervescent wine','effervescent mineral water']::text[]) ON CONFLICT ("id") DO NOTHING;
INSERT INTO "VocabItem" ("id", "topicId", "word", "phonBr", "phonNAm", "meaning", "vietnameseMeaning", "partOfSpeech", "exampleSentence", "exampleTranslation", "synonyms", "antonyms", "collocations") VALUES ('food-and-cooking-drinks-and-beverages-c1-intoxicant', 'food-and-cooking-drinks-and-beverages-c1', E'intoxicant', E'/ɪnˈtɒk.sɪ.kənt/', E'/ɪnˈtɑːk.sɪ.kənt/', E'a substance, especially a drink, that causes someone to lose control of their physical and mental faculties', E'chất gây say', 'noun', E'The local laws strictly regulate the sale of any potent intoxicant in public venues.', E'Luật địa phương quy định nghiêm ngặt việc bán bất kỳ loại chất gây say mạnh nào tại các địa điểm công cộng.', ARRAY['stimulant','alcohol']::text[], '{}', ARRAY['potent intoxicant','mild intoxicant']::text[]) ON CONFLICT ("id") DO NOTHING;
INSERT INTO "VocabItem" ("id", "topicId", "word", "phonBr", "phonNAm", "meaning", "vietnameseMeaning", "partOfSpeech", "exampleSentence", "exampleTranslation", "synonyms", "antonyms", "collocations") VALUES ('food-and-cooking-drinks-and-beverages-c1-slurp', 'food-and-cooking-drinks-and-beverages-c1', E'slurp', E'/slɜːp/', E'/slɝːp/', E'to drink or eat something with a loud, sucking noise', E'húp sùm sụp', 'verb', E'It is considered impolite to slurp your soup or tea in formal Western dining settings.', E'Việc húp sùm sụp khi uống trà hoặc ăn súp bị coi là thiếu lịch sự trong các buổi ăn uống trang trọng ở phương Tây.', ARRAY['lap','gulp']::text[], '{}', ARRAY['slurp noisily','audible slurp']::text[]) ON CONFLICT ("id") DO NOTHING;
INSERT INTO "VocabItem" ("id", "topicId", "word", "phonBr", "phonNAm", "meaning", "vietnameseMeaning", "partOfSpeech", "exampleSentence", "exampleTranslation", "synonyms", "antonyms", "collocations") VALUES ('food-and-cooking-drinks-and-beverages-c1-astringent', 'food-and-cooking-drinks-and-beverages-c1', E'astringent', E'/əˈstrɪn.dʒənt/', E'/əˈstrɪn.dʒənt/', E'having a sharp, bitter, or drying taste, often associated with tannins in tea or wine', E'chát', 'adjective', E'The young red wine had an astringent quality that lingered on the tongue.', E'Loại rượu vang đỏ trẻ này có vị chát đọng lại trên đầu lưỡi.', ARRAY['sharp','bitter']::text[], ARRAY['mellow']::text[], ARRAY['astringent taste','astringent tannins']::text[]) ON CONFLICT ("id") DO NOTHING;

-- Topic: Drinks & Beverages - C2 (8 words)
INSERT INTO "Topic" ("id", "title", "subtitle", "description", "level", "wordCount", "estimatedTime", "category", "subcategory", "order", "topicGroupId") VALUES ('food-and-cooking-drinks-and-beverages-c2', 'Drinks & Beverages - C2', 'Vocabulary about drinks & beverages', 'Learn essential vocabulary about drinks & beverages at C2 level.', 'C2', 8, 16, 'Food & Cooking', 'Drinks & Beverages', 5, 'sd1722ec9234d0de3c4fb') ON CONFLICT ("id") DO NOTHING;
INSERT INTO "VocabItem" ("id", "topicId", "word", "phonBr", "phonNAm", "meaning", "vietnameseMeaning", "partOfSpeech", "exampleSentence", "exampleTranslation", "synonyms", "antonyms", "collocations") VALUES ('food-and-cooking-drinks-and-beverages-c2-libation', 'food-and-cooking-drinks-and-beverages-c2', E'libation', E'/laɪˈbeɪʃn/', E'/laɪˈbeɪʃn/', E'a drink, especially an alcoholic one, often poured as an offering to a deity or in celebration.', E'đồ uống có cồn (thường dùng trong bối cảnh trang trọng hoặc nghi lễ)', 'noun', E'The guests raised their glasses to offer a final libation before the ceremony concluded.', E'Các vị khách nâng ly để dâng một ly rượu cuối cùng trước khi buổi lễ kết thúc.', ARRAY['beverage','potation']::text[], '{}', ARRAY['pour a libation','alcoholic libation']::text[]) ON CONFLICT ("id") DO NOTHING;
INSERT INTO "VocabItem" ("id", "topicId", "word", "phonBr", "phonNAm", "meaning", "vietnameseMeaning", "partOfSpeech", "exampleSentence", "exampleTranslation", "synonyms", "antonyms", "collocations") VALUES ('food-and-cooking-drinks-and-beverages-c2-quaff', 'food-and-cooking-drinks-and-beverages-c2', E'quaff', E'/kwɒf/', E'/kwɑːf/', E'to drink something, especially an alcoholic drink, heartily or in large quantities.', E'uống ừng ực, uống cạn một hơi', 'verb', E'After the long hike, they sat at the tavern to quaff mugs of cold ale.', E'Sau chuyến đi bộ dài, họ ngồi tại quán rượu để uống cạn những vại bia lạnh.', ARRAY['gulp','imbibe']::text[], ARRAY['sip']::text[], ARRAY['quaff a drink','heartily quaff']::text[]) ON CONFLICT ("id") DO NOTHING;
INSERT INTO "VocabItem" ("id", "topicId", "word", "phonBr", "phonNAm", "meaning", "vietnameseMeaning", "partOfSpeech", "exampleSentence", "exampleTranslation", "synonyms", "antonyms", "collocations") VALUES ('food-and-cooking-drinks-and-beverages-c2-tisane', 'food-and-cooking-drinks-and-beverages-c2', E'tisane', E'/tɪˈzæn/', E'/tɪˈzɑːn/', E'an herbal infusion made by steeping parts of plants in boiling water, excluding tea leaves.', E'trà thảo mộc', 'noun', E'She prefers a calming chamomile tisane before bed to help her relax.', E'Cô ấy thích một ly trà thảo mộc hoa cúc êm dịu trước khi đi ngủ để giúp thư giãn.', ARRAY['herbal tea','infusion']::text[], '{}', ARRAY['chamomile tisane','brewed tisane']::text[]) ON CONFLICT ("id") DO NOTHING;
INSERT INTO "VocabItem" ("id", "topicId", "word", "phonBr", "phonNAm", "meaning", "vietnameseMeaning", "partOfSpeech", "exampleSentence", "exampleTranslation", "synonyms", "antonyms", "collocations") VALUES ('food-and-cooking-drinks-and-beverages-c2-imbibe', 'food-and-cooking-drinks-and-beverages-c2', E'imbibe', E'/ɪmˈbaɪb/', E'/ɪmˈbaɪb/', E'to drink alcohol, or formally, to absorb or take in moisture or knowledge.', E'uống (thường là rượu), tiếp thu', 'verb', E'He does not imbibe, preferring to stick to sparkling mineral water at social gatherings.', E'Anh ấy không uống rượu, thích dùng nước khoáng có ga hơn tại các buổi tụ tập xã hội.', ARRAY['consume','drink']::text[], ARRAY['abstain']::text[], ARRAY['imbibe alcohol','imbibe spirits']::text[]) ON CONFLICT ("id") DO NOTHING;
INSERT INTO "VocabItem" ("id", "topicId", "word", "phonBr", "phonNAm", "meaning", "vietnameseMeaning", "partOfSpeech", "exampleSentence", "exampleTranslation", "synonyms", "antonyms", "collocations") VALUES ('food-and-cooking-drinks-and-beverages-c2-nectar', 'food-and-cooking-drinks-and-beverages-c2', E'nectar', E'/ˈnektə(r)/', E'/ˈnektər/', E'a delicious or sweet drink, often metaphorically used to describe a very enjoyable beverage.', E'thức uống ngọt ngào, mật hoa', 'noun', E'The chilled peach juice was pure nectar on such a sweltering summer afternoon.', E'Nước ép đào ướp lạnh ngon như mật ngọt vào một buổi chiều hè nóng nực như vậy.', ARRAY['ambrosia','sweet drink']::text[], '{}', ARRAY['sweet nectar','divine nectar']::text[]) ON CONFLICT ("id") DO NOTHING;
INSERT INTO "VocabItem" ("id", "topicId", "word", "phonBr", "phonNAm", "meaning", "vietnameseMeaning", "partOfSpeech", "exampleSentence", "exampleTranslation", "synonyms", "antonyms", "collocations") VALUES ('food-and-cooking-drinks-and-beverages-c2-potable', 'food-and-cooking-drinks-and-beverages-c2', E'potable', E'/ˈpəʊtəbl/', E'/ˈpoʊtəbl/', E'safe or suitable for drinking.', E'có thể uống được, an toàn để uống', 'adjective', E'The expedition team struggled to find a reliable source of potable water in the remote mountains.', E'Đội thám hiểm đã rất chật vật để tìm một nguồn nước uống an toàn trên những ngọn núi hẻo lánh.', ARRAY['drinkable','safe']::text[], ARRAY['non-potable']::text[], ARRAY['potable water','potable liquid']::text[]) ON CONFLICT ("id") DO NOTHING;
INSERT INTO "VocabItem" ("id", "topicId", "word", "phonBr", "phonNAm", "meaning", "vietnameseMeaning", "partOfSpeech", "exampleSentence", "exampleTranslation", "synonyms", "antonyms", "collocations") VALUES ('food-and-cooking-drinks-and-beverages-c2-dram', 'food-and-cooking-drinks-and-beverages-c2', E'dram', E'/dræm/', E'/dræm/', E'a small drink of whiskey or other spirits.', E'một ngụm nhỏ rượu mạnh', 'noun', E'The old man enjoyed a small dram of scotch by the fireplace every evening.', E'Ông lão thích thưởng thức một ngụm nhỏ rượu scotch bên lò sưởi mỗi buổi tối.', ARRAY['nip','shot']::text[], '{}', ARRAY['a dram of whisky','small dram']::text[]) ON CONFLICT ("id") DO NOTHING;
INSERT INTO "VocabItem" ("id", "topicId", "word", "phonBr", "phonNAm", "meaning", "vietnameseMeaning", "partOfSpeech", "exampleSentence", "exampleTranslation", "synonyms", "antonyms", "collocations") VALUES ('food-and-cooking-drinks-and-beverages-c2-slake', 'food-and-cooking-drinks-and-beverages-c2', E'slake', E'/sleɪk/', E'/sleɪk/', E'to satisfy a thirst by drinking.', E'giải khát', 'verb', E'Nothing could slake his thirst after the marathon quite like a glass of ice-cold lemonade.', E'Không gì có thể giải khát cho anh ấy sau cuộc chạy marathon bằng một ly nước chanh đá lạnh.', ARRAY['quench','satisfy']::text[], '{}', ARRAY['slake thirst','fully slake']::text[]) ON CONFLICT ("id") DO NOTHING;

-- ══════════════════════════════════════════════════
-- VOCAB: Law & Society
-- ══════════════════════════════════════════════════
INSERT INTO "TopicGroup" ("id", "name", "order", "hubType", "subcategories") VALUES ('s660e4ba887a05dc31f4e', 'Law & Society', 10, 'vocab', ARRAY['Crime & Justice','Government','Rights & Duties','Social Issues']::text[]) ON CONFLICT ("name", "hubType") DO NOTHING;

-- Topic: Crime & Justice - A1 (9 words)
INSERT INTO "Topic" ("id", "title", "subtitle", "description", "level", "wordCount", "estimatedTime", "category", "subcategory", "order", "topicGroupId") VALUES ('law-and-society-crime-and-justice-a1', 'Crime & Justice - A1', 'Vocabulary about crime & justice', 'Learn essential vocabulary about crime & justice at A1 level.', 'A1', 9, 18, 'Law & Society', 'Crime & Justice', 0, 's660e4ba887a05dc31f4e') ON CONFLICT ("id") DO NOTHING;
INSERT INTO "VocabItem" ("id", "topicId", "word", "phonBr", "phonNAm", "meaning", "vietnameseMeaning", "partOfSpeech", "exampleSentence", "exampleTranslation", "synonyms", "antonyms", "collocations") VALUES ('law-and-society-crime-and-justice-a1-law', 'law-and-society-crime-and-justice-a1', E'law', E'/lɔː/', E'/lɔ/', E'a rule made by the government', E'luật pháp', 'noun', E'We must follow the law.', E'Chúng ta phải tuân theo luật pháp.', ARRAY['rule','regulation']::text[], '{}', ARRAY['break the law','obey the law']::text[]) ON CONFLICT ("id") DO NOTHING;
INSERT INTO "VocabItem" ("id", "topicId", "word", "phonBr", "phonNAm", "meaning", "vietnameseMeaning", "partOfSpeech", "exampleSentence", "exampleTranslation", "synonyms", "antonyms", "collocations") VALUES ('law-and-society-crime-and-justice-a1-crime', 'law-and-society-crime-and-justice-a1', E'crime', E'/kraɪm/', E'/kraɪm/', E'an illegal act', E'tội phạm', 'noun', E'Stealing is a crime.', E'Trộm cắp là một tội phạm.', ARRAY['offense']::text[], '{}', ARRAY['commit a crime','fight crime']::text[]) ON CONFLICT ("id") DO NOTHING;
INSERT INTO "VocabItem" ("id", "topicId", "word", "phonBr", "phonNAm", "meaning", "vietnameseMeaning", "partOfSpeech", "exampleSentence", "exampleTranslation", "synonyms", "antonyms", "collocations") VALUES ('law-and-society-crime-and-justice-a1-bad', 'law-and-society-crime-and-justice-a1', E'bad', E'/bæd/', E'/bæd/', E'not good or against the rules', E'xấu, tồi tệ', 'adjective', E'Doing bad things is wrong.', E'Làm những điều xấu là sai trái.', ARRAY['evil','wrong']::text[], ARRAY['good']::text[], ARRAY['bad behavior','bad person']::text[]) ON CONFLICT ("id") DO NOTHING;
INSERT INTO "VocabItem" ("id", "topicId", "word", "phonBr", "phonNAm", "meaning", "vietnameseMeaning", "partOfSpeech", "exampleSentence", "exampleTranslation", "synonyms", "antonyms", "collocations") VALUES ('law-and-society-crime-and-justice-a1-police', 'law-and-society-crime-and-justice-a1', E'police', E'/pəˈliːs/', E'/pəˈliːs/', E'the people who catch criminals', E'cảnh sát', 'noun', E'The police help people.', E'Cảnh sát giúp đỡ mọi người.', ARRAY['officers']::text[], '{}', ARRAY['call the police','police officer']::text[]) ON CONFLICT ("id") DO NOTHING;
INSERT INTO "VocabItem" ("id", "topicId", "word", "phonBr", "phonNAm", "meaning", "vietnameseMeaning", "partOfSpeech", "exampleSentence", "exampleTranslation", "synonyms", "antonyms", "collocations") VALUES ('law-and-society-crime-and-justice-a1-wrong', 'law-and-society-crime-and-justice-a1', E'wrong', E'/rɒŋ/', E'/rɔːŋ/', E'not right or illegal', E'sai trái', 'adjective', E'It is wrong to hurt others.', E'Làm tổn thương người khác là sai trái.', ARRAY['incorrect','illegal']::text[], ARRAY['right']::text[], ARRAY['do wrong','it is wrong to']::text[]) ON CONFLICT ("id") DO NOTHING;
INSERT INTO "VocabItem" ("id", "topicId", "word", "phonBr", "phonNAm", "meaning", "vietnameseMeaning", "partOfSpeech", "exampleSentence", "exampleTranslation", "synonyms", "antonyms", "collocations") VALUES ('law-and-society-crime-and-justice-a1-judge', 'law-and-society-crime-and-justice-a1', E'judge', E'/dʒʌdʒ/', E'/dʒʌdʒ/', E'a person who decides a case in court', E'thẩm phán', 'noun', E'The judge works in a court.', E'Thẩm phán làm việc tại tòa án.', ARRAY['magistrate']::text[], '{}', ARRAY['the judge says','talk to the judge']::text[]) ON CONFLICT ("id") DO NOTHING;
INSERT INTO "VocabItem" ("id", "topicId", "word", "phonBr", "phonNAm", "meaning", "vietnameseMeaning", "partOfSpeech", "exampleSentence", "exampleTranslation", "synonyms", "antonyms", "collocations") VALUES ('law-and-society-crime-and-justice-a1-court', 'law-and-society-crime-and-justice-a1', E'court', E'/kɔːt/', E'/kɔrt/', E'a place where legal cases are heard', E'tòa án', 'noun', E'They go to court today.', E'Họ đi đến tòa án hôm nay.', ARRAY['tribunal']::text[], '{}', ARRAY['go to court','in court']::text[]) ON CONFLICT ("id") DO NOTHING;
INSERT INTO "VocabItem" ("id", "topicId", "word", "phonBr", "phonNAm", "meaning", "vietnameseMeaning", "partOfSpeech", "exampleSentence", "exampleTranslation", "synonyms", "antonyms", "collocations") VALUES ('law-and-society-crime-and-justice-a1-steal', 'law-and-society-crime-and-justice-a1', E'steal', E'/stiːl/', E'/stiːl/', E'to take something that is not yours', E'ăn cắp', 'verb', E'Do not steal things.', E'Đừng ăn cắp đồ đạc.', ARRAY['rob','take']::text[], '{}', ARRAY['steal money','steal a bag']::text[]) ON CONFLICT ("id") DO NOTHING;
INSERT INTO "VocabItem" ("id", "topicId", "word", "phonBr", "phonNAm", "meaning", "vietnameseMeaning", "partOfSpeech", "exampleSentence", "exampleTranslation", "synonyms", "antonyms", "collocations") VALUES ('law-and-society-crime-and-justice-a1-safe', 'law-and-society-crime-and-justice-a1', E'safe', E'/seɪf/', E'/seɪf/', E'free from danger or crime', E'an toàn', 'adjective', E'The city is safe.', E'Thành phố này an toàn.', ARRAY['secure']::text[], ARRAY['dangerous']::text[], ARRAY['stay safe','keep safe']::text[]) ON CONFLICT ("id") DO NOTHING;

-- Topic: Crime & Justice - A2 (4 words)
INSERT INTO "Topic" ("id", "title", "subtitle", "description", "level", "wordCount", "estimatedTime", "category", "subcategory", "order", "topicGroupId") VALUES ('law-and-society-crime-and-justice-a2', 'Crime & Justice - A2', 'Vocabulary about crime & justice', 'Learn essential vocabulary about crime & justice at A2 level.', 'A2', 4, 8, 'Law & Society', 'Crime & Justice', 1, 's660e4ba887a05dc31f4e') ON CONFLICT ("id") DO NOTHING;
INSERT INTO "VocabItem" ("id", "topicId", "word", "phonBr", "phonNAm", "meaning", "vietnameseMeaning", "partOfSpeech", "exampleSentence", "exampleTranslation", "synonyms", "antonyms", "collocations") VALUES ('law-and-society-crime-and-justice-a2-jail', 'law-and-society-crime-and-justice-a2', E'jail', E'/dʒeɪl/', E'/dʒeɪl/', E'a place where people are kept as punishment for a crime', E'nhà tù, trại giam', 'noun', E'The man went to jail because he broke the law.', E'Người đàn ông đó phải vào tù vì anh ta đã vi phạm pháp luật.', ARRAY['prison','cell']::text[], '{}', ARRAY['go to jail','in jail']::text[]) ON CONFLICT ("id") DO NOTHING;
INSERT INTO "VocabItem" ("id", "topicId", "word", "phonBr", "phonNAm", "meaning", "vietnameseMeaning", "partOfSpeech", "exampleSentence", "exampleTranslation", "synonyms", "antonyms", "collocations") VALUES ('law-and-society-crime-and-justice-a2-guilty', 'law-and-society-crime-and-justice-a2', E'guilty', E'/ˈɡɪlti/', E'/ˈɡɪlti/', E'having done something wrong or committed a crime', E'có tội', 'adjective', E'The judge decided the man was guilty of the crime.', E'Thẩm phán quyết định người đàn ông đó có tội.', ARRAY['responsible','at fault']::text[], ARRAY['innocent']::text[], ARRAY['found guilty','feel guilty']::text[]) ON CONFLICT ("id") DO NOTHING;
INSERT INTO "VocabItem" ("id", "topicId", "word", "phonBr", "phonNAm", "meaning", "vietnameseMeaning", "partOfSpeech", "exampleSentence", "exampleTranslation", "synonyms", "antonyms", "collocations") VALUES ('law-and-society-crime-and-justice-a2-arrest', 'law-and-society-crime-and-justice-a2', E'arrest', E'/əˈrest/', E'/əˈrest/', E'to take someone to a police station because they may have committed a crime', E'bắt giữ', 'verb', E'The police had to arrest the thief at the store.', E'Cảnh sát đã phải bắt giữ tên trộm tại cửa hàng.', ARRAY['capture','seize']::text[], ARRAY['release']::text[], ARRAY['arrest a suspect','under arrest']::text[]) ON CONFLICT ("id") DO NOTHING;
INSERT INTO "VocabItem" ("id", "topicId", "word", "phonBr", "phonNAm", "meaning", "vietnameseMeaning", "partOfSpeech", "exampleSentence", "exampleTranslation", "synonyms", "antonyms", "collocations") VALUES ('law-and-society-crime-and-justice-a2-innocent', 'law-and-society-crime-and-justice-a2', E'innocent', E'/ˈɪnəsnt/', E'/ˈɪnəsnt/', E'not guilty of a crime', E'vô tội', 'adjective', E'The jury believed that the young man was innocent.', E'Bồi thẩm đoàn tin rằng người thanh niên đó vô tội.', ARRAY['blameless','guiltless']::text[], ARRAY['guilty']::text[], ARRAY['prove innocent','found innocent']::text[]) ON CONFLICT ("id") DO NOTHING;

-- Topic: Crime & Justice - B1 (7 words)
INSERT INTO "Topic" ("id", "title", "subtitle", "description", "level", "wordCount", "estimatedTime", "category", "subcategory", "order", "topicGroupId") VALUES ('law-and-society-crime-and-justice-b1', 'Crime & Justice - B1', 'Vocabulary about crime & justice', 'Learn essential vocabulary about crime & justice at B1 level.', 'B1', 7, 14, 'Law & Society', 'Crime & Justice', 2, 's660e4ba887a05dc31f4e') ON CONFLICT ("id") DO NOTHING;
INSERT INTO "VocabItem" ("id", "topicId", "word", "phonBr", "phonNAm", "meaning", "vietnameseMeaning", "partOfSpeech", "exampleSentence", "exampleTranslation", "synonyms", "antonyms", "collocations") VALUES ('law-and-society-crime-and-justice-b1-witness', 'law-and-society-crime-and-justice-b1', E'witness', E'/ˈwɪtnəs/', E'/ˈwɪtnəs/', E'a person who sees an event, typically a crime, take place', E'nhân chứng', 'noun', E'The witness told the police exactly what happened at the scene.', E'Nhân chứng đã kể cho cảnh sát chính xác những gì đã xảy ra tại hiện trường.', ARRAY['eyewitness','observer']::text[], '{}', ARRAY['key witness','call a witness']::text[]) ON CONFLICT ("id") DO NOTHING;
INSERT INTO "VocabItem" ("id", "topicId", "word", "phonBr", "phonNAm", "meaning", "vietnameseMeaning", "partOfSpeech", "exampleSentence", "exampleTranslation", "synonyms", "antonyms", "collocations") VALUES ('law-and-society-crime-and-justice-b1-evidence', 'law-and-society-crime-and-justice-b1', E'evidence', E'/ˈevɪdəns/', E'/ˈevɪdəns/', E'facts or objects that help prove whether someone has committed a crime', E'bằng chứng', 'noun', E'The police did not have enough evidence to charge him.', E'Cảnh sát không có đủ bằng chứng để buộc tội anh ta.', ARRAY['proof','testimony']::text[], '{}', ARRAY['gather evidence','provide evidence']::text[]) ON CONFLICT ("id") DO NOTHING;
INSERT INTO "VocabItem" ("id", "topicId", "word", "phonBr", "phonNAm", "meaning", "vietnameseMeaning", "partOfSpeech", "exampleSentence", "exampleTranslation", "synonyms", "antonyms", "collocations") VALUES ('law-and-society-crime-and-justice-b1-punishment', 'law-and-society-crime-and-justice-b1', E'punishment', E'/ˈpʌnɪʃmənt/', E'/ˈpʌnɪʃmənt/', E'the act of imposing a penalty on someone for an offense', E'hình phạt', 'noun', E'The judge decided on a fair punishment for the young offender.', E'Thẩm phán đã quyết định một hình phạt công bằng cho người phạm tội trẻ tuổi.', ARRAY['penalty','sanction']::text[], '{}', ARRAY['severe punishment','capital punishment']::text[]) ON CONFLICT ("id") DO NOTHING;
INSERT INTO "VocabItem" ("id", "topicId", "word", "phonBr", "phonNAm", "meaning", "vietnameseMeaning", "partOfSpeech", "exampleSentence", "exampleTranslation", "synonyms", "antonyms", "collocations") VALUES ('law-and-society-crime-and-justice-b1-robbery', 'law-and-society-crime-and-justice-b1', E'robbery', E'/ˈrɒbəri/', E'/ˈrɑːbəri/', E'the crime of stealing from a person or place by force or threat', E'vụ cướp', 'noun', E'The bank robbery happened late yesterday afternoon.', E'Vụ cướp ngân hàng đã xảy ra vào chiều muộn hôm qua.', ARRAY['theft','burglary']::text[], '{}', ARRAY['armed robbery','commit robbery']::text[]) ON CONFLICT ("id") DO NOTHING;
INSERT INTO "VocabItem" ("id", "topicId", "word", "phonBr", "phonNAm", "meaning", "vietnameseMeaning", "partOfSpeech", "exampleSentence", "exampleTranslation", "synonyms", "antonyms", "collocations") VALUES ('law-and-society-crime-and-justice-b1-suspect', 'law-and-society-crime-and-justice-b1', E'suspect', E'/ˈsʌspekt/', E'/ˈsʌspekt/', E'a person thought to be guilty of a crime', E'nghi phạm', 'noun', E'The police are questioning a suspect in connection with the crime.', E'Cảnh sát đang thẩm vấn một nghi phạm liên quan đến vụ án.', ARRAY['accused','defendant']::text[], '{}', ARRAY['main suspect','identify a suspect']::text[]) ON CONFLICT ("id") DO NOTHING;
INSERT INTO "VocabItem" ("id", "topicId", "word", "phonBr", "phonNAm", "meaning", "vietnameseMeaning", "partOfSpeech", "exampleSentence", "exampleTranslation", "synonyms", "antonyms", "collocations") VALUES ('law-and-society-crime-and-justice-b1-illegal', 'law-and-society-crime-and-justice-b1', E'illegal', E'/ɪˈliːɡl/', E'/ɪˈliːɡl/', E'not allowed by law', E'bất hợp pháp', 'adjective', E'It is illegal to drive without a valid license.', E'Lái xe mà không có bằng lái hợp lệ là bất hợp pháp.', ARRAY['unlawful','prohibited']::text[], ARRAY['legal']::text[], ARRAY['illegal activity','illegal act']::text[]) ON CONFLICT ("id") DO NOTHING;
INSERT INTO "VocabItem" ("id", "topicId", "word", "phonBr", "phonNAm", "meaning", "vietnameseMeaning", "partOfSpeech", "exampleSentence", "exampleTranslation", "synonyms", "antonyms", "collocations") VALUES ('law-and-society-crime-and-justice-b1-break-the-law', 'law-and-society-crime-and-justice-b1', E'break the law', E'/breɪk ðə lɔː/', E'/breɪk ðə lɔː/', E'to do something that is against the law', E'phạm luật', 'phrase', E'You will face serious consequences if you break the law.', E'Bạn sẽ phải đối mặt với hậu quả nghiêm trọng nếu bạn phạm luật.', ARRAY['commit a crime','violate the law']::text[], ARRAY['obey the law']::text[], ARRAY['intentionally break the law']::text[]) ON CONFLICT ("id") DO NOTHING;

-- Topic: Crime & Justice - B2 (9 words)
INSERT INTO "Topic" ("id", "title", "subtitle", "description", "level", "wordCount", "estimatedTime", "category", "subcategory", "order", "topicGroupId") VALUES ('law-and-society-crime-and-justice-b2', 'Crime & Justice - B2', 'Vocabulary about crime & justice', 'Learn essential vocabulary about crime & justice at B2 level.', 'B2', 9, 18, 'Law & Society', 'Crime & Justice', 3, 's660e4ba887a05dc31f4e') ON CONFLICT ("id") DO NOTHING;
INSERT INTO "VocabItem" ("id", "topicId", "word", "phonBr", "phonNAm", "meaning", "vietnameseMeaning", "partOfSpeech", "exampleSentence", "exampleTranslation", "synonyms", "antonyms", "collocations") VALUES ('law-and-society-crime-and-justice-b2-convict', 'law-and-society-crime-and-justice-b2', E'convict', E'/kənˈvɪkt/', E'/kənˈvɪkt/', E'to decide and state officially in court that someone is guilty of a crime', E'kết án, tuyên án có tội', 'verb', E'The jury took only two hours to convict the defendant of fraud.', E'Bồi thẩm đoàn chỉ mất hai giờ để kết án bị cáo về tội gian lận.', ARRAY['find guilty','sentence']::text[], ARRAY['acquit']::text[], ARRAY['convict someone of a crime','wrongfully convict']::text[]) ON CONFLICT ("id") DO NOTHING;
INSERT INTO "VocabItem" ("id", "topicId", "word", "phonBr", "phonNAm", "meaning", "vietnameseMeaning", "partOfSpeech", "exampleSentence", "exampleTranslation", "synonyms", "antonyms", "collocations") VALUES ('law-and-society-crime-and-justice-b2-acquittal', 'law-and-society-crime-and-justice-b2', E'acquittal', E'/əˈkwɪt.əl/', E'/əˈkwɪt̬.əl/', E'a decision by a court that someone is not guilty of a crime', E'sự tuyên bố vô tội, sự trắng án', 'noun', E'The lawyer was confident that the evidence would lead to his client''s acquittal.', E'Luật sư tin tưởng rằng bằng chứng sẽ dẫn đến việc thân chủ của mình được tuyên vô tội.', ARRAY['exoneration','discharge']::text[], ARRAY['conviction']::text[], ARRAY['secure an acquittal','a dramatic acquittal']::text[]) ON CONFLICT ("id") DO NOTHING;
INSERT INTO "VocabItem" ("id", "topicId", "word", "phonBr", "phonNAm", "meaning", "vietnameseMeaning", "partOfSpeech", "exampleSentence", "exampleTranslation", "synonyms", "antonyms", "collocations") VALUES ('law-and-society-crime-and-justice-b2-allegation', 'law-and-society-crime-and-justice-b2', E'allegation', E'/ˌæl.əˈɡeɪ.ʃən/', E'/ˌæl.əˈɡeɪ.ʃən/', E'a statement that someone has done something wrong or illegal, usually made without proof', E'cáo buộc', 'noun', E'The company is investigating the serious allegations of corruption against its manager.', E'Công ty đang điều tra những cáo buộc nghiêm trọng về tham nhũng chống lại người quản lý của họ.', ARRAY['accusation','charge']::text[], '{}', ARRAY['make an allegation','serious allegation']::text[]) ON CONFLICT ("id") DO NOTHING;
INSERT INTO "VocabItem" ("id", "topicId", "word", "phonBr", "phonNAm", "meaning", "vietnameseMeaning", "partOfSpeech", "exampleSentence", "exampleTranslation", "synonyms", "antonyms", "collocations") VALUES ('law-and-society-crime-and-justice-b2-sentence', 'law-and-society-crime-and-justice-b2', E'sentence', E'/ˈsen.təns/', E'/ˈsen.təns/', E'a punishment given by a judge in court to a person convicted of a crime', E'bản án, sự kết án', 'noun', E'The judge handed down a five-year prison sentence to the offender.', E'Thẩm phán đã đưa ra bản án năm năm tù cho kẻ phạm tội.', ARRAY['judgment','penalty']::text[], '{}', ARRAY['serve a sentence','harsh sentence']::text[]) ON CONFLICT ("id") DO NOTHING;
INSERT INTO "VocabItem" ("id", "topicId", "word", "phonBr", "phonNAm", "meaning", "vietnameseMeaning", "partOfSpeech", "exampleSentence", "exampleTranslation", "synonyms", "antonyms", "collocations") VALUES ('law-and-society-crime-and-justice-b2-prosecute', 'law-and-society-crime-and-justice-b2', E'prosecute', E'/ˈprɒs.ɪ.kjuːt/', E'/ˈprɑː.sə.kjuːt/', E'to officially accuse someone of a crime and try them in a court of law', E'truy tố', 'verb', E'The authorities decided to prosecute the company for violating environmental laws.', E'Các cơ quan chức năng đã quyết định truy tố công ty vì vi phạm luật môi trường.', ARRAY['put on trial','indict']::text[], '{}', ARRAY['prosecute for a crime','fail to prosecute']::text[]) ON CONFLICT ("id") DO NOTHING;
INSERT INTO "VocabItem" ("id", "topicId", "word", "phonBr", "phonNAm", "meaning", "vietnameseMeaning", "partOfSpeech", "exampleSentence", "exampleTranslation", "synonyms", "antonyms", "collocations") VALUES ('law-and-society-crime-and-justice-b2-defendant', 'law-and-society-crime-and-justice-b2', E'defendant', E'/dɪˈfen.dənt/', E'/dɪˈfen.dənt/', E'a person in a law case who is accused of having done something illegal', E'bị cáo', 'noun', E'The defendant pleaded not guilty to all charges brought against him.', E'Bị cáo đã tuyên bố không nhận tội đối với tất cả các cáo buộc chống lại anh ta.', ARRAY['accused','prisoner']::text[], ARRAY['plaintiff']::text[], ARRAY['the defendant''s lawyer','cross-examine the defendant']::text[]) ON CONFLICT ("id") DO NOTHING;
INSERT INTO "VocabItem" ("id", "topicId", "word", "phonBr", "phonNAm", "meaning", "vietnameseMeaning", "partOfSpeech", "exampleSentence", "exampleTranslation", "synonyms", "antonyms", "collocations") VALUES ('law-and-society-crime-and-justice-b2-testify', 'law-and-society-crime-and-justice-b2', E'testify', E'/ˈtes.tɪ.faɪ/', E'/ˈtes.tə.faɪ/', E'to speak seriously about something, especially in a law court', E'làm chứng, đưa ra lời khai', 'verb', E'She was asked to testify in court regarding what she saw on the night of the robbery.', E'Cô ấy được yêu cầu làm chứng tại tòa về những gì cô ấy đã thấy vào đêm xảy ra vụ cướp.', ARRAY['give evidence','bear witness']::text[], '{}', ARRAY['testify under oath','refuse to testify']::text[]) ON CONFLICT ("id") DO NOTHING;
INSERT INTO "VocabItem" ("id", "topicId", "word", "phonBr", "phonNAm", "meaning", "vietnameseMeaning", "partOfSpeech", "exampleSentence", "exampleTranslation", "synonyms", "antonyms", "collocations") VALUES ('law-and-society-crime-and-justice-b2-verdict', 'law-and-society-crime-and-justice-b2', E'verdict', E'/ˈvɜː.dɪkt/', E'/ˈvɝː.dɪkt/', E'an official decision made by a jury or a judge at the end of a trial', E'lời tuyên án, phán quyết', 'noun', E'The jury reached a unanimous verdict after deliberating for several days.', E'Bồi thẩm đoàn đã đạt được phán quyết nhất trí sau khi cân nhắc trong vài ngày.', ARRAY['judgment','finding']::text[], '{}', ARRAY['reach a verdict','deliver a verdict']::text[]) ON CONFLICT ("id") DO NOTHING;
INSERT INTO "VocabItem" ("id", "topicId", "word", "phonBr", "phonNAm", "meaning", "vietnameseMeaning", "partOfSpeech", "exampleSentence", "exampleTranslation", "synonyms", "antonyms", "collocations") VALUES ('law-and-society-crime-and-justice-b2-offender', 'law-and-society-crime-and-justice-b2', E'offender', E'/əˈfen.dər/', E'/əˈfen.dɚ/', E'a person who is guilty of a crime', E'người phạm tội', 'noun', E'Programs have been set up to help young offenders reintegrate into society.', E'Các chương trình đã được thiết lập để giúp những người phạm tội trẻ tuổi tái hòa nhập xã hội.', ARRAY['criminal','wrongdoer']::text[], '{}', ARRAY['first-time offender','repeat offender']::text[]) ON CONFLICT ("id") DO NOTHING;

-- Topic: Crime & Justice - C1 (5 words)
INSERT INTO "Topic" ("id", "title", "subtitle", "description", "level", "wordCount", "estimatedTime", "category", "subcategory", "order", "topicGroupId") VALUES ('law-and-society-crime-and-justice-c1', 'Crime & Justice - C1', 'Vocabulary about crime & justice', 'Learn essential vocabulary about crime & justice at C1 level.', 'C1', 5, 10, 'Law & Society', 'Crime & Justice', 4, 's660e4ba887a05dc31f4e') ON CONFLICT ("id") DO NOTHING;
INSERT INTO "VocabItem" ("id", "topicId", "word", "phonBr", "phonNAm", "meaning", "vietnameseMeaning", "partOfSpeech", "exampleSentence", "exampleTranslation", "synonyms", "antonyms", "collocations") VALUES ('law-and-society-crime-and-justice-c1-perjury', 'law-and-society-crime-and-justice-c1', E'perjury', E'/ˈpɜː.dʒər.i/', E'/ˈpɝː.dʒɚ.i/', E'the crime of telling a lie in court after having promised to tell the truth', E'tội khai man trước tòa', 'noun', E'He was charged with perjury after he was caught lying under oath.', E'Anh ta bị buộc tội khai man sau khi bị bắt gặp nói dối trước tòa.', ARRAY['false testimony','lying under oath']::text[], '{}', ARRAY['commit perjury','convicted of perjury']::text[]) ON CONFLICT ("id") DO NOTHING;
INSERT INTO "VocabItem" ("id", "topicId", "word", "phonBr", "phonNAm", "meaning", "vietnameseMeaning", "partOfSpeech", "exampleSentence", "exampleTranslation", "synonyms", "antonyms", "collocations") VALUES ('law-and-society-crime-and-justice-c1-litigation', 'law-and-society-crime-and-justice-c1', E'litigation', E'/ˌlɪt.ɪˈɡeɪ.ʃən/', E'/ˌlɪt̬.əˈɡeɪ.ʃən/', E'the process of taking legal action in court', E'hoạt động tranh tụng, kiện tụng', 'noun', E'The company is currently involved in expensive litigation over intellectual property rights.', E'Công ty hiện đang tham gia vào vụ kiện tụng đắt đỏ về quyền sở hữu trí tuệ.', ARRAY['lawsuit','legal action']::text[], '{}', ARRAY['engage in litigation','complex litigation']::text[]) ON CONFLICT ("id") DO NOTHING;
INSERT INTO "VocabItem" ("id", "topicId", "word", "phonBr", "phonNAm", "meaning", "vietnameseMeaning", "partOfSpeech", "exampleSentence", "exampleTranslation", "synonyms", "antonyms", "collocations") VALUES ('law-and-society-crime-and-justice-c1-indictment', 'law-and-society-crime-and-justice-c1', E'indictment', E'/ɪnˈdaɪt.mənt/', E'/ɪnˈdaɪt.mənt/', E'a formal charge or accusation of a serious crime', E'bản cáo trạng, sự buộc tội', 'noun', E'The grand jury returned an indictment against the high-ranking official.', E'Bồi thẩm đoàn đã đưa ra bản cáo trạng chống lại vị quan chức cấp cao.', ARRAY['charge','accusation']::text[], '{}', ARRAY['bring an indictment','face an indictment']::text[]) ON CONFLICT ("id") DO NOTHING;
INSERT INTO "VocabItem" ("id", "topicId", "word", "phonBr", "phonNAm", "meaning", "vietnameseMeaning", "partOfSpeech", "exampleSentence", "exampleTranslation", "synonyms", "antonyms", "collocations") VALUES ('law-and-society-crime-and-justice-c1-culpable', 'law-and-society-crime-and-justice-c1', E'culpable', E'/ˈkʌl.pə.bəl/', E'/ˈkʌl.pə.bəl/', E'deserving to be blamed or considered responsible for something bad', E'có tội, đáng trách', 'adjective', E'The company was found culpable for the environmental disaster due to negligence.', E'Công ty bị coi là có tội trong thảm họa môi trường do sự tắc trách.', ARRAY['guilty','blameworthy']::text[], ARRAY['innocent']::text[], ARRAY['culpable negligence','found culpable']::text[]) ON CONFLICT ("id") DO NOTHING;
INSERT INTO "VocabItem" ("id", "topicId", "word", "phonBr", "phonNAm", "meaning", "vietnameseMeaning", "partOfSpeech", "exampleSentence", "exampleTranslation", "synonyms", "antonyms", "collocations") VALUES ('law-and-society-crime-and-justice-c1-precedent', 'law-and-society-crime-and-justice-c1', E'precedent', E'/ˈpres.ɪ.dənt/', E'/ˈpres.ə.dənt/', E'an earlier action or decision that is regarded as an example or guide for subsequent similar circumstances', E'tiền lệ', 'noun', E'The court''s decision set a significant legal precedent for future cases.', E'Phán quyết của tòa án đã tạo ra một tiền lệ pháp lý quan trọng cho các vụ án tương lai.', ARRAY['model','authority']::text[], '{}', ARRAY['set a precedent','legal precedent']::text[]) ON CONFLICT ("id") DO NOTHING;

-- Topic: Crime & Justice - C2 (7 words)
INSERT INTO "Topic" ("id", "title", "subtitle", "description", "level", "wordCount", "estimatedTime", "category", "subcategory", "order", "topicGroupId") VALUES ('law-and-society-crime-and-justice-c2', 'Crime & Justice - C2', 'Vocabulary about crime & justice', 'Learn essential vocabulary about crime & justice at C2 level.', 'C2', 7, 14, 'Law & Society', 'Crime & Justice', 5, 's660e4ba887a05dc31f4e') ON CONFLICT ("id") DO NOTHING;
INSERT INTO "VocabItem" ("id", "topicId", "word", "phonBr", "phonNAm", "meaning", "vietnameseMeaning", "partOfSpeech", "exampleSentence", "exampleTranslation", "synonyms", "antonyms", "collocations") VALUES ('law-and-society-crime-and-justice-c2-exonerate', 'law-and-society-crime-and-justice-c2', E'exonerate', E'/ɪɡˈzɒnəreɪt/', E'/ɪɡˈzɑːnəreɪt/', E'To officially absolve someone from blame or fault for a wrongdoing.', E'giải oan, miễn tội', 'verb', E'The new DNA evidence was sufficient to exonerate the man who had spent two decades in prison.', E'Bằng chứng DNA mới đủ để giải oan cho người đàn ông đã dành hai thập kỷ trong tù.', ARRAY['acquit','vindicate']::text[], ARRAY['convict']::text[], ARRAY['completely exonerate','exonerate from blame']::text[]) ON CONFLICT ("id") DO NOTHING;
INSERT INTO "VocabItem" ("id", "topicId", "word", "phonBr", "phonNAm", "meaning", "vietnameseMeaning", "partOfSpeech", "exampleSentence", "exampleTranslation", "synonyms", "antonyms", "collocations") VALUES ('law-and-society-crime-and-justice-c2-litigious', 'law-and-society-crime-and-justice-c2', E'litigious', E'/lɪˈtɪdʒəs/', E'/lɪˈtɪdʒəs/', E'Unreasonably prone to go to law to settle disputes.', E'hay kiện tụng', 'adjective', E'In such a litigious society, corporations often settle out of court to avoid lengthy legal battles.', E'Trong một xã hội hay kiện tụng như vậy, các tập đoàn thường dàn xếp ngoài tòa án để tránh những cuộc chiến pháp lý kéo dài.', ARRAY['contentious','argumentative']::text[], '{}', ARRAY['litigious society','litigious individual']::text[]) ON CONFLICT ("id") DO NOTHING;
INSERT INTO "VocabItem" ("id", "topicId", "word", "phonBr", "phonNAm", "meaning", "vietnameseMeaning", "partOfSpeech", "exampleSentence", "exampleTranslation", "synonyms", "antonyms", "collocations") VALUES ('law-and-society-crime-and-justice-c2-recidivism', 'law-and-society-crime-and-justice-c2', E'recidivism', E'/rɪˈsɪdɪvɪzəm/', E'/rɪˈsɪdɪvɪzəm/', E'The tendency of a convicted criminal to reoffend.', E'tái phạm tội', 'noun', E'Rehabilitation programs are essential to lower the high rates of recidivism among former inmates.', E'Các chương trình phục hồi chức năng là cần thiết để giảm tỷ lệ tái phạm cao ở các cựu tù nhân.', ARRAY['reoffending','relapse']::text[], '{}', ARRAY['high recidivism','reduce recidivism']::text[]) ON CONFLICT ("id") DO NOTHING;
INSERT INTO "VocabItem" ("id", "topicId", "word", "phonBr", "phonNAm", "meaning", "vietnameseMeaning", "partOfSpeech", "exampleSentence", "exampleTranslation", "synonyms", "antonyms", "collocations") VALUES ('law-and-society-crime-and-justice-c2-subpoena', 'law-and-society-crime-and-justice-c2', E'subpoena', E'/səˈpiːnə/', E'/səˈpiːnə/', E'A writ ordering a person to attend a court.', E'trát hầu tòa', 'noun', E'The defense attorney issued a subpoena to obtain the confidential records of the defendant.', E'Luật sư bào chữa đã ban hành trát hầu tòa để lấy các hồ sơ bảo mật của bị cáo.', ARRAY['summons','court order']::text[], '{}', ARRAY['issue a subpoena','comply with a subpoena']::text[]) ON CONFLICT ("id") DO NOTHING;
INSERT INTO "VocabItem" ("id", "topicId", "word", "phonBr", "phonNAm", "meaning", "vietnameseMeaning", "partOfSpeech", "exampleSentence", "exampleTranslation", "synonyms", "antonyms", "collocations") VALUES ('law-and-society-crime-and-justice-c2-affidavit', 'law-and-society-crime-and-justice-c2', E'affidavit', E'/ˌæfɪˈdeɪvɪt/', E'/ˌæfəˈdeɪvɪt/', E'A written statement confirmed by oath or affirmation, for use as evidence in court.', E'bản khai có tuyên thệ', 'noun', E'She signed an affidavit confirming that she had witnessed the entire incident.', E'Cô ấy đã ký một bản khai có tuyên thệ xác nhận rằng cô ấy đã chứng kiến toàn bộ vụ việc.', ARRAY['sworn statement','deposition']::text[], '{}', ARRAY['sign an affidavit','submit an affidavit']::text[]) ON CONFLICT ("id") DO NOTHING;
INSERT INTO "VocabItem" ("id", "topicId", "word", "phonBr", "phonNAm", "meaning", "vietnameseMeaning", "partOfSpeech", "exampleSentence", "exampleTranslation", "synonyms", "antonyms", "collocations") VALUES ('law-and-society-crime-and-justice-c2-malfeasance', 'law-and-society-crime-and-justice-c2', E'malfeasance', E'/mælˈfiːzəns/', E'/mælˈfiːzəns/', E'Wrongdoing, especially by a public official.', E'hành vi sai trái (của quan chức)', 'noun', E'The governor was investigated for financial malfeasance during his second term in office.', E'Thống đốc đã bị điều tra vì hành vi sai trái tài chính trong nhiệm kỳ thứ hai của mình.', ARRAY['misconduct','corruption']::text[], '{}', ARRAY['public malfeasance','allegations of malfeasance']::text[]) ON CONFLICT ("id") DO NOTHING;
INSERT INTO "VocabItem" ("id", "topicId", "word", "phonBr", "phonNAm", "meaning", "vietnameseMeaning", "partOfSpeech", "exampleSentence", "exampleTranslation", "synonyms", "antonyms", "collocations") VALUES ('law-and-society-crime-and-justice-c2-jurisprudence', 'law-and-society-crime-and-justice-c2', E'jurisprudence', E'/ˌdʒʊərɪsˈpruːdns/', E'/ˌdʒʊrɪsˈpruːdns/', E'The theory or philosophy of law.', E'khoa học luật, triết học pháp luật', 'noun', E'The judge is known for his deep commitment to the principles of classical jurisprudence.', E'Vị thẩm phán này nổi tiếng với cam kết sâu sắc đối với các nguyên tắc của khoa học luật cổ điển.', ARRAY['legal theory','legal philosophy']::text[], '{}', ARRAY['modern jurisprudence','study of jurisprudence']::text[]) ON CONFLICT ("id") DO NOTHING;

-- Topic: Government - A1 (7 words)
INSERT INTO "Topic" ("id", "title", "subtitle", "description", "level", "wordCount", "estimatedTime", "category", "subcategory", "order", "topicGroupId") VALUES ('law-and-society-government-a1', 'Government - A1', 'Vocabulary about government', 'Learn essential vocabulary about government at A1 level.', 'A1', 7, 14, 'Law & Society', 'Government', 0, 's660e4ba887a05dc31f4e') ON CONFLICT ("id") DO NOTHING;
INSERT INTO "VocabItem" ("id", "topicId", "word", "phonBr", "phonNAm", "meaning", "vietnameseMeaning", "partOfSpeech", "exampleSentence", "exampleTranslation", "synonyms", "antonyms", "collocations") VALUES ('law-and-society-government-a1-leader', 'law-and-society-government-a1', E'leader', E'/ˈliːdə(r)/', E'/ˈliːdər/', E'a person who directs a group or country', E'lãnh đạo', 'noun', E'The leader works for the people.', E'Người lãnh đạo làm việc vì người dân.', ARRAY['head','chief']::text[], ARRAY['follower']::text[], ARRAY['political leader','national leader']::text[]) ON CONFLICT ("id") DO NOTHING;
INSERT INTO "VocabItem" ("id", "topicId", "word", "phonBr", "phonNAm", "meaning", "vietnameseMeaning", "partOfSpeech", "exampleSentence", "exampleTranslation", "synonyms", "antonyms", "collocations") VALUES ('law-and-society-government-a1-rule', 'law-and-society-government-a1', E'rule', E'/ruːl/', E'/ruːl/', E'to control or govern a country', E'cai trị', 'verb', E'The president will rule the country.', E'Tổng thống sẽ cai trị đất nước.', ARRAY['govern','control']::text[], '{}', ARRAY['rule a country','rule of law']::text[]) ON CONFLICT ("id") DO NOTHING;
INSERT INTO "VocabItem" ("id", "topicId", "word", "phonBr", "phonNAm", "meaning", "vietnameseMeaning", "partOfSpeech", "exampleSentence", "exampleTranslation", "synonyms", "antonyms", "collocations") VALUES ('law-and-society-government-a1-public', 'law-and-society-government-a1', E'public', E'/ˈpʌblɪk/', E'/ˈpʌblɪk/', E'relating to all the people in a country', E'công cộng', 'adjective', E'The park is for the public.', E'Công viên này dành cho công chúng.', ARRAY['common','civil']::text[], ARRAY['private']::text[], ARRAY['public service','public place']::text[]) ON CONFLICT ("id") DO NOTHING;
INSERT INTO "VocabItem" ("id", "topicId", "word", "phonBr", "phonNAm", "meaning", "vietnameseMeaning", "partOfSpeech", "exampleSentence", "exampleTranslation", "synonyms", "antonyms", "collocations") VALUES ('law-and-society-government-a1-state', 'law-and-society-government-a1', E'state', E'/steɪt/', E'/steɪt/', E'a country or its government', E'nhà nước', 'noun', E'The state provides schools for children.', E'Nhà nước cung cấp trường học cho trẻ em.', ARRAY['nation','country']::text[], '{}', ARRAY['the state','state school']::text[]) ON CONFLICT ("id") DO NOTHING;
INSERT INTO "VocabItem" ("id", "topicId", "word", "phonBr", "phonNAm", "meaning", "vietnameseMeaning", "partOfSpeech", "exampleSentence", "exampleTranslation", "synonyms", "antonyms", "collocations") VALUES ('law-and-society-government-a1-power', 'law-and-society-government-a1', E'power', E'/ˈpaʊə(r)/', E'/ˈpaʊər/', E'the ability or right to control people', E'quyền lực', 'noun', E'The government has the power to change things.', E'Chính phủ có quyền lực để thay đổi mọi thứ.', ARRAY['authority','control']::text[], '{}', ARRAY['in power','political power']::text[]) ON CONFLICT ("id") DO NOTHING;
INSERT INTO "VocabItem" ("id", "topicId", "word", "phonBr", "phonNAm", "meaning", "vietnameseMeaning", "partOfSpeech", "exampleSentence", "exampleTranslation", "synonyms", "antonyms", "collocations") VALUES ('law-and-society-government-a1-right', 'law-and-society-government-a1', E'right', E'/raɪt/', E'/raɪt/', E'something you are allowed to do by law', E'quyền', 'noun', E'Everyone has the right to vote.', E'Mọi người đều có quyền bỏ phiếu.', ARRAY['entitlement','privilege']::text[], '{}', ARRAY['human rights','legal right']::text[]) ON CONFLICT ("id") DO NOTHING;
INSERT INTO "VocabItem" ("id", "topicId", "word", "phonBr", "phonNAm", "meaning", "vietnameseMeaning", "partOfSpeech", "exampleSentence", "exampleTranslation", "synonyms", "antonyms", "collocations") VALUES ('law-and-society-government-a1-city', 'law-and-society-government-a1', E'city', E'/ˈsɪti/', E'/ˈsɪti/', E'a large town with its own local government', E'thành phố', 'noun', E'The city has a new mayor.', E'Thành phố có một thị trưởng mới.', ARRAY['town','municipality']::text[], '{}', ARRAY['city government','capital city']::text[]) ON CONFLICT ("id") DO NOTHING;

-- Topic: Government - A2 (4 words)
INSERT INTO "Topic" ("id", "title", "subtitle", "description", "level", "wordCount", "estimatedTime", "category", "subcategory", "order", "topicGroupId") VALUES ('law-and-society-government-a2', 'Government - A2', 'Vocabulary about government', 'Learn essential vocabulary about government at A2 level.', 'A2', 4, 8, 'Law & Society', 'Government', 1, 's660e4ba887a05dc31f4e') ON CONFLICT ("id") DO NOTHING;
INSERT INTO "VocabItem" ("id", "topicId", "word", "phonBr", "phonNAm", "meaning", "vietnameseMeaning", "partOfSpeech", "exampleSentence", "exampleTranslation", "synonyms", "antonyms", "collocations") VALUES ('law-and-society-government-a2-policy', 'law-and-society-government-a2', E'policy', E'/ˈpɒləsi/', E'/ˈpɑːləsi/', E'a plan of action agreed by a government', E'chính sách', 'noun', E'The government has a new policy to help students.', E'Chính phủ có một chính sách mới để giúp đỡ học sinh.', ARRAY['plan','strategy']::text[], '{}', ARRAY['government policy','change policy']::text[]) ON CONFLICT ("id") DO NOTHING;
INSERT INTO "VocabItem" ("id", "topicId", "word", "phonBr", "phonNAm", "meaning", "vietnameseMeaning", "partOfSpeech", "exampleSentence", "exampleTranslation", "synonyms", "antonyms", "collocations") VALUES ('law-and-society-government-a2-elect', 'law-and-society-government-a2', E'elect', E'/ɪˈlekt/', E'/ɪˈlekt/', E'to choose someone for a position by voting', E'bầu chọn', 'verb', E'We will elect a new president next year.', E'Chúng ta sẽ bầu ra một vị tổng thống mới vào năm sau.', ARRAY['choose','select']::text[], '{}', ARRAY['elect a leader','newly elected']::text[]) ON CONFLICT ("id") DO NOTHING;
INSERT INTO "VocabItem" ("id", "topicId", "word", "phonBr", "phonNAm", "meaning", "vietnameseMeaning", "partOfSpeech", "exampleSentence", "exampleTranslation", "synonyms", "antonyms", "collocations") VALUES ('law-and-society-government-a2-official', 'law-and-society-government-a2', E'official', E'/əˈfɪʃl/', E'/əˈfɪʃl/', E'a person who has a position of responsibility in an organization or government', E'viên chức', 'noun', E'A government official explained the new rules.', E'Một viên chức chính phủ đã giải thích các quy định mới.', ARRAY['civil servant','administrator']::text[], '{}', ARRAY['government official','senior official']::text[]) ON CONFLICT ("id") DO NOTHING;
INSERT INTO "VocabItem" ("id", "topicId", "word", "phonBr", "phonNAm", "meaning", "vietnameseMeaning", "partOfSpeech", "exampleSentence", "exampleTranslation", "synonyms", "antonyms", "collocations") VALUES ('law-and-society-government-a2-local', 'law-and-society-government-a2', E'local', E'/ˈləʊkl/', E'/ˈloʊkl/', E'relating to the area where you live', E'địa phương', 'adjective', E'I went to the local council office to ask for help.', E'Tôi đã đến văn phòng hội đồng địa phương để nhờ giúp đỡ.', ARRAY['regional','nearby']::text[], ARRAY['national']::text[], ARRAY['local government','local community']::text[]) ON CONFLICT ("id") DO NOTHING;

-- Topic: Government - B1 (4 words)
INSERT INTO "Topic" ("id", "title", "subtitle", "description", "level", "wordCount", "estimatedTime", "category", "subcategory", "order", "topicGroupId") VALUES ('law-and-society-government-b1', 'Government - B1', 'Vocabulary about government', 'Learn essential vocabulary about government at B1 level.', 'B1', 4, 8, 'Law & Society', 'Government', 2, 's660e4ba887a05dc31f4e') ON CONFLICT ("id") DO NOTHING;
INSERT INTO "VocabItem" ("id", "topicId", "word", "phonBr", "phonNAm", "meaning", "vietnameseMeaning", "partOfSpeech", "exampleSentence", "exampleTranslation", "synonyms", "antonyms", "collocations") VALUES ('law-and-society-government-b1-election', 'law-and-society-government-b1', E'election', E'/ɪˈlekʃn/', E'/ɪˈlekʃn/', E'a formal process of voting to choose someone for a public office', E'cuộc bầu cử', 'noun', E'The national election will take place next month.', E'Cuộc bầu cử quốc gia sẽ diễn ra vào tháng tới.', ARRAY['vote','ballot']::text[], '{}', ARRAY['hold an election','win an election']::text[]) ON CONFLICT ("id") DO NOTHING;
INSERT INTO "VocabItem" ("id", "topicId", "word", "phonBr", "phonNAm", "meaning", "vietnameseMeaning", "partOfSpeech", "exampleSentence", "exampleTranslation", "synonyms", "antonyms", "collocations") VALUES ('law-and-society-government-b1-authority', 'law-and-society-government-b1', E'authority', E'/ɔːˈθɒrəti/', E'/əˈθɔːrəti/', E'the power or right to give orders and make decisions', E'thẩm quyền', 'noun', E'The local authority is responsible for fixing the roads.', E'Chính quyền địa phương chịu trách nhiệm sửa chữa các con đường.', ARRAY['power','control']::text[], '{}', ARRAY['local authority','have the authority']::text[]) ON CONFLICT ("id") DO NOTHING;
INSERT INTO "VocabItem" ("id", "topicId", "word", "phonBr", "phonNAm", "meaning", "vietnameseMeaning", "partOfSpeech", "exampleSentence", "exampleTranslation", "synonyms", "antonyms", "collocations") VALUES ('law-and-society-government-b1-minister', 'law-and-society-government-b1', E'minister', E'/ˈmɪnɪstə(r)/', E'/ˈmɪnɪstər/', E'a person who is in charge of a government department', E'bộ trưởng', 'noun', E'The Minister of Health visited the hospital today.', E'Bộ trưởng Bộ Y tế đã đến thăm bệnh viện hôm nay.', ARRAY['official','secretary']::text[], '{}', ARRAY['prime minister','cabinet minister']::text[]) ON CONFLICT ("id") DO NOTHING;
INSERT INTO "VocabItem" ("id", "topicId", "word", "phonBr", "phonNAm", "meaning", "vietnameseMeaning", "partOfSpeech", "exampleSentence", "exampleTranslation", "synonyms", "antonyms", "collocations") VALUES ('law-and-society-government-b1-represent', 'law-and-society-government-b1', E'represent', E'/ˌreprɪˈzent/', E'/ˌreprɪˈzent/', E'to act or speak officially for a group of people', E'đại diện', 'verb', E'She was elected to represent the people of her district.', E'Cô ấy được bầu để đại diện cho người dân trong quận của mình.', ARRAY['act for','speak for']::text[], '{}', ARRAY['represent the people','represent a group']::text[]) ON CONFLICT ("id") DO NOTHING;

-- Topic: Government - B2 (9 words)
INSERT INTO "Topic" ("id", "title", "subtitle", "description", "level", "wordCount", "estimatedTime", "category", "subcategory", "order", "topicGroupId") VALUES ('law-and-society-government-b2', 'Government - B2', 'Vocabulary about government', 'Learn essential vocabulary about government at B2 level.', 'B2', 9, 18, 'Law & Society', 'Government', 3, 's660e4ba887a05dc31f4e') ON CONFLICT ("id") DO NOTHING;
INSERT INTO "VocabItem" ("id", "topicId", "word", "phonBr", "phonNAm", "meaning", "vietnameseMeaning", "partOfSpeech", "exampleSentence", "exampleTranslation", "synonyms", "antonyms", "collocations") VALUES ('law-and-society-government-b2-legislation', 'law-and-society-government-b2', E'legislation', E'/ˌledʒɪˈsleɪʃn/', E'/ˌledʒɪˈsleɪʃn/', E'a law or set of laws suggested by a government and made official by a parliament', E'pháp luật, luật lệ', 'noun', E'The government is planning to introduce new legislation to protect the environment.', E'Chính phủ đang lên kế hoạch ban hành luật mới để bảo vệ môi trường.', ARRAY['statute','act']::text[], '{}', ARRAY['pass legislation','introduce legislation']::text[]) ON CONFLICT ("id") DO NOTHING;
INSERT INTO "VocabItem" ("id", "topicId", "word", "phonBr", "phonNAm", "meaning", "vietnameseMeaning", "partOfSpeech", "exampleSentence", "exampleTranslation", "synonyms", "antonyms", "collocations") VALUES ('law-and-society-government-b2-amend', 'law-and-society-government-b2', E'amend', E'/əˈmend/', E'/əˈmend/', E'to change a law, document, or statement slightly in order to correct a mistake or improve it', E'sửa đổi, bổ sung', 'verb', E'Parliament voted to amend the constitution to ensure equal rights for all citizens.', E'Quốc hội đã bỏ phiếu sửa đổi hiến pháp để đảm bảo quyền bình đẳng cho mọi công dân.', ARRAY['revise','modify']::text[], '{}', ARRAY['amend the law','formally amend']::text[]) ON CONFLICT ("id") DO NOTHING;
INSERT INTO "VocabItem" ("id", "topicId", "word", "phonBr", "phonNAm", "meaning", "vietnameseMeaning", "partOfSpeech", "exampleSentence", "exampleTranslation", "synonyms", "antonyms", "collocations") VALUES ('law-and-society-government-b2-constituency', 'law-and-society-government-b2', E'constituency', E'/kənˈstɪtjuənsi/', E'/kənˈstɪtʃuənsi/', E'a district that elects its own representative to parliament', E'khu vực bầu cử', 'noun', E'The politician spent the weekend meeting with voters in his constituency.', E'Chính trị gia đã dành cả cuối tuần để gặp gỡ cử tri trong khu vực bầu cử của ông ấy.', ARRAY['electorate','district']::text[], '{}', ARRAY['local constituency','represent a constituency']::text[]) ON CONFLICT ("id") DO NOTHING;
INSERT INTO "VocabItem" ("id", "topicId", "word", "phonBr", "phonNAm", "meaning", "vietnameseMeaning", "partOfSpeech", "exampleSentence", "exampleTranslation", "synonyms", "antonyms", "collocations") VALUES ('law-and-society-government-b2-ratify', 'law-and-society-government-b2', E'ratify', E'/ˈrætɪfaɪ/', E'/ˈrætɪfaɪ/', E'to make an agreement official by signing it or voting for it', E'phê chuẩn', 'verb', E'The treaty must be ratified by all member states before it can come into effect.', E'Hiệp ước phải được tất cả các quốc gia thành viên phê chuẩn trước khi có hiệu lực.', ARRAY['approve','endorse']::text[], ARRAY['reject']::text[], ARRAY['ratify a treaty','formally ratify']::text[]) ON CONFLICT ("id") DO NOTHING;
INSERT INTO "VocabItem" ("id", "topicId", "word", "phonBr", "phonNAm", "meaning", "vietnameseMeaning", "partOfSpeech", "exampleSentence", "exampleTranslation", "synonyms", "antonyms", "collocations") VALUES ('law-and-society-government-b2-sovereign', 'law-and-society-government-b2', E'sovereign', E'/ˈsɒvrɪn/', E'/ˈsɑːvrən/', E'having independent authority and the right to govern itself', E'có chủ quyền', 'adjective', E'The country is a sovereign state with its own independent government.', E'Đất nước này là một quốc gia có chủ quyền với chính phủ độc lập của riêng mình.', ARRAY['autonomous','independent']::text[], ARRAY['dependent']::text[], ARRAY['sovereign state','sovereign power']::text[]) ON CONFLICT ("id") DO NOTHING;
INSERT INTO "VocabItem" ("id", "topicId", "word", "phonBr", "phonNAm", "meaning", "vietnameseMeaning", "partOfSpeech", "exampleSentence", "exampleTranslation", "synonyms", "antonyms", "collocations") VALUES ('law-and-society-government-b2-mandate', 'law-and-society-government-b2', E'mandate', E'/ˈmændeɪt/', E'/ˈmændeɪt/', E'the authority to do something given by the people to a government after an election', E'ủy nhiệm, sự cho phép', 'noun', E'The government won a clear mandate to implement its economic reforms.', E'Chính phủ đã giành được sự ủy nhiệm rõ ràng để thực hiện các cải cách kinh tế của mình.', ARRAY['authorization','instruction']::text[], '{}', ARRAY['clear mandate','public mandate']::text[]) ON CONFLICT ("id") DO NOTHING;
INSERT INTO "VocabItem" ("id", "topicId", "word", "phonBr", "phonNAm", "meaning", "vietnameseMeaning", "partOfSpeech", "exampleSentence", "exampleTranslation", "synonyms", "antonyms", "collocations") VALUES ('law-and-society-government-b2-partisan', 'law-and-society-government-b2', E'partisan', E'/ˌpɑːtɪˈzæn/', E'/ˈpɑːrtɪzn/', E'strongly supporting a particular political party, often without considering other ideas', E'đảng phái', 'adjective', E'Political debates in the chamber often become highly partisan and unproductive.', E'Các cuộc tranh luận chính trị tại nghị viện thường trở nên rất mang tính đảng phái và không hiệu quả.', ARRAY['biased','factional']::text[], ARRAY['impartial']::text[], ARRAY['partisan politics','highly partisan']::text[]) ON CONFLICT ("id") DO NOTHING;
INSERT INTO "VocabItem" ("id", "topicId", "word", "phonBr", "phonNAm", "meaning", "vietnameseMeaning", "partOfSpeech", "exampleSentence", "exampleTranslation", "synonyms", "antonyms", "collocations") VALUES ('law-and-society-government-b2-dissent', 'law-and-society-government-b2', E'dissent', E'/dɪˈsent/', E'/dɪˈsent/', E'the expression of disagreement with official opinions or government policies', E'sự bất đồng chính kiến', 'noun', E'The government faced widespread dissent over the new tax policies.', E'Chính phủ đã phải đối mặt với sự bất đồng chính kiến lan rộng về các chính sách thuế mới.', ARRAY['disagreement','opposition']::text[], ARRAY['agreement']::text[], ARRAY['political dissent','suppress dissent']::text[]) ON CONFLICT ("id") DO NOTHING;
INSERT INTO "VocabItem" ("id", "topicId", "word", "phonBr", "phonNAm", "meaning", "vietnameseMeaning", "partOfSpeech", "exampleSentence", "exampleTranslation", "synonyms", "antonyms", "collocations") VALUES ('law-and-society-government-b2-enact', 'law-and-society-government-b2', E'enact', E'/ɪˈnækt/', E'/ɪˈnækt/', E'to put something into action, especially to make something law', E'ban hành (luật)', 'verb', E'The assembly decided to enact a new law regarding public safety.', E'Quốc hội đã quyết định ban hành một đạo luật mới liên quan đến an toàn công cộng.', ARRAY['pass','establish']::text[], ARRAY['repeal']::text[], ARRAY['enact legislation','enact a law']::text[]) ON CONFLICT ("id") DO NOTHING;

-- Topic: Government - C1 (6 words)
INSERT INTO "Topic" ("id", "title", "subtitle", "description", "level", "wordCount", "estimatedTime", "category", "subcategory", "order", "topicGroupId") VALUES ('law-and-society-government-c1', 'Government - C1', 'Vocabulary about government', 'Learn essential vocabulary about government at C1 level.', 'C1', 6, 12, 'Law & Society', 'Government', 4, 's660e4ba887a05dc31f4e') ON CONFLICT ("id") DO NOTHING;
INSERT INTO "VocabItem" ("id", "topicId", "word", "phonBr", "phonNAm", "meaning", "vietnameseMeaning", "partOfSpeech", "exampleSentence", "exampleTranslation", "synonyms", "antonyms", "collocations") VALUES ('law-and-society-government-c1-legislature', 'law-and-society-government-c1', E'legislature', E'/ˈledʒ.ɪ.slə.tʃər/', E'/ˈledʒ.ə.sleɪ.tʃɚ/', E'the legislative body of a country or state', E'cơ quan lập pháp', 'noun', E'The state legislature passed a new bill aimed at improving public infrastructure.', E'Cơ quan lập pháp tiểu bang đã thông qua một dự luật mới nhằm cải thiện cơ sở hạ tầng công cộng.', ARRAY['parliament','congress']::text[], '{}', ARRAY['state legislature','national legislature']::text[]) ON CONFLICT ("id") DO NOTHING;
INSERT INTO "VocabItem" ("id", "topicId", "word", "phonBr", "phonNAm", "meaning", "vietnameseMeaning", "partOfSpeech", "exampleSentence", "exampleTranslation", "synonyms", "antonyms", "collocations") VALUES ('law-and-society-government-c1-sovereignty', 'law-and-society-government-c1', E'sovereignty', E'/ˈsɒv.rən.ti/', E'/ˈsɑːv.rən.ti/', E'the authority of a state to govern itself or another state', E'chủ quyền', 'noun', E'The nation fiercely defended its sovereignty against foreign intervention.', E'Quốc gia đã quyết liệt bảo vệ chủ quyền của mình trước sự can thiệp từ nước ngoài.', ARRAY['autonomy','independence']::text[], '{}', ARRAY['national sovereignty','protect sovereignty']::text[]) ON CONFLICT ("id") DO NOTHING;
INSERT INTO "VocabItem" ("id", "topicId", "word", "phonBr", "phonNAm", "meaning", "vietnameseMeaning", "partOfSpeech", "exampleSentence", "exampleTranslation", "synonyms", "antonyms", "collocations") VALUES ('law-and-society-government-c1-arbitrary', 'law-and-society-government-c1', E'arbitrary', E'/ˈɑː.bɪ.trər.i/', E'/ˈɑːr.bə.trer.i/', E'based on random choice or personal whim, rather than any reason or system', E'độc đoán', 'adjective', E'The citizens protested against the arbitrary exercise of power by the local authorities.', E'Người dân đã phản đối việc chính quyền địa phương sử dụng quyền lực một cách độc đoán.', ARRAY['capricious','despotic']::text[], ARRAY['just','reasonable']::text[], ARRAY['arbitrary power','arbitrary detention']::text[]) ON CONFLICT ("id") DO NOTHING;
INSERT INTO "VocabItem" ("id", "topicId", "word", "phonBr", "phonNAm", "meaning", "vietnameseMeaning", "partOfSpeech", "exampleSentence", "exampleTranslation", "synonyms", "antonyms", "collocations") VALUES ('law-and-society-government-c1-amendment', 'law-and-society-government-c1', E'amendment', E'/əˈmend.mənt/', E'/əˈmend.mənt/', E'a change or addition to the terms of a contract or document, such as a constitution', E'tu chính án', 'noun', E'The proposed amendment to the constitution aims to improve democratic accountability.', E'Tu chính án được đề xuất cho hiến pháp nhằm cải thiện trách nhiệm giải trình dân chủ.', ARRAY['revision','alteration']::text[], '{}', ARRAY['constitutional amendment','propose an amendment']::text[]) ON CONFLICT ("id") DO NOTHING;
INSERT INTO "VocabItem" ("id", "topicId", "word", "phonBr", "phonNAm", "meaning", "vietnameseMeaning", "partOfSpeech", "exampleSentence", "exampleTranslation", "synonyms", "antonyms", "collocations") VALUES ('law-and-society-government-c1-jurisdiction', 'law-and-society-government-c1', E'jurisdiction', E'/ˌdʒʊə.rɪsˈdɪk.ʃən/', E'/ˌdʒʊr.ɪsˈdɪk.ʃən/', E'the official power to make legal decisions and judgments', E'thẩm quyền tài phán', 'noun', E'The court ruled that the case fell outside its legal jurisdiction.', E'Tòa án phán quyết rằng vụ việc nằm ngoài thẩm quyền tài phán của họ.', ARRAY['authority','control']::text[], '{}', ARRAY['legal jurisdiction','within the jurisdiction']::text[]) ON CONFLICT ("id") DO NOTHING;
INSERT INTO "VocabItem" ("id", "topicId", "word", "phonBr", "phonNAm", "meaning", "vietnameseMeaning", "partOfSpeech", "exampleSentence", "exampleTranslation", "synonyms", "antonyms", "collocations") VALUES ('law-and-society-government-c1-impeach', 'law-and-society-government-c1', E'impeach', E'/ɪmˈpiːtʃ/', E'/ɪmˈpiːtʃ/', E'to charge a public official with a crime done while in office', E'luận tội', 'verb', E'The opposition party moved to impeach the president following the corruption scandal.', E'Đảng đối lập đã tiến hành luận tội tổng thống sau vụ bê bối tham nhũng.', ARRAY['indict','accuse']::text[], ARRAY['acquit']::text[], ARRAY['impeach a leader','impeach a president']::text[]) ON CONFLICT ("id") DO NOTHING;

-- Topic: Government - C2 (6 words)
INSERT INTO "Topic" ("id", "title", "subtitle", "description", "level", "wordCount", "estimatedTime", "category", "subcategory", "order", "topicGroupId") VALUES ('law-and-society-government-c2', 'Government - C2', 'Vocabulary about government', 'Learn essential vocabulary about government at C2 level.', 'C2', 6, 12, 'Law & Society', 'Government', 5, 's660e4ba887a05dc31f4e') ON CONFLICT ("id") DO NOTHING;
INSERT INTO "VocabItem" ("id", "topicId", "word", "phonBr", "phonNAm", "meaning", "vietnameseMeaning", "partOfSpeech", "exampleSentence", "exampleTranslation", "synonyms", "antonyms", "collocations") VALUES ('law-and-society-government-c2-hegemony', 'law-and-society-government-c2', E'hegemony', E'/hɪˈɡɛməni/', E'/hɪˈɡɛməni/', E'leadership or dominance, especially by one country or social group over others.', E'quyền bá chủ', 'noun', E'The nation sought to maintain its regional hegemony through strategic diplomatic alliances.', E'Quốc gia này tìm cách duy trì quyền bá chủ trong khu vực thông qua các liên minh ngoại giao chiến lược.', ARRAY['dominance','supremacy']::text[], ARRAY['subservience']::text[], ARRAY['regional hegemony','maintain hegemony']::text[]) ON CONFLICT ("id") DO NOTHING;
INSERT INTO "VocabItem" ("id", "topicId", "word", "phonBr", "phonNAm", "meaning", "vietnameseMeaning", "partOfSpeech", "exampleSentence", "exampleTranslation", "synonyms", "antonyms", "collocations") VALUES ('law-and-society-government-c2-autocratic', 'law-and-society-government-c2', E'autocratic', E'/ˌɔːtəˈkrætɪk/', E'/ˌɔːtəˈkrætɪk/', E'relating to a system of government by one person with absolute power.', E'chuyên quyền, độc tài', 'adjective', E'The autocratic regime suppressed all forms of political dissent.', E'Chế độ độc tài đã đàn áp mọi hình thức bất đồng chính kiến.', ARRAY['dictatorial','tyrannical']::text[], ARRAY['democratic']::text[], ARRAY['autocratic regime','autocratic rule']::text[]) ON CONFLICT ("id") DO NOTHING;
INSERT INTO "VocabItem" ("id", "topicId", "word", "phonBr", "phonNAm", "meaning", "vietnameseMeaning", "partOfSpeech", "exampleSentence", "exampleTranslation", "synonyms", "antonyms", "collocations") VALUES ('law-and-society-government-c2-disenfranchise', 'law-and-society-government-c2', E'disenfranchise', E'/ˌdɪsɪnˈfræntʃaɪz/', E'/ˌdɪsɪnˈfræntʃaɪz/', E'to deprive someone of the right to vote or other rights of citizenship.', E'tước quyền bầu cử', 'verb', E'Critics argue that strict voter ID laws tend to disenfranchise marginalized communities.', E'Các nhà phê bình lập luận rằng luật nhận dạng cử tri nghiêm ngặt có xu hướng tước quyền bầu cử của các cộng đồng yếu thế.', ARRAY['marginalize','disempower']::text[], ARRAY['enfranchise']::text[], ARRAY['disenfranchise voters','systemically disenfranchise']::text[]) ON CONFLICT ("id") DO NOTHING;
INSERT INTO "VocabItem" ("id", "topicId", "word", "phonBr", "phonNAm", "meaning", "vietnameseMeaning", "partOfSpeech", "exampleSentence", "exampleTranslation", "synonyms", "antonyms", "collocations") VALUES ('law-and-society-government-c2-polity', 'law-and-society-government-c2', E'polity', E'/ˈpɒləti/', E'/ˈpɑːləti/', E'a form or process of civil government or constitution; an organized society.', E'chính thể, quốc gia', 'noun', E'The stability of the democratic polity depends on the active participation of its citizens.', E'Sự ổn định của chính thể dân chủ phụ thuộc vào sự tham gia tích cực của công dân.', ARRAY['body politic','state']::text[], '{}', ARRAY['democratic polity','stable polity']::text[]) ON CONFLICT ("id") DO NOTHING;
INSERT INTO "VocabItem" ("id", "topicId", "word", "phonBr", "phonNAm", "meaning", "vietnameseMeaning", "partOfSpeech", "exampleSentence", "exampleTranslation", "synonyms", "antonyms", "collocations") VALUES ('law-and-society-government-c2-usurp', 'law-and-society-government-c2', E'usurp', E'/juːˈzɜːp/', E'/juːˈzɜːrp/', E'to take a position of power or importance illegally or by force.', E'chiếm đoạt, tiếm quyền', 'verb', E'The military attempted to usurp the authority of the elected government.', E'Quân đội đã cố gắng tiếm quyền chính phủ được bầu cử.', ARRAY['seize','arrogate']::text[], '{}', ARRAY['usurp power','usurp authority']::text[]) ON CONFLICT ("id") DO NOTHING;
INSERT INTO "VocabItem" ("id", "topicId", "word", "phonBr", "phonNAm", "meaning", "vietnameseMeaning", "partOfSpeech", "exampleSentence", "exampleTranslation", "synonyms", "antonyms", "collocations") VALUES ('law-and-society-government-c2-gerrymandering', 'law-and-society-government-c2', E'gerrymandering', E'/ˈdʒerimændərɪŋ/', E'/ˈdʒerimændərɪŋ/', E'the manipulation of the boundaries of an electoral constituency so as to favor one party or class.', E'gian lận bầu cử bằng cách vẽ lại khu vực bầu cử', 'noun', E'The practice of gerrymandering has been criticized for undermining fair representation in elections.', E'Thực tiễn vẽ lại khu vực bầu cử có lợi cho một đảng đã bị chỉ trích vì làm suy yếu sự đại diện công bằng trong các cuộc bầu cử.', ARRAY['redistricting','manipulation']::text[], '{}', ARRAY['political gerrymandering','partisan gerrymandering']::text[]) ON CONFLICT ("id") DO NOTHING;

-- Topic: Rights & Duties - A1 (4 words)
INSERT INTO "Topic" ("id", "title", "subtitle", "description", "level", "wordCount", "estimatedTime", "category", "subcategory", "order", "topicGroupId") VALUES ('law-and-society-rights-and-duties-a1', 'Rights & Duties - A1', 'Vocabulary about rights & duties', 'Learn essential vocabulary about rights & duties at A1 level.', 'A1', 4, 8, 'Law & Society', 'Rights & Duties', 0, 's660e4ba887a05dc31f4e') ON CONFLICT ("id") DO NOTHING;
INSERT INTO "VocabItem" ("id", "topicId", "word", "phonBr", "phonNAm", "meaning", "vietnameseMeaning", "partOfSpeech", "exampleSentence", "exampleTranslation", "synonyms", "antonyms", "collocations") VALUES ('law-and-society-rights-and-duties-a1-duty', 'law-and-society-rights-and-duties-a1', E'duty', E'/ˈdʒuːti/', E'/ˈduːti/', E'something that you have to do because it is your job or your responsibility', E'nghĩa vụ, bổn phận', 'noun', E'It is our duty to help others.', E'Giúp đỡ người khác là nghĩa vụ của chúng ta.', ARRAY['responsibility','obligation']::text[], '{}', ARRAY['do one''s duty','civic duty']::text[]) ON CONFLICT ("id") DO NOTHING;
INSERT INTO "VocabItem" ("id", "topicId", "word", "phonBr", "phonNAm", "meaning", "vietnameseMeaning", "partOfSpeech", "exampleSentence", "exampleTranslation", "synonyms", "antonyms", "collocations") VALUES ('law-and-society-rights-and-duties-a1-fair', 'law-and-society-rights-and-duties-a1', E'fair', E'/feə(r)/', E'/fer/', E'treating everyone in the same way according to the rules', E'công bằng', 'adjective', E'The game was fair for everyone.', E'Trò chơi rất công bằng với mọi người.', ARRAY['just','impartial']::text[], ARRAY['unfair']::text[], ARRAY['fair treatment','be fair']::text[]) ON CONFLICT ("id") DO NOTHING;
INSERT INTO "VocabItem" ("id", "topicId", "word", "phonBr", "phonNAm", "meaning", "vietnameseMeaning", "partOfSpeech", "exampleSentence", "exampleTranslation", "synonyms", "antonyms", "collocations") VALUES ('law-and-society-rights-and-duties-a1-obey', 'law-and-society-rights-and-duties-a1', E'obey', E'/əˈbeɪ/', E'/əˈbeɪ/', E'to do what you are told to do', E'vâng lời, tuân theo', 'verb', E'You must obey your parents.', E'Bạn phải vâng lời cha mẹ.', ARRAY['follow','comply']::text[], ARRAY['disobey']::text[], ARRAY['obey the law','obey rules']::text[]) ON CONFLICT ("id") DO NOTHING;
INSERT INTO "VocabItem" ("id", "topicId", "word", "phonBr", "phonNAm", "meaning", "vietnameseMeaning", "partOfSpeech", "exampleSentence", "exampleTranslation", "synonyms", "antonyms", "collocations") VALUES ('law-and-society-rights-and-duties-a1-free', 'law-and-society-rights-and-duties-a1', E'free', E'/friː/', E'/friː/', E'having the power to do what you want', E'tự do', 'adjective', E'We are free to say what we think.', E'Chúng ta có quyền tự do nói lên suy nghĩ của mình.', ARRAY['independent']::text[], ARRAY['restricted']::text[], ARRAY['be free','freedom of speech']::text[]) ON CONFLICT ("id") DO NOTHING;

-- Topic: Rights & Duties - A2 (5 words)
INSERT INTO "Topic" ("id", "title", "subtitle", "description", "level", "wordCount", "estimatedTime", "category", "subcategory", "order", "topicGroupId") VALUES ('law-and-society-rights-and-duties-a2', 'Rights & Duties - A2', 'Vocabulary about rights & duties', 'Learn essential vocabulary about rights & duties at A2 level.', 'A2', 5, 10, 'Law & Society', 'Rights & Duties', 1, 's660e4ba887a05dc31f4e') ON CONFLICT ("id") DO NOTHING;
INSERT INTO "VocabItem" ("id", "topicId", "word", "phonBr", "phonNAm", "meaning", "vietnameseMeaning", "partOfSpeech", "exampleSentence", "exampleTranslation", "synonyms", "antonyms", "collocations") VALUES ('law-and-society-rights-and-duties-a2-allow', 'law-and-society-rights-and-duties-a2', E'allow', E'/əˈlaʊ/', E'/əˈlaʊ/', E'to give permission for someone to do something', E'cho phép', 'verb', E'The law does not allow stealing.', E'Pháp luật không cho phép hành vi trộm cắp.', ARRAY['permit','let']::text[], ARRAY['forbid']::text[], ARRAY['allow someone to do','strictly allowed']::text[]) ON CONFLICT ("id") DO NOTHING;
INSERT INTO "VocabItem" ("id", "topicId", "word", "phonBr", "phonNAm", "meaning", "vietnameseMeaning", "partOfSpeech", "exampleSentence", "exampleTranslation", "synonyms", "antonyms", "collocations") VALUES ('law-and-society-rights-and-duties-a2-legal', 'law-and-society-rights-and-duties-a2', E'legal', E'/ˈliːɡəl/', E'/ˈliːɡəl/', E'connected with the law', E'hợp pháp', 'adjective', E'Is it legal to park here?', E'Đậu xe ở đây có hợp pháp không?', ARRAY['lawful','permitted']::text[], ARRAY['illegal']::text[], ARRAY['legal action','legal right']::text[]) ON CONFLICT ("id") DO NOTHING;
INSERT INTO "VocabItem" ("id", "topicId", "word", "phonBr", "phonNAm", "meaning", "vietnameseMeaning", "partOfSpeech", "exampleSentence", "exampleTranslation", "synonyms", "antonyms", "collocations") VALUES ('law-and-society-rights-and-duties-a2-ban', 'law-and-society-rights-and-duties-a2', E'ban', E'/bæn/', E'/bæn/', E'to say officially that something cannot be done', E'cấm', 'verb', E'They decided to ban smoking in public places.', E'Họ quyết định cấm hút thuốc ở những nơi công cộng.', ARRAY['prohibit','forbid']::text[], ARRAY['allow']::text[], ARRAY['total ban','ban on something']::text[]) ON CONFLICT ("id") DO NOTHING;
INSERT INTO "VocabItem" ("id", "topicId", "word", "phonBr", "phonNAm", "meaning", "vietnameseMeaning", "partOfSpeech", "exampleSentence", "exampleTranslation", "synonyms", "antonyms", "collocations") VALUES ('law-and-society-rights-and-duties-a2-responsible', 'law-and-society-rights-and-duties-a2', E'responsible', E'/rɪˈspɒnsəbəl/', E'/rɪˈspɑːnsəbəl/', E'having a duty to deal with something', E'có trách nhiệm', 'adjective', E'Students are responsible for their own books.', E'Học sinh có trách nhiệm với sách vở của mình.', ARRAY['accountable','liable']::text[], ARRAY['irresponsible']::text[], ARRAY['responsible for','be held responsible']::text[]) ON CONFLICT ("id") DO NOTHING;
INSERT INTO "VocabItem" ("id", "topicId", "word", "phonBr", "phonNAm", "meaning", "vietnameseMeaning", "partOfSpeech", "exampleSentence", "exampleTranslation", "synonyms", "antonyms", "collocations") VALUES ('law-and-society-rights-and-duties-a2-voter', 'law-and-society-rights-and-duties-a2', E'voter', E'/ˈvəʊtər/', E'/ˈvoʊtər/', E'a person who has the right to vote in an election', E'cử tri, người đi bầu', 'noun', E'Every voter should go to the polling station.', E'Mỗi cử tri nên đến điểm bỏ phiếu.', ARRAY['elector']::text[], '{}', ARRAY['registered voter','eligible voter']::text[]) ON CONFLICT ("id") DO NOTHING;

-- Topic: Rights & Duties - B1 (7 words)
INSERT INTO "Topic" ("id", "title", "subtitle", "description", "level", "wordCount", "estimatedTime", "category", "subcategory", "order", "topicGroupId") VALUES ('law-and-society-rights-and-duties-b1', 'Rights & Duties - B1', 'Vocabulary about rights & duties', 'Learn essential vocabulary about rights & duties at B1 level.', 'B1', 7, 14, 'Law & Society', 'Rights & Duties', 2, 's660e4ba887a05dc31f4e') ON CONFLICT ("id") DO NOTHING;
INSERT INTO "VocabItem" ("id", "topicId", "word", "phonBr", "phonNAm", "meaning", "vietnameseMeaning", "partOfSpeech", "exampleSentence", "exampleTranslation", "synonyms", "antonyms", "collocations") VALUES ('law-and-society-rights-and-duties-b1-citizen', 'law-and-society-rights-and-duties-b1', E'citizen', E'/ˈsɪtɪzn/', E'/ˈsɪtɪzən/', E'a person who is a legal member of a country', E'công dân', 'noun', E'Every citizen has the right to vote in national elections.', E'Mỗi công dân đều có quyền bỏ phiếu trong các cuộc bầu cử quốc gia.', ARRAY['national','subject']::text[], ARRAY['foreigner']::text[], ARRAY['law-abiding citizen','private citizen']::text[]) ON CONFLICT ("id") DO NOTHING;
INSERT INTO "VocabItem" ("id", "topicId", "word", "phonBr", "phonNAm", "meaning", "vietnameseMeaning", "partOfSpeech", "exampleSentence", "exampleTranslation", "synonyms", "antonyms", "collocations") VALUES ('law-and-society-rights-and-duties-b1-prohibit', 'law-and-society-rights-and-duties-b1', E'prohibit', E'/prəˈhɪbɪt/', E'/proʊˈhɪbɪt/', E'to stop something by law or rule', E'cấm', 'verb', E'The new law will prohibit smoking in public parks.', E'Luật mới sẽ cấm hút thuốc tại các công viên công cộng.', ARRAY['ban','forbid']::text[], ARRAY['allow']::text[], ARRAY['strictly prohibit','legally prohibit']::text[]) ON CONFLICT ("id") DO NOTHING;
INSERT INTO "VocabItem" ("id", "topicId", "word", "phonBr", "phonNAm", "meaning", "vietnameseMeaning", "partOfSpeech", "exampleSentence", "exampleTranslation", "synonyms", "antonyms", "collocations") VALUES ('law-and-society-rights-and-duties-b1-responsibility', 'law-and-society-rights-and-duties-b1', E'responsibility', E'/rɪˌspɒnsəˈbɪləti/', E'/riˌspɑːnsəˈbɪləti/', E'a duty to deal with something', E'trách nhiệm', 'noun', E'It is the responsibility of parents to look after their children.', E'Cha mẹ có trách nhiệm chăm sóc con cái.', ARRAY['accountability','duty']::text[], '{}', ARRAY['take responsibility','individual responsibility']::text[]) ON CONFLICT ("id") DO NOTHING;
INSERT INTO "VocabItem" ("id", "topicId", "word", "phonBr", "phonNAm", "meaning", "vietnameseMeaning", "partOfSpeech", "exampleSentence", "exampleTranslation", "synonyms", "antonyms", "collocations") VALUES ('law-and-society-rights-and-duties-b1-freedom', 'law-and-society-rights-and-duties-b1', E'freedom', E'/ˈfriːdəm/', E'/ˈfriːdəm/', E'the power or right to act, speak, or think as one wants', E'sự tự do', 'noun', E'Freedom of speech is a fundamental human right.', E'Tự do ngôn luận là một quyền con người cơ bản.', ARRAY['liberty','independence']::text[], ARRAY['oppression']::text[], ARRAY['personal freedom','freedom of speech']::text[]) ON CONFLICT ("id") DO NOTHING;
INSERT INTO "VocabItem" ("id", "topicId", "word", "phonBr", "phonNAm", "meaning", "vietnameseMeaning", "partOfSpeech", "exampleSentence", "exampleTranslation", "synonyms", "antonyms", "collocations") VALUES ('law-and-society-rights-and-duties-b1-violate', 'law-and-society-rights-and-duties-b1', E'violate', E'/ˈvaɪəleɪt/', E'/ˈvaɪəleɪt/', E'to break or fail to comply with a rule or law', E'vi phạm', 'verb', E'Those who violate the rules will be punished.', E'Những ai vi phạm các quy định sẽ bị trừng phạt.', ARRAY['breach','infringe']::text[], ARRAY['observe']::text[], ARRAY['violate the law','violate a right']::text[]) ON CONFLICT ("id") DO NOTHING;
INSERT INTO "VocabItem" ("id", "topicId", "word", "phonBr", "phonNAm", "meaning", "vietnameseMeaning", "partOfSpeech", "exampleSentence", "exampleTranslation", "synonyms", "antonyms", "collocations") VALUES ('law-and-society-rights-and-duties-b1-equality', 'law-and-society-rights-and-duties-b1', E'equality', E'/iˈkwɒləti/', E'/iˈkwɑːləti/', E'the state of being equal, especially in status, rights, and opportunities', E'sự bình đẳng', 'noun', E'The constitution guarantees equality for all citizens.', E'Hiến pháp bảo đảm sự bình đẳng cho tất cả công dân.', ARRAY['fairness','impartiality']::text[], ARRAY['inequality']::text[], ARRAY['social equality','gender equality']::text[]) ON CONFLICT ("id") DO NOTHING;
INSERT INTO "VocabItem" ("id", "topicId", "word", "phonBr", "phonNAm", "meaning", "vietnameseMeaning", "partOfSpeech", "exampleSentence", "exampleTranslation", "synonyms", "antonyms", "collocations") VALUES ('law-and-society-rights-and-duties-b1-comply', 'law-and-society-rights-and-duties-b1', E'comply', E'/kəmˈplaɪ/', E'/kəmˈplaɪ/', E'to act in accordance with a wish or command', E'tuân thủ', 'verb', E'The company must comply with safety regulations.', E'Công ty phải tuân thủ các quy định an toàn.', ARRAY['obey','observe']::text[], ARRAY['defy']::text[], ARRAY['comply with','fully comply']::text[]) ON CONFLICT ("id") DO NOTHING;

-- Topic: Rights & Duties - B2 (9 words)
INSERT INTO "Topic" ("id", "title", "subtitle", "description", "level", "wordCount", "estimatedTime", "category", "subcategory", "order", "topicGroupId") VALUES ('law-and-society-rights-and-duties-b2', 'Rights & Duties - B2', 'Vocabulary about rights & duties', 'Learn essential vocabulary about rights & duties at B2 level.', 'B2', 9, 18, 'Law & Society', 'Rights & Duties', 3, 's660e4ba887a05dc31f4e') ON CONFLICT ("id") DO NOTHING;
INSERT INTO "VocabItem" ("id", "topicId", "word", "phonBr", "phonNAm", "meaning", "vietnameseMeaning", "partOfSpeech", "exampleSentence", "exampleTranslation", "synonyms", "antonyms", "collocations") VALUES ('law-and-society-rights-and-duties-b2-obligation', 'law-and-society-rights-and-duties-b2', E'obligation', E'/ˌɒblɪˈɡeɪʃn/', E'/ˌɑːblɪˈɡeɪʃn/', E'a duty or commitment to do something', E'nghĩa vụ', 'noun', E'Citizens have a legal obligation to pay taxes to the state.', E'Công dân có nghĩa vụ pháp lý phải đóng thuế cho nhà nước.', ARRAY['duty','responsibility']::text[], ARRAY['discretion']::text[], ARRAY['legal obligation','moral obligation']::text[]) ON CONFLICT ("id") DO NOTHING;
INSERT INTO "VocabItem" ("id", "topicId", "word", "phonBr", "phonNAm", "meaning", "vietnameseMeaning", "partOfSpeech", "exampleSentence", "exampleTranslation", "synonyms", "antonyms", "collocations") VALUES ('law-and-society-rights-and-duties-b2-entitlement', 'law-and-society-rights-and-duties-b2', E'entitlement', E'/ɪnˈtaɪtlmənt/', E'/ɪnˈtaɪtlmənt/', E'the fact of having a right to something', E'quyền lợi', 'noun', E'The new law clarifies the entitlement of employees to paid leave.', E'Luật mới làm rõ quyền lợi của nhân viên đối với việc nghỉ phép có lương.', ARRAY['right','claim']::text[], '{}', ARRAY['social entitlement','claim entitlement']::text[]) ON CONFLICT ("id") DO NOTHING;
INSERT INTO "VocabItem" ("id", "topicId", "word", "phonBr", "phonNAm", "meaning", "vietnameseMeaning", "partOfSpeech", "exampleSentence", "exampleTranslation", "synonyms", "antonyms", "collocations") VALUES ('law-and-society-rights-and-duties-b2-infringe', 'law-and-society-rights-and-duties-b2', E'infringe', E'/ɪnˈfrɪndʒ/', E'/ɪnˈfrɪndʒ/', E'to actively break the terms of a law or agreement', E'vi phạm', 'verb', E'The government must ensure that new policies do not infringe upon individual privacy.', E'Chính phủ phải đảm bảo rằng các chính sách mới không vi phạm quyền riêng tư của cá nhân.', ARRAY['violate','breach']::text[], ARRAY['comply']::text[], ARRAY['infringe upon','infringe rights']::text[]) ON CONFLICT ("id") DO NOTHING;
INSERT INTO "VocabItem" ("id", "topicId", "word", "phonBr", "phonNAm", "meaning", "vietnameseMeaning", "partOfSpeech", "exampleSentence", "exampleTranslation", "synonyms", "antonyms", "collocations") VALUES ('law-and-society-rights-and-duties-b2-accountable', 'law-and-society-rights-and-duties-b2', E'accountable', E'/əˈkaʊntəbl/', E'/əˈkaʊntəbl/', E'required or expected to justify actions or decisions', E'chịu trách nhiệm', 'adjective', E'Public officials should be held accountable for their actions.', E'Các quan chức nhà nước cần phải chịu trách nhiệm về những hành động của mình.', ARRAY['responsible','liable']::text[], ARRAY['irresponsible']::text[], ARRAY['held accountable','remain accountable']::text[]) ON CONFLICT ("id") DO NOTHING;
INSERT INTO "VocabItem" ("id", "topicId", "word", "phonBr", "phonNAm", "meaning", "vietnameseMeaning", "partOfSpeech", "exampleSentence", "exampleTranslation", "synonyms", "antonyms", "collocations") VALUES ('law-and-society-rights-and-duties-b2-uphold', 'law-and-society-rights-and-duties-b2', E'uphold', E'/ʌpˈhəʊld/', E'/ʌpˈhoʊld/', E'to maintain or support a law, principle, or decision', E'duy trì, bảo vệ (luật pháp)', 'verb', E'The court is committed to upholding the rights of all citizens.', E'Tòa án cam kết bảo vệ quyền lợi của tất cả công dân.', ARRAY['defend','maintain']::text[], ARRAY['overturn']::text[], ARRAY['uphold the law','uphold justice']::text[]) ON CONFLICT ("id") DO NOTHING;
INSERT INTO "VocabItem" ("id", "topicId", "word", "phonBr", "phonNAm", "meaning", "vietnameseMeaning", "partOfSpeech", "exampleSentence", "exampleTranslation", "synonyms", "antonyms", "collocations") VALUES ('law-and-society-rights-and-duties-b2-mandatory', 'law-and-society-rights-and-duties-b2', E'mandatory', E'/ˈmændətəri/', E'/ˈmændətɔːri/', E'required by law or rules; compulsory', E'bắt buộc', 'adjective', E'It is mandatory for all citizens to carry identification in this country.', E'Việc tất cả công dân mang theo giấy tờ tùy thân là bắt buộc ở đất nước này.', ARRAY['compulsory','obligatory']::text[], ARRAY['optional']::text[], ARRAY['mandatory requirement','mandatory attendance']::text[]) ON CONFLICT ("id") DO NOTHING;
INSERT INTO "VocabItem" ("id", "topicId", "word", "phonBr", "phonNAm", "meaning", "vietnameseMeaning", "partOfSpeech", "exampleSentence", "exampleTranslation", "synonyms", "antonyms", "collocations") VALUES ('law-and-society-rights-and-duties-b2-enforce', 'law-and-society-rights-and-duties-b2', E'enforce', E'/ɪnˈfɔːs/', E'/ɪnˈfɔːrs/', E'to compel observance of a law, rule, or obligation', E'thi hành, thực thi', 'verb', E'The police are responsible for enforcing traffic laws.', E'Cảnh sát chịu trách nhiệm thực thi luật giao thông.', ARRAY['implement','apply']::text[], '{}', ARRAY['enforce the law','strictly enforce']::text[]) ON CONFLICT ("id") DO NOTHING;
INSERT INTO "VocabItem" ("id", "topicId", "word", "phonBr", "phonNAm", "meaning", "vietnameseMeaning", "partOfSpeech", "exampleSentence", "exampleTranslation", "synonyms", "antonyms", "collocations") VALUES ('law-and-society-rights-and-duties-b2-civil', 'law-and-society-rights-and-duties-b2', E'civil', E'/ˈsɪvl/', E'/ˈsɪvl/', E'relating to ordinary citizens and their concerns', E'thuộc về dân sự', 'adjective', E'Every individual is entitled to civil liberties under the constitution.', E'Mỗi cá nhân đều được hưởng các quyền tự do dân sự theo hiến pháp.', ARRAY['secular','public']::text[], ARRAY['criminal']::text[], ARRAY['civil rights','civil society']::text[]) ON CONFLICT ("id") DO NOTHING;
INSERT INTO "VocabItem" ("id", "topicId", "word", "phonBr", "phonNAm", "meaning", "vietnameseMeaning", "partOfSpeech", "exampleSentence", "exampleTranslation", "synonyms", "antonyms", "collocations") VALUES ('law-and-society-rights-and-duties-b2-immunity', 'law-and-society-rights-and-duties-b2', E'immunity', E'/ɪˈmjuːnəti/', E'/ɪˈmjuːnəti/', E'exemption from penalties or legal requirements', E'quyền miễn trừ', 'noun', E'Diplomats often have legal immunity while serving in a foreign country.', E'Các nhà ngoại giao thường có quyền miễn trừ pháp lý khi phục vụ tại nước ngoài.', ARRAY['exemption','impunity']::text[], '{}', ARRAY['legal immunity','diplomatic immunity']::text[]) ON CONFLICT ("id") DO NOTHING;

-- Topic: Rights & Duties - C1 (7 words)
INSERT INTO "Topic" ("id", "title", "subtitle", "description", "level", "wordCount", "estimatedTime", "category", "subcategory", "order", "topicGroupId") VALUES ('law-and-society-rights-and-duties-c1', 'Rights & Duties - C1', 'Vocabulary about rights & duties', 'Learn essential vocabulary about rights & duties at C1 level.', 'C1', 7, 14, 'Law & Society', 'Rights & Duties', 4, 's660e4ba887a05dc31f4e') ON CONFLICT ("id") DO NOTHING;
INSERT INTO "VocabItem" ("id", "topicId", "word", "phonBr", "phonNAm", "meaning", "vietnameseMeaning", "partOfSpeech", "exampleSentence", "exampleTranslation", "synonyms", "antonyms", "collocations") VALUES ('law-and-society-rights-and-duties-c1-enfranchise', 'law-and-society-rights-and-duties-c1', E'enfranchise', E'/ɪnˈfræn.tʃaɪz/', E'/ɪnˈfræn.tʃaɪz/', E'to give someone the right to vote', E'trao quyền bầu cử', 'verb', E'The new legislation aims to enfranchise citizens who were previously excluded from the electoral process.', E'Đạo luật mới nhằm mục đích trao quyền bầu cử cho những công dân trước đây từng bị loại khỏi quy trình bầu cử.', ARRAY['empower','liberate']::text[], ARRAY['disenfranchise']::text[], ARRAY['formally enfranchise','fully enfranchise']::text[]) ON CONFLICT ("id") DO NOTHING;
INSERT INTO "VocabItem" ("id", "topicId", "word", "phonBr", "phonNAm", "meaning", "vietnameseMeaning", "partOfSpeech", "exampleSentence", "exampleTranslation", "synonyms", "antonyms", "collocations") VALUES ('law-and-society-rights-and-duties-c1-prerogative', 'law-and-society-rights-and-duties-c1', E'prerogative', E'/prɪˈrɒɡ.ə.tɪv/', E'/prəˈrɑː.ɡə.t̬ɪv/', E'a right or privilege exclusive to a particular individual or class', E'đặc quyền', 'noun', E'It is the president''s prerogative to grant pardons to convicted individuals.', E'Đặc quyền của tổng thống là ân xá cho những cá nhân đã bị kết án.', ARRAY['entitlement','privilege']::text[], '{}', ARRAY['exclusive prerogative','exercise a prerogative']::text[]) ON CONFLICT ("id") DO NOTHING;
INSERT INTO "VocabItem" ("id", "topicId", "word", "phonBr", "phonNAm", "meaning", "vietnameseMeaning", "partOfSpeech", "exampleSentence", "exampleTranslation", "synonyms", "antonyms", "collocations") VALUES ('law-and-society-rights-and-duties-c1-codify', 'law-and-society-rights-and-duties-c1', E'codify', E'/ˈkəʊ.dɪ.faɪ/', E'/ˈkoʊ.də.faɪ/', E'to arrange laws or rules into a systematic code', E'hệ thống hóa luật pháp', 'verb', E'The committee sought to codify the existing common law principles into a single statute.', E'Ủy ban đã tìm cách hệ thống hóa các nguyên tắc thông luật hiện hành thành một đạo luật duy nhất.', ARRAY['systematize','formalize']::text[], '{}', ARRAY['codify laws','codify rights']::text[]) ON CONFLICT ("id") DO NOTHING;
INSERT INTO "VocabItem" ("id", "topicId", "word", "phonBr", "phonNAm", "meaning", "vietnameseMeaning", "partOfSpeech", "exampleSentence", "exampleTranslation", "synonyms", "antonyms", "collocations") VALUES ('law-and-society-rights-and-duties-c1-infringement', 'law-and-society-rights-and-duties-c1', E'infringement', E'/ɪnˈfrɪnʒ.mənt/', E'/ɪnˈfrɪnʒ.mənt/', E'the action of breaking the terms of a law or agreement', E'sự vi phạm (quyền)', 'noun', E'The activists argued that the new surveillance measures constitute an infringement of personal privacy.', E'Các nhà hoạt động lập luận rằng các biện pháp giám sát mới cấu thành sự vi phạm quyền riêng tư cá nhân.', ARRAY['breach','violation']::text[], '{}', ARRAY['copyright infringement','serious infringement']::text[]) ON CONFLICT ("id") DO NOTHING;
INSERT INTO "VocabItem" ("id", "topicId", "word", "phonBr", "phonNAm", "meaning", "vietnameseMeaning", "partOfSpeech", "exampleSentence", "exampleTranslation", "synonyms", "antonyms", "collocations") VALUES ('law-and-society-rights-and-duties-c1-inalienable', 'law-and-society-rights-and-duties-c1', E'inalienable', E'/ɪnˈeɪ.li.ə.nə.bəl/', E'/ɪnˈeɪ.li.ə.nə.bəl/', E'unable to be taken away from or given away by the possessor', E'không thể tước bỏ', 'adjective', E'Human rights are considered inalienable, regardless of a person''s nationality or status.', E'Quyền con người được coi là không thể tước bỏ, bất kể quốc tịch hay địa vị của một người.', ARRAY['untouchable','absolute']::text[], ARRAY['alienable']::text[], ARRAY['inalienable rights','inalienable freedom']::text[]) ON CONFLICT ("id") DO NOTHING;
INSERT INTO "VocabItem" ("id", "topicId", "word", "phonBr", "phonNAm", "meaning", "vietnameseMeaning", "partOfSpeech", "exampleSentence", "exampleTranslation", "synonyms", "antonyms", "collocations") VALUES ('law-and-society-rights-and-duties-c1-discretionary', 'law-and-society-rights-and-duties-c1', E'discretionary', E'/dɪˈskreʃ.ən.ər.i/', E'/dɪˈskreʃ.ə.ner.i/', E'available to be used when and how you decide', E'tùy ý, theo quyết định riêng', 'adjective', E'The judge has the discretionary power to reduce the sentence based on mitigating circumstances.', E'Thẩm phán có quyền tùy ý giảm án dựa trên các tình tiết giảm nhẹ.', ARRAY['optional','voluntary']::text[], ARRAY['mandatory']::text[], ARRAY['discretionary power','discretionary authority']::text[]) ON CONFLICT ("id") DO NOTHING;
INSERT INTO "VocabItem" ("id", "topicId", "word", "phonBr", "phonNAm", "meaning", "vietnameseMeaning", "partOfSpeech", "exampleSentence", "exampleTranslation", "synonyms", "antonyms", "collocations") VALUES ('law-and-society-rights-and-duties-c1-accountability', 'law-and-society-rights-and-duties-c1', E'accountability', E'/əˌkaʊn.təˈbɪl.ə.ti/', E'/əˌkaʊn.təˈbɪl.ə.t̬i/', E'the fact of being responsible for your decisions or actions', E'trách nhiệm giải trình', 'noun', E'Public officials must maintain a high level of accountability to the citizens they serve.', E'Các quan chức công phải duy trì mức độ trách nhiệm giải trình cao đối với những công dân mà họ phục vụ.', ARRAY['responsibility','liability']::text[], '{}', ARRAY['public accountability','ensure accountability']::text[]) ON CONFLICT ("id") DO NOTHING;

-- Topic: Rights & Duties - C2 (7 words)
INSERT INTO "Topic" ("id", "title", "subtitle", "description", "level", "wordCount", "estimatedTime", "category", "subcategory", "order", "topicGroupId") VALUES ('law-and-society-rights-and-duties-c2', 'Rights & Duties - C2', 'Vocabulary about rights & duties', 'Learn essential vocabulary about rights & duties at C2 level.', 'C2', 7, 14, 'Law & Society', 'Rights & Duties', 5, 's660e4ba887a05dc31f4e') ON CONFLICT ("id") DO NOTHING;
INSERT INTO "VocabItem" ("id", "topicId", "word", "phonBr", "phonNAm", "meaning", "vietnameseMeaning", "partOfSpeech", "exampleSentence", "exampleTranslation", "synonyms", "antonyms", "collocations") VALUES ('law-and-society-rights-and-duties-c2-enfranchisement', 'law-and-society-rights-and-duties-c2', E'enfranchisement', E'/ɪnˈfræn.tʃɪz.mənt/', E'/ɪnˈfræn.tʃaɪz.mənt/', E'the granting of the right to vote', E'quyền bầu cử', 'noun', E'The movement focused on the universal enfranchisement of all adult citizens regardless of gender or race.', E'Phong trào tập trung vào việc trao quyền bầu cử phổ thông cho tất cả công dân trưởng thành bất kể giới tính hay chủng tộc.', ARRAY['suffrage','franchise']::text[], ARRAY['disenfranchisement']::text[], ARRAY['universal enfranchisement','political enfranchisement']::text[]) ON CONFLICT ("id") DO NOTHING;
INSERT INTO "VocabItem" ("id", "topicId", "word", "phonBr", "phonNAm", "meaning", "vietnameseMeaning", "partOfSpeech", "exampleSentence", "exampleTranslation", "synonyms", "antonyms", "collocations") VALUES ('law-and-society-rights-and-duties-c2-fiduciary', 'law-and-society-rights-and-duties-c2', E'fiduciary', E'/fɪˈdʒuː.ʃi.er.i/', E'/fɪˈduː.ʃi.er.i/', E'involving a confidence or trust, especially regarding financial matters', E'thuộc về trách nhiệm ủy thác', 'adjective', E'The directors have a fiduciary duty to act in the best interests of the company shareholders.', E'Các giám đốc có nghĩa vụ ủy thác phải hành động vì lợi ích tốt nhất của các cổ đông công ty.', ARRAY['trustee','confidential']::text[], '{}', ARRAY['fiduciary duty','fiduciary responsibility']::text[]) ON CONFLICT ("id") DO NOTHING;
INSERT INTO "VocabItem" ("id", "topicId", "word", "phonBr", "phonNAm", "meaning", "vietnameseMeaning", "partOfSpeech", "exampleSentence", "exampleTranslation", "synonyms", "antonyms", "collocations") VALUES ('law-and-society-rights-and-duties-c2-abrogate', 'law-and-society-rights-and-duties-c2', E'abrogate', E'/ˈæb.rə.ɡeɪt/', E'/ˈæb.rə.ɡeɪt/', E'to repeal or do away with a law, right, or formal agreement', E'bãi bỏ, hủy bỏ', 'verb', E'The government cannot unilaterally abrogate the treaty without facing significant international repercussions.', E'Chính phủ không thể đơn phương hủy bỏ hiệp ước mà không phải đối mặt với những hậu quả quốc tế nghiêm trọng.', ARRAY['repeal','rescind']::text[], ARRAY['enact']::text[], ARRAY['abrogate a treaty','abrogate rights']::text[]) ON CONFLICT ("id") DO NOTHING;
INSERT INTO "VocabItem" ("id", "topicId", "word", "phonBr", "phonNAm", "meaning", "vietnameseMeaning", "partOfSpeech", "exampleSentence", "exampleTranslation", "synonyms", "antonyms", "collocations") VALUES ('law-and-society-rights-and-duties-c2-indefeasible', 'law-and-society-rights-and-duties-c2', E'indefeasible', E'/ˌɪn.dɪˈfiː.zə.bəl/', E'/ˌɪn.dɪˈfiː.zə.bəl/', E'not able to be lost, annulled, or overturned', E'không thể bị hủy bỏ, không thể tước đoạt', 'adjective', E'Human rights are often described as indefeasible entitlements that no state should undermine.', E'Quyền con người thường được mô tả là những quyền lợi không thể tước đoạt mà không quốc gia nào được phép làm suy yếu.', ARRAY['inalienable','absolute']::text[], ARRAY['defeasible']::text[], ARRAY['indefeasible right','indefeasible title']::text[]) ON CONFLICT ("id") DO NOTHING;
INSERT INTO "VocabItem" ("id", "topicId", "word", "phonBr", "phonNAm", "meaning", "vietnameseMeaning", "partOfSpeech", "exampleSentence", "exampleTranslation", "synonyms", "antonyms", "collocations") VALUES ('law-and-society-rights-and-duties-c2-redress', 'law-and-society-rights-and-duties-c2', E'redress', E'/rɪˈdres/', E'/rɪˈdres/', E'remedy or compensation for a wrong or grievance', E'sự bồi thường, sự khắc phục', 'noun', E'Citizens have the right to seek legal redress if they feel their civil liberties have been violated.', E'Công dân có quyền tìm kiếm sự bồi thường pháp lý nếu họ cảm thấy các quyền tự do dân sự của mình bị vi phạm.', ARRAY['remedy','reparation']::text[], '{}', ARRAY['seek redress','legal redress']::text[]) ON CONFLICT ("id") DO NOTHING;
INSERT INTO "VocabItem" ("id", "topicId", "word", "phonBr", "phonNAm", "meaning", "vietnameseMeaning", "partOfSpeech", "exampleSentence", "exampleTranslation", "synonyms", "antonyms", "collocations") VALUES ('law-and-society-rights-and-duties-c2-subrogation', 'law-and-society-rights-and-duties-c2', E'subrogation', E'/ˌsʌb.rəˈɡeɪ.ʃən/', E'/ˌsʌb.rəˈɡeɪ.ʃən/', E'the substitution of one person or group by another in respect of a debt or insurance claim', E'sự thế quyền', 'noun', E'Through the principle of subrogation, the insurance company gained the right to sue the party responsible for the damage.', E'Thông qua nguyên tắc thế quyền, công ty bảo hiểm đã có quyền kiện bên chịu trách nhiệm cho thiệt hại.', ARRAY['substitution','replacement']::text[], '{}', ARRAY['right of subrogation','principle of subrogation']::text[]) ON CONFLICT ("id") DO NOTHING;
INSERT INTO "VocabItem" ("id", "topicId", "word", "phonBr", "phonNAm", "meaning", "vietnameseMeaning", "partOfSpeech", "exampleSentence", "exampleTranslation", "synonyms", "antonyms", "collocations") VALUES ('law-and-society-rights-and-duties-c2-immunities', 'law-and-society-rights-and-duties-c2', E'immunities', E'/ɪˈmjuː.nə.tiz/', E'/ɪˈmjuː.nə.tiz/', E'exemptions from legal obligations or penalties', E'quyền miễn trừ', 'noun', E'Diplomatic immunities protect foreign officials from prosecution while they are serving abroad.', E'Quyền miễn trừ ngoại giao bảo vệ các quan chức nước ngoài khỏi bị truy tố trong khi họ đang công tác ở nước ngoài.', ARRAY['exemptions','privileges']::text[], ARRAY['liability']::text[], ARRAY['diplomatic immunities','sovereign immunities']::text[]) ON CONFLICT ("id") DO NOTHING;

-- Topic: Social Issues - A1 (3 words)
INSERT INTO "Topic" ("id", "title", "subtitle", "description", "level", "wordCount", "estimatedTime", "category", "subcategory", "order", "topicGroupId") VALUES ('law-and-society-social-issues-a1', 'Social Issues - A1', 'Vocabulary about social issues', 'Learn essential vocabulary about social issues at A1 level.', 'A1', 3, 6, 'Law & Society', 'Social Issues', 0, 's660e4ba887a05dc31f4e') ON CONFLICT ("id") DO NOTHING;
INSERT INTO "VocabItem" ("id", "topicId", "word", "phonBr", "phonNAm", "meaning", "vietnameseMeaning", "partOfSpeech", "exampleSentence", "exampleTranslation", "synonyms", "antonyms", "collocations") VALUES ('law-and-society-social-issues-a1-poor', 'law-and-society-social-issues-a1', E'poor', E'/pɔː(r)/', E'/pʊr/', E'Having very little money', E'Nghèo', 'adjective', E'The family is very poor.', E'Gia đình đó rất nghèo.', ARRAY['needy','impoverished']::text[], ARRAY['rich']::text[], ARRAY['poor people','very poor']::text[]) ON CONFLICT ("id") DO NOTHING;
INSERT INTO "VocabItem" ("id", "topicId", "word", "phonBr", "phonNAm", "meaning", "vietnameseMeaning", "partOfSpeech", "exampleSentence", "exampleTranslation", "synonyms", "antonyms", "collocations") VALUES ('law-and-society-social-issues-a1-give', 'law-and-society-social-issues-a1', E'give', E'/ɡɪv/', E'/ɡɪv/', E'To offer something to someone', E'Cho, tặng', 'verb', E'We give clothes to poor people.', E'Chúng tôi tặng quần áo cho những người nghèo.', ARRAY['donate','provide']::text[], ARRAY['take']::text[], ARRAY['give help','give money']::text[]) ON CONFLICT ("id") DO NOTHING;
INSERT INTO "VocabItem" ("id", "topicId", "word", "phonBr", "phonNAm", "meaning", "vietnameseMeaning", "partOfSpeech", "exampleSentence", "exampleTranslation", "synonyms", "antonyms", "collocations") VALUES ('law-and-society-social-issues-a1-dirty', 'law-and-society-social-issues-a1', E'dirty', E'/ˈdɜːti/', E'/ˈdɜːrti/', E'Not clean', E'Bẩn', 'adjective', E'The street is very dirty.', E'Con phố này rất bẩn.', ARRAY['filthy','messy']::text[], ARRAY['clean']::text[], ARRAY['dirty water','dirty street']::text[]) ON CONFLICT ("id") DO NOTHING;

-- Topic: Social Issues - A2 (2 words)
INSERT INTO "Topic" ("id", "title", "subtitle", "description", "level", "wordCount", "estimatedTime", "category", "subcategory", "order", "topicGroupId") VALUES ('law-and-society-social-issues-a2', 'Social Issues - A2', 'Vocabulary about social issues', 'Learn essential vocabulary about social issues at A2 level.', 'A2', 2, 4, 'Law & Society', 'Social Issues', 1, 's660e4ba887a05dc31f4e') ON CONFLICT ("id") DO NOTHING;
INSERT INTO "VocabItem" ("id", "topicId", "word", "phonBr", "phonNAm", "meaning", "vietnameseMeaning", "partOfSpeech", "exampleSentence", "exampleTranslation", "synonyms", "antonyms", "collocations") VALUES ('law-and-society-social-issues-a2-problem', 'law-and-society-social-issues-a2', E'problem', E'/ˈprɒbləm/', E'/ˈprɑːbləm/', E'a situation that causes difficulty', E'vấn đề', 'noun', E'Pollution is a big problem for our society.', E'Ô nhiễm là một vấn đề lớn đối với xã hội của chúng ta.', ARRAY['issue']::text[], ARRAY['solution']::text[], ARRAY['solve a problem','big problem']::text[]) ON CONFLICT ("id") DO NOTHING;
INSERT INTO "VocabItem" ("id", "topicId", "word", "phonBr", "phonNAm", "meaning", "vietnameseMeaning", "partOfSpeech", "exampleSentence", "exampleTranslation", "synonyms", "antonyms", "collocations") VALUES ('law-and-society-social-issues-a2-change', 'law-and-society-social-issues-a2', E'change', E'/tʃeɪndʒ/', E'/tʃeɪndʒ/', E'to make something different', E'thay đổi', 'verb', E'We want to change the laws to help the poor.', E'Chúng tôi muốn thay đổi luật lệ để giúp đỡ người nghèo.', ARRAY['alter']::text[], ARRAY['keep']::text[], ARRAY['make a change','change the law']::text[]) ON CONFLICT ("id") DO NOTHING;

-- Topic: Social Issues - B1 (8 words)
INSERT INTO "Topic" ("id", "title", "subtitle", "description", "level", "wordCount", "estimatedTime", "category", "subcategory", "order", "topicGroupId") VALUES ('law-and-society-social-issues-b1', 'Social Issues - B1', 'Vocabulary about social issues', 'Learn essential vocabulary about social issues at B1 level.', 'B1', 8, 16, 'Law & Society', 'Social Issues', 2, 's660e4ba887a05dc31f4e') ON CONFLICT ("id") DO NOTHING;
INSERT INTO "VocabItem" ("id", "topicId", "word", "phonBr", "phonNAm", "meaning", "vietnameseMeaning", "partOfSpeech", "exampleSentence", "exampleTranslation", "synonyms", "antonyms", "collocations") VALUES ('law-and-society-social-issues-b1-poverty', 'law-and-society-social-issues-b1', E'poverty', E'/ˈpɒvəti/', E'/ˈpɑːvərti/', E'the state of being extremely poor', E'sự nghèo đói', 'noun', E'The government is working on new policies to reduce poverty in rural areas.', E'Chính phủ đang thực hiện các chính sách mới để giảm nghèo ở các vùng nông thôn.', ARRAY['destitution','penury']::text[], ARRAY['wealth']::text[], ARRAY['alleviate poverty','extreme poverty']::text[]) ON CONFLICT ("id") DO NOTHING;
INSERT INTO "VocabItem" ("id", "topicId", "word", "phonBr", "phonNAm", "meaning", "vietnameseMeaning", "partOfSpeech", "exampleSentence", "exampleTranslation", "synonyms", "antonyms", "collocations") VALUES ('law-and-society-social-issues-b1-homeless', 'law-and-society-social-issues-b1', E'homeless', E'/ˈhəʊmləs/', E'/ˈhoʊmləs/', E'without a home', E'vô gia cư', 'adjective', E'Many charities provide food and shelter for homeless people during winter.', E'Nhiều tổ chức từ thiện cung cấp thức ăn và nơi ở cho người vô gia cư trong mùa đông.', ARRAY['unsheltered','displaced']::text[], ARRAY['housed']::text[], ARRAY['homeless people','homeless shelter']::text[]) ON CONFLICT ("id") DO NOTHING;
INSERT INTO "VocabItem" ("id", "topicId", "word", "phonBr", "phonNAm", "meaning", "vietnameseMeaning", "partOfSpeech", "exampleSentence", "exampleTranslation", "synonyms", "antonyms", "collocations") VALUES ('law-and-society-social-issues-b1-discrimination', 'law-and-society-social-issues-b1', E'discrimination', E'/dɪˌskrɪmɪˈneɪʃn/', E'/dɪˌskrɪmɪˈneɪʃn/', E'unfair treatment of different categories of people', E'sự phân biệt đối xử', 'noun', E'Laws exist to protect citizens against discrimination based on race or religion.', E'Các đạo luật tồn tại để bảo vệ công dân chống lại sự phân biệt đối xử dựa trên chủng tộc hoặc tôn giáo.', ARRAY['prejudice','bias']::text[], '{}', ARRAY['face discrimination','racial discrimination']::text[]) ON CONFLICT ("id") DO NOTHING;
INSERT INTO "VocabItem" ("id", "topicId", "word", "phonBr", "phonNAm", "meaning", "vietnameseMeaning", "partOfSpeech", "exampleSentence", "exampleTranslation", "synonyms", "antonyms", "collocations") VALUES ('law-and-society-social-issues-b1-unemployment', 'law-and-society-social-issues-b1', E'unemployment', E'/ˌʌnɪmˈplɔɪmənt/', E'/ˌʌnɪmˈplɔɪmənt/', E'the state of being unemployed', E'tình trạng thất nghiệp', 'noun', E'High unemployment rates often lead to social instability.', E'Tỷ lệ thất nghiệp cao thường dẫn đến mất ổn định xã hội.', ARRAY['joblessness']::text[], ARRAY['employment']::text[], ARRAY['high unemployment','tackle unemployment']::text[]) ON CONFLICT ("id") DO NOTHING;
INSERT INTO "VocabItem" ("id", "topicId", "word", "phonBr", "phonNAm", "meaning", "vietnameseMeaning", "partOfSpeech", "exampleSentence", "exampleTranslation", "synonyms", "antonyms", "collocations") VALUES ('law-and-society-social-issues-b1-protest', 'law-and-society-social-issues-b1', E'protest', E'/ˈprəʊtest/', E'/ˈproʊtest/', E'a public expression of objection or disapproval', E'cuộc biểu tình', 'noun', E'Students held a peaceful protest against the new tuition fees.', E'Sinh viên đã tổ chức một cuộc biểu tình ôn hòa phản đối học phí mới.', ARRAY['demonstration','rally']::text[], '{}', ARRAY['hold a protest','peaceful protest']::text[]) ON CONFLICT ("id") DO NOTHING;
INSERT INTO "VocabItem" ("id", "topicId", "word", "phonBr", "phonNAm", "meaning", "vietnameseMeaning", "partOfSpeech", "exampleSentence", "exampleTranslation", "synonyms", "antonyms", "collocations") VALUES ('law-and-society-social-issues-b1-justice', 'law-and-society-social-issues-b1', E'justice', E'/ˈdʒʌstɪs/', E'/ˈdʒʌstɪs/', E'fairness in the way people are dealt with', E'công lý', 'noun', E'The community is demanding justice for the victims of the crime.', E'Cộng đồng đang đòi công lý cho các nạn nhân của vụ án.', ARRAY['fairness','equity']::text[], ARRAY['injustice']::text[], ARRAY['social justice','serve justice']::text[]) ON CONFLICT ("id") DO NOTHING;
INSERT INTO "VocabItem" ("id", "topicId", "word", "phonBr", "phonNAm", "meaning", "vietnameseMeaning", "partOfSpeech", "exampleSentence", "exampleTranslation", "synonyms", "antonyms", "collocations") VALUES ('law-and-society-social-issues-b1-censor', 'law-and-society-social-issues-b1', E'censor', E'/ˈsensə(r)/', E'/ˈsensər/', E'to suppress unacceptable parts of something', E'kiểm duyệt', 'verb', E'Some countries choose to censor the internet to control information.', E'Một số quốc gia chọn kiểm duyệt internet để kiểm soát thông tin.', ARRAY['ban','suppress']::text[], '{}', ARRAY['censor information','government censor']::text[]) ON CONFLICT ("id") DO NOTHING;
INSERT INTO "VocabItem" ("id", "topicId", "word", "phonBr", "phonNAm", "meaning", "vietnameseMeaning", "partOfSpeech", "exampleSentence", "exampleTranslation", "synonyms", "antonyms", "collocations") VALUES ('law-and-society-social-issues-b1-overcrowded', 'law-and-society-social-issues-b1', E'overcrowded', E'/ˌəʊvəˈkraʊdɪd/', E'/ˌoʊvərˈkraʊdɪd/', E'having too many people or things in a space', E'quá đông đúc', 'adjective', E'The city is struggling to manage its overcrowded public transport system.', E'Thành phố đang chật vật quản lý hệ thống giao thông công cộng quá đông đúc của mình.', ARRAY['congested','packed']::text[], ARRAY['spacious']::text[], ARRAY['overcrowded city','overcrowded prison']::text[]) ON CONFLICT ("id") DO NOTHING;

-- Topic: Social Issues - B2 (6 words)
INSERT INTO "Topic" ("id", "title", "subtitle", "description", "level", "wordCount", "estimatedTime", "category", "subcategory", "order", "topicGroupId") VALUES ('law-and-society-social-issues-b2', 'Social Issues - B2', 'Vocabulary about social issues', 'Learn essential vocabulary about social issues at B2 level.', 'B2', 6, 12, 'Law & Society', 'Social Issues', 3, 's660e4ba887a05dc31f4e') ON CONFLICT ("id") DO NOTHING;
INSERT INTO "VocabItem" ("id", "topicId", "word", "phonBr", "phonNAm", "meaning", "vietnameseMeaning", "partOfSpeech", "exampleSentence", "exampleTranslation", "synonyms", "antonyms", "collocations") VALUES ('law-and-society-social-issues-b2-inequality', 'law-and-society-social-issues-b2', E'inequality', E'/ˌɪnɪˈkwɒləti/', E'/ˌɪnɪˈkwɑːləti/', E'the unfair situation in society when some people have more money or opportunities than others', E'sự bất bình đẳng', 'noun', E'The government is implementing new policies to reduce social inequality.', E'Chính phủ đang thực hiện các chính sách mới để giảm bớt sự bất bình đẳng xã hội.', ARRAY['disparity','imbalance']::text[], ARRAY['equality']::text[], ARRAY['social inequality','economic inequality']::text[]) ON CONFLICT ("id") DO NOTHING;
INSERT INTO "VocabItem" ("id", "topicId", "word", "phonBr", "phonNAm", "meaning", "vietnameseMeaning", "partOfSpeech", "exampleSentence", "exampleTranslation", "synonyms", "antonyms", "collocations") VALUES ('law-and-society-social-issues-b2-marginalize', 'law-and-society-social-issues-b2', E'marginalize', E'/ˈmɑːdʒɪnəlaɪz/', E'/ˈmɑːrdʒɪnəlaɪz/', E'to treat a person or group as if they are not important and cannot influence decisions', E'gạt ra ngoài lề xã hội', 'verb', E'We must ensure that minority groups are not marginalized in our community.', E'Chúng ta phải đảm bảo rằng các nhóm thiểu số không bị gạt ra ngoài lề xã hội trong cộng đồng của mình.', ARRAY['alienate','side-line']::text[], ARRAY['integrate']::text[], ARRAY['marginalized groups','socially marginalized']::text[]) ON CONFLICT ("id") DO NOTHING;
INSERT INTO "VocabItem" ("id", "topicId", "word", "phonBr", "phonNAm", "meaning", "vietnameseMeaning", "partOfSpeech", "exampleSentence", "exampleTranslation", "synonyms", "antonyms", "collocations") VALUES ('law-and-society-social-issues-b2-advocacy', 'law-and-society-social-issues-b2', E'advocacy', E'/ˈædvəkəsi/', E'/ˈædvəkəsi/', E'public support for or recommendation of a particular cause or policy', E'sự ủng hộ, biện hộ', 'noun', E'Her advocacy for children''s rights has led to significant legal reforms.', E'Sự ủng hộ của cô ấy đối với quyền trẻ em đã dẫn đến những cải cách pháp lý quan trọng.', ARRAY['support','campaigning']::text[], '{}', ARRAY['strong advocacy','advocacy group']::text[]) ON CONFLICT ("id") DO NOTHING;
INSERT INTO "VocabItem" ("id", "topicId", "word", "phonBr", "phonNAm", "meaning", "vietnameseMeaning", "partOfSpeech", "exampleSentence", "exampleTranslation", "synonyms", "antonyms", "collocations") VALUES ('law-and-society-social-issues-b2-segregation', 'law-and-society-social-issues-b2', E'segregation', E'/ˌseɡrɪˈɡeɪʃn/', E'/ˌseɡrɪˈɡeɪʃn/', E'the action or state of setting someone or something apart from other people or things', E'sự phân biệt chủng tộc, sự chia tách', 'noun', E'The country has worked hard to overcome its history of racial segregation.', E'Đất nước này đã nỗ lực rất nhiều để vượt qua lịch sử chia tách chủng tộc của mình.', ARRAY['separation','division']::text[], ARRAY['integration']::text[], ARRAY['racial segregation','end segregation']::text[]) ON CONFLICT ("id") DO NOTHING;
INSERT INTO "VocabItem" ("id", "topicId", "word", "phonBr", "phonNAm", "meaning", "vietnameseMeaning", "partOfSpeech", "exampleSentence", "exampleTranslation", "synonyms", "antonyms", "collocations") VALUES ('law-and-society-social-issues-b2-vulnerable', 'law-and-society-social-issues-b2', E'vulnerable', E'/ˈvʌlnərəbl/', E'/ˈvʌlnərəbl/', E'able to be easily physically, emotionally, or socially hurt, influenced, or attacked', E'dễ bị tổn thương', 'adjective', E'The new welfare program specifically targets vulnerable families in the city.', E'Chương trình phúc lợi mới nhắm mục tiêu cụ thể vào các gia đình dễ bị tổn thương trong thành phố.', ARRAY['defenseless','susceptible']::text[], ARRAY['resilient']::text[], ARRAY['vulnerable groups','highly vulnerable']::text[]) ON CONFLICT ("id") DO NOTHING;
INSERT INTO "VocabItem" ("id", "topicId", "word", "phonBr", "phonNAm", "meaning", "vietnameseMeaning", "partOfSpeech", "exampleSentence", "exampleTranslation", "synonyms", "antonyms", "collocations") VALUES ('law-and-society-social-issues-b2-empower', 'law-and-society-social-issues-b2', E'empower', E'/ɪmˈpaʊə(r)/', E'/ɪmˈpaʊər/', E'to give someone official authority or the freedom to do something', E'trao quyền, nâng cao vị thế', 'verb', E'Education is intended to empower young people to improve their lives.', E'Giáo dục nhằm mục đích trao quyền cho người trẻ để cải thiện cuộc sống của họ.', ARRAY['enable','authorize']::text[], ARRAY['disable']::text[], ARRAY['empower citizens','empower women']::text[]) ON CONFLICT ("id") DO NOTHING;

-- Topic: Social Issues - C1 (8 words)
INSERT INTO "Topic" ("id", "title", "subtitle", "description", "level", "wordCount", "estimatedTime", "category", "subcategory", "order", "topicGroupId") VALUES ('law-and-society-social-issues-c1', 'Social Issues - C1', 'Vocabulary about social issues', 'Learn essential vocabulary about social issues at C1 level.', 'C1', 8, 16, 'Law & Society', 'Social Issues', 4, 's660e4ba887a05dc31f4e') ON CONFLICT ("id") DO NOTHING;
INSERT INTO "VocabItem" ("id", "topicId", "word", "phonBr", "phonNAm", "meaning", "vietnameseMeaning", "partOfSpeech", "exampleSentence", "exampleTranslation", "synonyms", "antonyms", "collocations") VALUES ('law-and-society-social-issues-c1-marginalization', 'law-and-society-social-issues-c1', E'marginalization', E'/ˌmɑːdʒɪnəlaɪˈzeɪʃn/', E'/ˌmɑːrdʒɪnələˈzeɪʃn/', E'the treatment of a person, group, or concept as insignificant or peripheral', E'sự bị gạt ra ngoài lề xã hội', 'noun', E'The systemic marginalization of minority groups remains a critical challenge for modern democracy.', E'Sự gạt ra ngoài lề xã hội một cách có hệ thống đối với các nhóm thiểu số vẫn là một thách thức quan trọng đối với nền dân chủ hiện đại.', ARRAY['exclusion','alienation']::text[], ARRAY['inclusion']::text[], ARRAY['systemic marginalization','social marginalization']::text[]) ON CONFLICT ("id") DO NOTHING;
INSERT INTO "VocabItem" ("id", "topicId", "word", "phonBr", "phonNAm", "meaning", "vietnameseMeaning", "partOfSpeech", "exampleSentence", "exampleTranslation", "synonyms", "antonyms", "collocations") VALUES ('law-and-society-social-issues-c1-disenfranchisement', 'law-and-society-social-issues-c1', E'disenfranchisement', E'/ˌdɪsɪnˈfræntʃɪzmənt/', E'/ˌdɪsɪnˈfræntʃaɪzmənt/', E'the state of being deprived of a right or privilege, especially the right to vote', E'sự tước quyền công dân', 'noun', E'Voter ID laws have led to the widespread disenfranchisement of low-income citizens.', E'Các đạo luật về căn cước cử tri đã dẫn đến việc tước quyền bầu cử trên diện rộng đối với những công dân có thu nhập thấp.', ARRAY['deprivation','disempowerment']::text[], ARRAY['enfranchisement']::text[], ARRAY['widespread disenfranchisement','political disenfranchisement']::text[]) ON CONFLICT ("id") DO NOTHING;
INSERT INTO "VocabItem" ("id", "topicId", "word", "phonBr", "phonNAm", "meaning", "vietnameseMeaning", "partOfSpeech", "exampleSentence", "exampleTranslation", "synonyms", "antonyms", "collocations") VALUES ('law-and-society-social-issues-c1-stratification', 'law-and-society-social-issues-c1', E'stratification', E'/ˌstrætɪfɪˈkeɪʃn/', E'/ˌstrætɪfɪˈkeɪʃn/', E'the arrangement or classification of something into different groups', E'sự phân tầng xã hội', 'noun', E'Economic stratification has widened significantly over the last decade, leading to greater social tension.', E'Sự phân tầng kinh tế đã nới rộng đáng kể trong thập kỷ qua, dẫn đến căng thẳng xã hội lớn hơn.', ARRAY['hierarchy','grading']::text[], '{}', ARRAY['social stratification','economic stratification']::text[]) ON CONFLICT ("id") DO NOTHING;
INSERT INTO "VocabItem" ("id", "topicId", "word", "phonBr", "phonNAm", "meaning", "vietnameseMeaning", "partOfSpeech", "exampleSentence", "exampleTranslation", "synonyms", "antonyms", "collocations") VALUES ('law-and-society-social-issues-c1-mitigate', 'law-and-society-social-issues-c1', E'mitigate', E'/ˈmɪtɪɡeɪt/', E'/ˈmɪtɪɡeɪt/', E'to make something less severe, serious, or painful', E'giảm nhẹ, làm dịu bớt', 'verb', E'The government implemented new policies to mitigate the effects of urban poverty.', E'Chính phủ đã thực hiện các chính sách mới để giảm nhẹ tác động của nghèo đói đô thị.', ARRAY['alleviate','assuage']::text[], ARRAY['exacerbate']::text[], ARRAY['mitigate risks','mitigate impact']::text[]) ON CONFLICT ("id") DO NOTHING;
INSERT INTO "VocabItem" ("id", "topicId", "word", "phonBr", "phonNAm", "meaning", "vietnameseMeaning", "partOfSpeech", "exampleSentence", "exampleTranslation", "synonyms", "antonyms", "collocations") VALUES ('law-and-society-social-issues-c1-exacerbate', 'law-and-society-social-issues-c1', E'exacerbate', E'/ɪɡˈzæsəbeɪt/', E'/ɪɡˈzæsərbeɪt/', E'to make a problem, bad situation, or negative feeling worse', E'làm trầm trọng thêm', 'verb', E'Rising inflation will only exacerbate the struggles of families already living below the poverty line.', E'Lạm phát gia tăng sẽ chỉ làm trầm trọng thêm những khó khăn của các gia đình vốn đã sống dưới mức nghèo khổ.', ARRAY['aggravate','worsen']::text[], ARRAY['mitigate']::text[], ARRAY['exacerbate the situation','exacerbate tension']::text[]) ON CONFLICT ("id") DO NOTHING;
INSERT INTO "VocabItem" ("id", "topicId", "word", "phonBr", "phonNAm", "meaning", "vietnameseMeaning", "partOfSpeech", "exampleSentence", "exampleTranslation", "synonyms", "antonyms", "collocations") VALUES ('law-and-society-social-issues-c1-disparity', 'law-and-society-social-issues-c1', E'disparity', E'/dɪˈspærəti/', E'/dɪˈspærəti/', E'a great difference, especially one that is unfair', E'sự chênh lệch, sự bất bình đẳng', 'noun', E'Addressing the growing disparity in healthcare access is a priority for the new health minister.', E'Giải quyết sự chênh lệch ngày càng tăng trong việc tiếp cận dịch vụ chăm sóc sức khỏe là ưu tiên của tân bộ trưởng y tế.', ARRAY['imbalance','inequality']::text[], ARRAY['parity']::text[], ARRAY['economic disparity','wide disparity']::text[]) ON CONFLICT ("id") DO NOTHING;
INSERT INTO "VocabItem" ("id", "topicId", "word", "phonBr", "phonNAm", "meaning", "vietnameseMeaning", "partOfSpeech", "exampleSentence", "exampleTranslation", "synonyms", "antonyms", "collocations") VALUES ('law-and-society-social-issues-c1-stigma', 'law-and-society-social-issues-c1', E'stigma', E'/ˈstɪɡmə/', E'/ˈstɪɡmə/', E'a mark of disgrace associated with a particular circumstance, quality, or person', E'sự kỳ thị, vết nhơ', 'noun', E'We must work to reduce the social stigma surrounding mental health issues.', E'Chúng ta phải nỗ lực để giảm bớt sự kỳ thị của xã hội đối với các vấn đề sức khỏe tâm thần.', ARRAY['shame','disgrace']::text[], '{}', ARRAY['social stigma','attached to the stigma']::text[]) ON CONFLICT ("id") DO NOTHING;
INSERT INTO "VocabItem" ("id", "topicId", "word", "phonBr", "phonNAm", "meaning", "vietnameseMeaning", "partOfSpeech", "exampleSentence", "exampleTranslation", "synonyms", "antonyms", "collocations") VALUES ('law-and-society-social-issues-c1-systemic', 'law-and-society-social-issues-c1', E'systemic', E'/sɪˈstemiːk/', E'/sɪˈstemiːk/', E'relating to a system, especially as opposed to a particular part', E'có tính hệ thống', 'adjective', E'The report highlights systemic failures in the education department that have persisted for years.', E'Báo cáo nhấn mạnh những thất bại mang tính hệ thống trong bộ giáo dục đã tồn tại nhiều năm nay.', ARRAY['structural','institutional']::text[], '{}', ARRAY['systemic failure','systemic racism']::text[]) ON CONFLICT ("id") DO NOTHING;

-- Topic: Social Issues - C2 (4 words)
INSERT INTO "Topic" ("id", "title", "subtitle", "description", "level", "wordCount", "estimatedTime", "category", "subcategory", "order", "topicGroupId") VALUES ('law-and-society-social-issues-c2', 'Social Issues - C2', 'Vocabulary about social issues', 'Learn essential vocabulary about social issues at C2 level.', 'C2', 4, 8, 'Law & Society', 'Social Issues', 5, 's660e4ba887a05dc31f4e') ON CONFLICT ("id") DO NOTHING;
INSERT INTO "VocabItem" ("id", "topicId", "word", "phonBr", "phonNAm", "meaning", "vietnameseMeaning", "partOfSpeech", "exampleSentence", "exampleTranslation", "synonyms", "antonyms", "collocations") VALUES ('law-and-society-social-issues-c2-egalitarian', 'law-and-society-social-issues-c2', E'egalitarian', E'/iˌɡæl.ɪˈteə.ri.ən/', E'/iˌɡæl.əˈter.i.ən/', E'Believing in or based on the principle that all people are equal', E'Bình đẳng xã hội', 'adjective', E'The constitution was drafted with the goal of fostering a more egalitarian society.', E'Hiến pháp được soạn thảo với mục tiêu thúc đẩy một xã hội bình đẳng hơn.', ARRAY['impartial','democratic']::text[], ARRAY['elitist']::text[], ARRAY['egalitarian society','egalitarian ideals']::text[]) ON CONFLICT ("id") DO NOTHING;
INSERT INTO "VocabItem" ("id", "topicId", "word", "phonBr", "phonNAm", "meaning", "vietnameseMeaning", "partOfSpeech", "exampleSentence", "exampleTranslation", "synonyms", "antonyms", "collocations") VALUES ('law-and-society-social-issues-c2-precarious', 'law-and-society-social-issues-c2', E'precarious', E'/prɪˈkeə.ri.əs/', E'/prɪˈker.i.əs/', E'Not securely held or in position; dangerously likely to fall or collapse', E'Bấp bênh, không chắc chắn', 'adjective', E'Many gig economy workers live in a precarious financial state with no job security.', E'Nhiều lao động trong nền kinh tế gig sống trong tình trạng tài chính bấp bênh mà không có sự đảm bảo công việc.', ARRAY['unstable','insecure']::text[], ARRAY['secure']::text[], ARRAY['precarious existence','precarious employment']::text[]) ON CONFLICT ("id") DO NOTHING;
INSERT INTO "VocabItem" ("id", "topicId", "word", "phonBr", "phonNAm", "meaning", "vietnameseMeaning", "partOfSpeech", "exampleSentence", "exampleTranslation", "synonyms", "antonyms", "collocations") VALUES ('law-and-society-social-issues-c2-neoliberalism', 'law-and-society-social-issues-c2', E'neoliberalism', E'/ˌniː.əʊˈlɪb.ər.əl.ɪ.zəm/', E'/ˌniː.oʊˈlɪb.ɚ.əl.ɪ.zəm/', E'A political approach that favors free-market capitalism, deregulation, and reduction in government spending', E'Chủ nghĩa tân tự do', 'noun', E'Critics argue that neoliberalism has widened the wealth gap significantly over the last few decades.', E'Các nhà phê bình lập luận rằng chủ nghĩa tân tự do đã nới rộng khoảng cách giàu nghèo đáng kể trong vài thập kỷ qua.', ARRAY['laissez-faire capitalism','market fundamentalism']::text[], '{}', ARRAY['neoliberal policies','rise of neoliberalism']::text[]) ON CONFLICT ("id") DO NOTHING;
INSERT INTO "VocabItem" ("id", "topicId", "word", "phonBr", "phonNAm", "meaning", "vietnameseMeaning", "partOfSpeech", "exampleSentence", "exampleTranslation", "synonyms", "antonyms", "collocations") VALUES ('law-and-society-social-issues-c2-xenophobia', 'law-and-society-social-issues-c2', E'xenophobia', E'/ˌzen.əˈfəʊ.bi.ə/', E'/ˌzen.əˈfoʊ.bi.ə/', E'Dislike of or prejudice against people from other countries', E'Nỗi sợ hãi hoặc kỳ thị người nước ngoài', 'noun', E'Economic instability often serves as a catalyst for rising xenophobia in diverse urban centers.', E'Sự bất ổn kinh tế thường đóng vai trò là chất xúc tác cho sự gia tăng kỳ thị người nước ngoài tại các trung tâm đô thị đa dạng.', ARRAY['racism','jingoism']::text[], ARRAY['tolerance']::text[], ARRAY['rising xenophobia','combat xenophobia']::text[]) ON CONFLICT ("id") DO NOTHING;

-- ══════════════════════════════════════════════════
-- VOCAB: Science
-- ══════════════════════════════════════════════════
INSERT INTO "TopicGroup" ("id", "name", "order", "hubType", "subcategories") VALUES ('s58e07902382baec7c9fb', 'Science', 11, 'vocab', ARRAY['Physics & Chemistry','Biology','Environment','Space & Astronomy']::text[]) ON CONFLICT ("name", "hubType") DO NOTHING;

-- Topic: Physics & Chemistry - A1 (5 words)
INSERT INTO "Topic" ("id", "title", "subtitle", "description", "level", "wordCount", "estimatedTime", "category", "subcategory", "order", "topicGroupId") VALUES ('science-physics-and-chemistry-a1', 'Physics & Chemistry - A1', 'Vocabulary about physics & chemistry', 'Learn essential vocabulary about physics & chemistry at A1 level.', 'A1', 5, 10, 'Science', 'Physics & Chemistry', 0, 's58e07902382baec7c9fb') ON CONFLICT ("id") DO NOTHING;
INSERT INTO "VocabItem" ("id", "topicId", "word", "phonBr", "phonNAm", "meaning", "vietnameseMeaning", "partOfSpeech", "exampleSentence", "exampleTranslation", "synonyms", "antonyms", "collocations") VALUES ('science-physics-and-chemistry-a1-light', 'science-physics-and-chemistry-a1', E'light', E'/laɪt/', E'/laɪt/', E'the form of energy that makes things visible', E'ánh sáng', 'noun', E'The sun gives us light.', E'Mặt trời cho chúng ta ánh sáng.', ARRAY['illumination']::text[], ARRAY['darkness']::text[], ARRAY['bright light','speed of light']::text[]) ON CONFLICT ("id") DO NOTHING;
INSERT INTO "VocabItem" ("id", "topicId", "word", "phonBr", "phonNAm", "meaning", "vietnameseMeaning", "partOfSpeech", "exampleSentence", "exampleTranslation", "synonyms", "antonyms", "collocations") VALUES ('science-physics-and-chemistry-a1-gas', 'science-physics-and-chemistry-a1', E'gas', E'/ɡæs/', E'/ɡæs/', E'a substance like air that is not solid or liquid', E'chất khí', 'noun', E'Oxygen is a type of gas.', E'Oxy là một loại chất khí.', ARRAY['vapor']::text[], ARRAY['solid']::text[], ARRAY['natural gas','gas state']::text[]) ON CONFLICT ("id") DO NOTHING;
INSERT INTO "VocabItem" ("id", "topicId", "word", "phonBr", "phonNAm", "meaning", "vietnameseMeaning", "partOfSpeech", "exampleSentence", "exampleTranslation", "synonyms", "antonyms", "collocations") VALUES ('science-physics-and-chemistry-a1-solid', 'science-physics-and-chemistry-a1', E'solid', E'/ˈsɒlɪd/', E'/ˈsɑːlɪd/', E'a substance that is firm and stable in shape', E'chất rắn', 'noun', E'Ice is a solid.', E'Đá là một chất rắn.', ARRAY['hard object']::text[], ARRAY['liquid']::text[], ARRAY['solid state','solid object']::text[]) ON CONFLICT ("id") DO NOTHING;
INSERT INTO "VocabItem" ("id", "topicId", "word", "phonBr", "phonNAm", "meaning", "vietnameseMeaning", "partOfSpeech", "exampleSentence", "exampleTranslation", "synonyms", "antonyms", "collocations") VALUES ('science-physics-and-chemistry-a1-slow', 'science-physics-and-chemistry-a1', E'slow', E'/sləʊ/', E'/sloʊ/', E'moving at a low speed', E'chậm', 'adjective', E'The chemical reaction is very slow.', E'Phản ứng hóa học này rất chậm.', ARRAY['gradual']::text[], ARRAY['fast']::text[], ARRAY['very slow','slow process']::text[]) ON CONFLICT ("id") DO NOTHING;
INSERT INTO "VocabItem" ("id", "topicId", "word", "phonBr", "phonNAm", "meaning", "vietnameseMeaning", "partOfSpeech", "exampleSentence", "exampleTranslation", "synonyms", "antonyms", "collocations") VALUES ('science-physics-and-chemistry-a1-melt', 'science-physics-and-chemistry-a1', E'melt', E'/melt/', E'/melt/', E'to change from a solid to a liquid state', E'tan chảy', 'verb', E'Ice will melt in the sun.', E'Đá sẽ tan chảy dưới ánh mặt trời.', ARRAY['thaw','liquefy']::text[], ARRAY['freeze']::text[], ARRAY['melt away','start to melt']::text[]) ON CONFLICT ("id") DO NOTHING;

-- Topic: Physics & Chemistry - A2 (3 words)
INSERT INTO "Topic" ("id", "title", "subtitle", "description", "level", "wordCount", "estimatedTime", "category", "subcategory", "order", "topicGroupId") VALUES ('science-physics-and-chemistry-a2', 'Physics & Chemistry - A2', 'Vocabulary about physics & chemistry', 'Learn essential vocabulary about physics & chemistry at A2 level.', 'A2', 3, 6, 'Science', 'Physics & Chemistry', 1, 's58e07902382baec7c9fb') ON CONFLICT ("id") DO NOTHING;
INSERT INTO "VocabItem" ("id", "topicId", "word", "phonBr", "phonNAm", "meaning", "vietnameseMeaning", "partOfSpeech", "exampleSentence", "exampleTranslation", "synonyms", "antonyms", "collocations") VALUES ('science-physics-and-chemistry-a2-liquid', 'science-physics-and-chemistry-a2', E'liquid', E'/ˈlɪkwɪd/', E'/ˈlɪkwɪd/', E'A substance that flows freely but has a constant volume.', E'chất lỏng', 'noun', E'Water is a liquid at room temperature.', E'Nước là chất lỏng ở nhiệt độ phòng.', ARRAY['fluid']::text[], ARRAY['solid']::text[], ARRAY['liquid state','pour liquid']::text[]) ON CONFLICT ("id") DO NOTHING;
INSERT INTO "VocabItem" ("id", "topicId", "word", "phonBr", "phonNAm", "meaning", "vietnameseMeaning", "partOfSpeech", "exampleSentence", "exampleTranslation", "synonyms", "antonyms", "collocations") VALUES ('science-physics-and-chemistry-a2-force', 'science-physics-and-chemistry-a2', E'force', E'/fɔːs/', E'/fɔːrs/', E'A push or pull on an object.', E'lực', 'noun', E'Gravity is a force that pulls things to the ground.', E'Trọng lực là một loại lực kéo mọi thứ xuống mặt đất.', ARRAY['power','strength']::text[], '{}', ARRAY['apply force','physical force']::text[]) ON CONFLICT ("id") DO NOTHING;
INSERT INTO "VocabItem" ("id", "topicId", "word", "phonBr", "phonNAm", "meaning", "vietnameseMeaning", "partOfSpeech", "exampleSentence", "exampleTranslation", "synonyms", "antonyms", "collocations") VALUES ('science-physics-and-chemistry-a2-metal', 'science-physics-and-chemistry-a2', E'metal', E'/ˈmetl/', E'/ˈmetl/', E'A hard, shiny material like iron or gold that conducts electricity.', E'kim loại', 'noun', E'Iron is a common metal used in building.', E'Sắt là một loại kim loại phổ biến được sử dụng trong xây dựng.', ARRAY['element']::text[], '{}', ARRAY['heavy metal','sheet metal']::text[]) ON CONFLICT ("id") DO NOTHING;

-- Topic: Physics & Chemistry - B1 (7 words)
INSERT INTO "Topic" ("id", "title", "subtitle", "description", "level", "wordCount", "estimatedTime", "category", "subcategory", "order", "topicGroupId") VALUES ('science-physics-and-chemistry-b1', 'Physics & Chemistry - B1', 'Vocabulary about physics & chemistry', 'Learn essential vocabulary about physics & chemistry at B1 level.', 'B1', 7, 14, 'Science', 'Physics & Chemistry', 2, 's58e07902382baec7c9fb') ON CONFLICT ("id") DO NOTHING;
INSERT INTO "VocabItem" ("id", "topicId", "word", "phonBr", "phonNAm", "meaning", "vietnameseMeaning", "partOfSpeech", "exampleSentence", "exampleTranslation", "synonyms", "antonyms", "collocations") VALUES ('science-physics-and-chemistry-b1-substance', 'science-physics-and-chemistry-b1', E'substance', E'/ˈsʌbstəns/', E'/ˈsʌbstəns/', E'a particular type of matter with uniform properties', E'chất, vật chất', 'noun', E'The scientist identified an unknown substance in the liquid.', E'Nhà khoa học đã xác định được một chất lạ trong dung dịch.', ARRAY['material','matter']::text[], '{}', ARRAY['chemical substance','pure substance']::text[]) ON CONFLICT ("id") DO NOTHING;
INSERT INTO "VocabItem" ("id", "topicId", "word", "phonBr", "phonNAm", "meaning", "vietnameseMeaning", "partOfSpeech", "exampleSentence", "exampleTranslation", "synonyms", "antonyms", "collocations") VALUES ('science-physics-and-chemistry-b1-dissolve', 'science-physics-and-chemistry-b1', E'dissolve', E'/dɪˈzɒlv/', E'/dɪˈzɑːlv/', E'to become incorporated into a liquid so as to form a solution', E'hòa tan', 'verb', E'Sugar will dissolve faster in hot water than in cold water.', E'Đường sẽ hòa tan nhanh hơn trong nước nóng so với nước lạnh.', ARRAY['melt','liquefy']::text[], ARRAY['solidify']::text[], ARRAY['dissolve completely','easily dissolve']::text[]) ON CONFLICT ("id") DO NOTHING;
INSERT INTO "VocabItem" ("id", "topicId", "word", "phonBr", "phonNAm", "meaning", "vietnameseMeaning", "partOfSpeech", "exampleSentence", "exampleTranslation", "synonyms", "antonyms", "collocations") VALUES ('science-physics-and-chemistry-b1-gravity', 'science-physics-and-chemistry-b1', E'gravity', E'/ˈɡrævəti/', E'/ˈɡrævəti/', E'the force that attracts a body toward the center of the earth', E'trọng lực, hấp dẫn', 'noun', E'Gravity pulls objects toward the ground.', E'Trọng lực kéo các vật về phía mặt đất.', ARRAY['gravitation','attraction']::text[], '{}', ARRAY['force of gravity','law of gravity']::text[]) ON CONFLICT ("id") DO NOTHING;
INSERT INTO "VocabItem" ("id", "topicId", "word", "phonBr", "phonNAm", "meaning", "vietnameseMeaning", "partOfSpeech", "exampleSentence", "exampleTranslation", "synonyms", "antonyms", "collocations") VALUES ('science-physics-and-chemistry-b1-reaction', 'science-physics-and-chemistry-b1', E'reaction', E'/riˈækʃn/', E'/riˈækʃn/', E'a process that involves rearrangement of the molecular or ionic structure of a substance', E'phản ứng', 'noun', E'The chemical reaction produced a bright green gas.', E'Phản ứng hóa học đã tạo ra một loại khí màu xanh lá cây sáng.', ARRAY['interaction','change']::text[], '{}', ARRAY['chemical reaction','produce a reaction']::text[]) ON CONFLICT ("id") DO NOTHING;
INSERT INTO "VocabItem" ("id", "topicId", "word", "phonBr", "phonNAm", "meaning", "vietnameseMeaning", "partOfSpeech", "exampleSentence", "exampleTranslation", "synonyms", "antonyms", "collocations") VALUES ('science-physics-and-chemistry-b1-measure', 'science-physics-and-chemistry-b1', E'measure', E'/ˈmeʒə(r)/', E'/ˈmeʒər/', E'to ascertain the size, amount, or degree of something', E'đo lường', 'verb', E'We use a thermometer to measure the temperature of the gas.', E'Chúng ta dùng nhiệt kế để đo nhiệt độ của chất khí.', ARRAY['calculate','gauge']::text[], '{}', ARRAY['measure accurately','measure height']::text[]) ON CONFLICT ("id") DO NOTHING;
INSERT INTO "VocabItem" ("id", "topicId", "word", "phonBr", "phonNAm", "meaning", "vietnameseMeaning", "partOfSpeech", "exampleSentence", "exampleTranslation", "synonyms", "antonyms", "collocations") VALUES ('science-physics-and-chemistry-b1-vibration', 'science-physics-and-chemistry-b1', E'vibration', E'/vaɪˈbreɪʃn/', E'/vaɪˈbreɪʃn/', E'a periodic motion of the particles of an elastic body or medium', E'sự rung động', 'noun', E'Sound is caused by the vibration of air molecules.', E'Âm thanh được tạo ra bởi sự rung động của các phân tử không khí.', ARRAY['oscillation','shaking']::text[], '{}', ARRAY['constant vibration','detect vibration']::text[]) ON CONFLICT ("id") DO NOTHING;
INSERT INTO "VocabItem" ("id", "topicId", "word", "phonBr", "phonNAm", "meaning", "vietnameseMeaning", "partOfSpeech", "exampleSentence", "exampleTranslation", "synonyms", "antonyms", "collocations") VALUES ('science-physics-and-chemistry-b1-conduct', 'science-physics-and-chemistry-b1', E'conduct', E'/kənˈdʌkt/', E'/kənˈdʌkt/', E'to transmit a form of energy such as heat or electricity', E'dẫn (nhiệt, điện)', 'verb', E'Metals like copper conduct electricity very well.', E'Các kim loại như đồng dẫn điện rất tốt.', ARRAY['transmit','carry']::text[], ARRAY['insulate']::text[], ARRAY['conduct electricity','conduct heat']::text[]) ON CONFLICT ("id") DO NOTHING;

-- Topic: Physics & Chemistry - B2 (9 words)
INSERT INTO "Topic" ("id", "title", "subtitle", "description", "level", "wordCount", "estimatedTime", "category", "subcategory", "order", "topicGroupId") VALUES ('science-physics-and-chemistry-b2', 'Physics & Chemistry - B2', 'Vocabulary about physics & chemistry', 'Learn essential vocabulary about physics & chemistry at B2 level.', 'B2', 9, 18, 'Science', 'Physics & Chemistry', 3, 's58e07902382baec7c9fb') ON CONFLICT ("id") DO NOTHING;
INSERT INTO "VocabItem" ("id", "topicId", "word", "phonBr", "phonNAm", "meaning", "vietnameseMeaning", "partOfSpeech", "exampleSentence", "exampleTranslation", "synonyms", "antonyms", "collocations") VALUES ('science-physics-and-chemistry-b2-catalyst', 'science-physics-and-chemistry-b2', E'catalyst', E'/ˈkæt.əl.ɪst/', E'/ˈkæt̬.əl.ɪst/', E'a substance that increases the rate of a chemical reaction without itself undergoing any permanent chemical change', E'chất xúc tác', 'noun', E'The chemical reaction speeded up significantly once the catalyst was added to the mixture.', E'Phản ứng hóa học tăng tốc đáng kể khi chất xúc tác được thêm vào hỗn hợp.', ARRAY['stimulant','impetus']::text[], '{}', ARRAY['act as a catalyst','chemical catalyst']::text[]) ON CONFLICT ("id") DO NOTHING;
INSERT INTO "VocabItem" ("id", "topicId", "word", "phonBr", "phonNAm", "meaning", "vietnameseMeaning", "partOfSpeech", "exampleSentence", "exampleTranslation", "synonyms", "antonyms", "collocations") VALUES ('science-physics-and-chemistry-b2-velocity', 'science-physics-and-chemistry-b2', E'velocity', E'/vəˈlɒs.ɪ.ti/', E'/vəˈlɑː.sə.t̬i/', E'the speed of an object in a given direction', E'vận tốc', 'noun', E'The rocket reached a high velocity as it escaped the Earth''s atmosphere.', E'Tên lửa đạt vận tốc cao khi thoát khỏi bầu khí quyển Trái Đất.', ARRAY['speed','pace']::text[], '{}', ARRAY['constant velocity','terminal velocity']::text[]) ON CONFLICT ("id") DO NOTHING;
INSERT INTO "VocabItem" ("id", "topicId", "word", "phonBr", "phonNAm", "meaning", "vietnameseMeaning", "partOfSpeech", "exampleSentence", "exampleTranslation", "synonyms", "antonyms", "collocations") VALUES ('science-physics-and-chemistry-b2-molecule', 'science-physics-and-chemistry-b2', E'molecule', E'/ˈmɒl.ɪ.kjuːl/', E'/ˈmɑː.lə.kjuːl/', E'the smallest unit of a chemical compound that can take part in a chemical reaction', E'phân tử', 'noun', E'Water is composed of two hydrogen atoms and one oxygen atom in each molecule.', E'Nước được cấu tạo từ hai nguyên tử hydro và một nguyên tử oxy trong mỗi phân tử.', ARRAY['particle','corpuscle']::text[], '{}', ARRAY['complex molecule','organic molecule']::text[]) ON CONFLICT ("id") DO NOTHING;
INSERT INTO "VocabItem" ("id", "topicId", "word", "phonBr", "phonNAm", "meaning", "vietnameseMeaning", "partOfSpeech", "exampleSentence", "exampleTranslation", "synonyms", "antonyms", "collocations") VALUES ('science-physics-and-chemistry-b2-equilibrium', 'science-physics-and-chemistry-b2', E'equilibrium', E'/ˌiː.kwɪˈlɪb.ri.əm/', E'/ˌiː.kwəˈlɪb.ri.əm/', E'a state in which opposing forces or influences are balanced', E'trạng thái cân bằng', 'noun', E'The chemical system eventually reached a state of dynamic equilibrium.', E'Hệ thống hóa học cuối cùng đã đạt đến trạng thái cân bằng động.', ARRAY['balance','stability']::text[], ARRAY['imbalance']::text[], ARRAY['chemical equilibrium','dynamic equilibrium']::text[]) ON CONFLICT ("id") DO NOTHING;
INSERT INTO "VocabItem" ("id", "topicId", "word", "phonBr", "phonNAm", "meaning", "vietnameseMeaning", "partOfSpeech", "exampleSentence", "exampleTranslation", "synonyms", "antonyms", "collocations") VALUES ('science-physics-and-chemistry-b2-condense', 'science-physics-and-chemistry-b2', E'condense', E'/kənˈdens/', E'/kənˈdens/', E'to change from a gas or vapor to a liquid', E'ngưng tụ', 'verb', E'Steam will condense into water droplets when it touches a cold surface.', E'Hơi nước sẽ ngưng tụ thành những giọt nước khi chạm vào bề mặt lạnh.', ARRAY['liquefy','precipitate']::text[], ARRAY['evaporate']::text[], ARRAY['condense into','water vapor condenses']::text[]) ON CONFLICT ("id") DO NOTHING;
INSERT INTO "VocabItem" ("id", "topicId", "word", "phonBr", "phonNAm", "meaning", "vietnameseMeaning", "partOfSpeech", "exampleSentence", "exampleTranslation", "synonyms", "antonyms", "collocations") VALUES ('science-physics-and-chemistry-b2-kinetic', 'science-physics-and-chemistry-b2', E'kinetic', E'/kɪˈnet.ɪk/', E'/kəˈnet̬.ɪk/', E'relating to or resulting from motion', E'thuộc về động lực học', 'adjective', E'The kinetic energy of the moving ball depends on its mass and speed.', E'Động năng của quả bóng đang chuyển động phụ thuộc vào khối lượng và tốc độ của nó.', ARRAY['active','moving']::text[], ARRAY['potential']::text[], ARRAY['kinetic energy','kinetic theory']::text[]) ON CONFLICT ("id") DO NOTHING;
INSERT INTO "VocabItem" ("id", "topicId", "word", "phonBr", "phonNAm", "meaning", "vietnameseMeaning", "partOfSpeech", "exampleSentence", "exampleTranslation", "synonyms", "antonyms", "collocations") VALUES ('science-physics-and-chemistry-b2-solute', 'science-physics-and-chemistry-b2', E'solute', E'/ˈsɒl.juːt/', E'/ˈsɑː.luːt/', E'the substance that is dissolved in a solvent to form a solution', E'chất tan', 'noun', E'When you add salt to water, salt acts as the solute in the solution.', E'Khi bạn thêm muối vào nước, muối đóng vai trò là chất tan trong dung dịch.', ARRAY['dissolved substance']::text[], ARRAY['solvent']::text[], ARRAY['dissolve the solute','solute concentration']::text[]) ON CONFLICT ("id") DO NOTHING;
INSERT INTO "VocabItem" ("id", "topicId", "word", "phonBr", "phonNAm", "meaning", "vietnameseMeaning", "partOfSpeech", "exampleSentence", "exampleTranslation", "synonyms", "antonyms", "collocations") VALUES ('science-physics-and-chemistry-b2-refraction', 'science-physics-and-chemistry-b2', E'refraction', E'/rɪˈfræk.ʃən/', E'/rɪˈfræk.ʃən/', E'the change in direction of a wave passing from one medium to another', E'sự khúc xạ', 'noun', E'The refraction of light through the prism created a beautiful rainbow.', E'Sự khúc xạ của ánh sáng qua lăng kính đã tạo ra một chiếc cầu vồng tuyệt đẹp.', ARRAY['bending','deflection']::text[], '{}', ARRAY['light refraction','angle of refraction']::text[]) ON CONFLICT ("id") DO NOTHING;
INSERT INTO "VocabItem" ("id", "topicId", "word", "phonBr", "phonNAm", "meaning", "vietnameseMeaning", "partOfSpeech", "exampleSentence", "exampleTranslation", "synonyms", "antonyms", "collocations") VALUES ('science-physics-and-chemistry-b2-synthesize', 'science-physics-and-chemistry-b2', E'synthesize', E'/ˈsɪn.θə.saɪz/', E'/ˈsɪn.θə.saɪz/', E'to combine a number of things into a coherent whole, often in a chemical context', E'tổng hợp', 'verb', E'Scientists are working to synthesize a new compound that can kill bacteria.', E'Các nhà khoa học đang nỗ lực tổng hợp một hợp chất mới có khả năng tiêu diệt vi khuẩn.', ARRAY['create','manufacture']::text[], ARRAY['decompose']::text[], ARRAY['synthesize a compound','synthesize materials']::text[]) ON CONFLICT ("id") DO NOTHING;

-- Topic: Physics & Chemistry - C1 (7 words)
INSERT INTO "Topic" ("id", "title", "subtitle", "description", "level", "wordCount", "estimatedTime", "category", "subcategory", "order", "topicGroupId") VALUES ('science-physics-and-chemistry-c1', 'Physics & Chemistry - C1', 'Vocabulary about physics & chemistry', 'Learn essential vocabulary about physics & chemistry at C1 level.', 'C1', 7, 14, 'Science', 'Physics & Chemistry', 4, 's58e07902382baec7c9fb') ON CONFLICT ("id") DO NOTHING;
INSERT INTO "VocabItem" ("id", "topicId", "word", "phonBr", "phonNAm", "meaning", "vietnameseMeaning", "partOfSpeech", "exampleSentence", "exampleTranslation", "synonyms", "antonyms", "collocations") VALUES ('science-physics-and-chemistry-c1-viscosity', 'science-physics-and-chemistry-c1', E'viscosity', E'/vɪˈskɒs.ə.ti/', E'/vɪˈskɑː.sə.t̬i/', E'the state of being thick, sticky, and semifluid in consistency, due to internal friction', E'độ nhớt', 'noun', E'Engine oil must maintain a specific viscosity to ensure proper lubrication across varying temperatures.', E'Dầu động cơ phải duy trì một độ nhớt cụ thể để đảm bảo khả năng bôi trơn thích hợp ở các mức nhiệt độ khác nhau.', ARRAY['thickness','stickiness']::text[], '{}', ARRAY['high viscosity','kinematic viscosity']::text[]) ON CONFLICT ("id") DO NOTHING;
INSERT INTO "VocabItem" ("id", "topicId", "word", "phonBr", "phonNAm", "meaning", "vietnameseMeaning", "partOfSpeech", "exampleSentence", "exampleTranslation", "synonyms", "antonyms", "collocations") VALUES ('science-physics-and-chemistry-c1-sublimation', 'science-physics-and-chemistry-c1', E'sublimation', E'/ˌsʌb.lɪˈmeɪ.ʃən/', E'/ˌsʌb.ləˈmeɪ.ʃən/', E'the transition of a substance directly from the solid to the gas state, without passing through the liquid state', E'sự thăng hoa', 'noun', E'Dry ice is a classic example of sublimation, as it turns directly into carbon dioxide gas at room temperature.', E'Đá khô là một ví dụ điển hình của sự thăng hoa, vì nó chuyển trực tiếp thành khí carbon dioxide ở nhiệt độ phòng.', ARRAY['vaporization']::text[], '{}', ARRAY['process of sublimation','undergo sublimation']::text[]) ON CONFLICT ("id") DO NOTHING;
INSERT INTO "VocabItem" ("id", "topicId", "word", "phonBr", "phonNAm", "meaning", "vietnameseMeaning", "partOfSpeech", "exampleSentence", "exampleTranslation", "synonyms", "antonyms", "collocations") VALUES ('science-physics-and-chemistry-c1-amorphous', 'science-physics-and-chemistry-c1', E'amorphous', E'/əˈmɔː.fəs/', E'/əˈmɔːr.fəs/', E'having no clearly defined shape or form; lacking a crystalline structure', E'vô định hình', 'adjective', E'Glass is considered an amorphous solid because its molecules are arranged in a disordered, random fashion.', E'Thủy tinh được coi là một chất rắn vô định hình vì các phân tử của nó được sắp xếp theo một cách hỗn loạn và ngẫu nhiên.', ARRAY['shapeless','non-crystalline']::text[], ARRAY['crystalline']::text[], ARRAY['amorphous solid','amorphous structure']::text[]) ON CONFLICT ("id") DO NOTHING;
INSERT INTO "VocabItem" ("id", "topicId", "word", "phonBr", "phonNAm", "meaning", "vietnameseMeaning", "partOfSpeech", "exampleSentence", "exampleTranslation", "synonyms", "antonyms", "collocations") VALUES ('science-physics-and-chemistry-c1-exothermic', 'science-physics-and-chemistry-c1', E'exothermic', E'/ˌek.səʊˈθɜː.mɪk/', E'/ˌek.soʊˈθɝː.mɪk/', E'accompanied by the release of heat', E'tỏa nhiệt', 'adjective', E'Combustion is a highly exothermic reaction that releases significant amounts of energy in the form of heat and light.', E'Sự cháy là một phản ứng tỏa nhiệt mạnh giải phóng một lượng năng lượng đáng kể dưới dạng nhiệt và ánh sáng.', '{}', ARRAY['endothermic']::text[], ARRAY['exothermic reaction','exothermic process']::text[]) ON CONFLICT ("id") DO NOTHING;
INSERT INTO "VocabItem" ("id", "topicId", "word", "phonBr", "phonNAm", "meaning", "vietnameseMeaning", "partOfSpeech", "exampleSentence", "exampleTranslation", "synonyms", "antonyms", "collocations") VALUES ('science-physics-and-chemistry-c1-precipitate', 'science-physics-and-chemistry-c1', E'precipitate', E'/prɪˈsɪp.ɪ.teɪt/', E'/prəˈsɪp.ə.teɪt/', E'to cause a substance to be deposited in solid form from a solution', E'làm kết tủa', 'verb', E'Adding silver nitrate to the solution will precipitate the chloride ions as a white solid.', E'Việc thêm bạc nitrat vào dung dịch sẽ làm kết tủa các ion clorua dưới dạng chất rắn màu trắng.', ARRAY['deposit','sediment']::text[], ARRAY['dissolve']::text[], ARRAY['precipitate out','chemical precipitate']::text[]) ON CONFLICT ("id") DO NOTHING;
INSERT INTO "VocabItem" ("id", "topicId", "word", "phonBr", "phonNAm", "meaning", "vietnameseMeaning", "partOfSpeech", "exampleSentence", "exampleTranslation", "synonyms", "antonyms", "collocations") VALUES ('science-physics-and-chemistry-c1-momentum', 'science-physics-and-chemistry-c1', E'momentum', E'/məˈmen.təm/', E'/məˈmen.təm/', E'the quantity of motion of a moving body, measured as a product of its mass and velocity', E'động lượng', 'noun', E'According to Newton''s second law, the force applied to an object is equal to the rate of change of its momentum.', E'Theo định luật hai Newton, lực tác dụng lên một vật bằng tốc độ thay đổi động lượng của nó.', ARRAY['impetus','force']::text[], '{}', ARRAY['angular momentum','conserve momentum']::text[]) ON CONFLICT ("id") DO NOTHING;
INSERT INTO "VocabItem" ("id", "topicId", "word", "phonBr", "phonNAm", "meaning", "vietnameseMeaning", "partOfSpeech", "exampleSentence", "exampleTranslation", "synonyms", "antonyms", "collocations") VALUES ('science-physics-and-chemistry-c1-volatile', 'science-physics-and-chemistry-c1', E'volatile', E'/ˈvɒl.ə.taɪl/', E'/ˈvɑː.lə.t̬əl/', E'liable to change rapidly and unpredictably, especially for the worse; easily evaporated at normal temperatures', E'dễ bay hơi', 'adjective', E'Organic solvents are often highly volatile and should be stored in tightly sealed containers to prevent evaporation.', E'Các dung môi hữu cơ thường rất dễ bay hơi và nên được bảo quản trong các thùng chứa kín để ngăn chặn sự bay hơi.', ARRAY['evaporative','unstable']::text[], ARRAY['stable']::text[], ARRAY['volatile organic compounds','highly volatile']::text[]) ON CONFLICT ("id") DO NOTHING;

-- Topic: Physics & Chemistry - C2 (7 words)
INSERT INTO "Topic" ("id", "title", "subtitle", "description", "level", "wordCount", "estimatedTime", "category", "subcategory", "order", "topicGroupId") VALUES ('science-physics-and-chemistry-c2', 'Physics & Chemistry - C2', 'Vocabulary about physics & chemistry', 'Learn essential vocabulary about physics & chemistry at C2 level.', 'C2', 7, 14, 'Science', 'Physics & Chemistry', 5, 's58e07902382baec7c9fb') ON CONFLICT ("id") DO NOTHING;
INSERT INTO "VocabItem" ("id", "topicId", "word", "phonBr", "phonNAm", "meaning", "vietnameseMeaning", "partOfSpeech", "exampleSentence", "exampleTranslation", "synonyms", "antonyms", "collocations") VALUES ('science-physics-and-chemistry-c2-allotrope', 'science-physics-and-chemistry-c2', E'allotrope', E'/ˈælətrəʊp/', E'/ˈælətroʊp/', E'One of two or more existing physical forms of a chemical element.', E'Dạng thù hình', 'noun', E'Diamond and graphite are both well-known allotropes of carbon.', E'Kim cương và than chì đều là những dạng thù hình nổi tiếng của carbon.', ARRAY['allotropic form']::text[], '{}', ARRAY['carbon allotrope','allotrope of oxygen']::text[]) ON CONFLICT ("id") DO NOTHING;
INSERT INTO "VocabItem" ("id", "topicId", "word", "phonBr", "phonNAm", "meaning", "vietnameseMeaning", "partOfSpeech", "exampleSentence", "exampleTranslation", "synonyms", "antonyms", "collocations") VALUES ('science-physics-and-chemistry-c2-effervescence', 'science-physics-and-chemistry-c2', E'effervescence', E'/ˌefəˈvesns/', E'/ˌefərˈvesns/', E'The process of bubbling as gas escapes from a liquid.', E'Sự sủi bọt', 'noun', E'The reaction produced a vigorous effervescence as carbon dioxide was released.', E'Phản ứng tạo ra sự sủi bọt mạnh mẽ khi khí carbon dioxide được giải phóng.', ARRAY['fizziness','bubbling']::text[], '{}', ARRAY['vigorous effervescence','chemical effervescence']::text[]) ON CONFLICT ("id") DO NOTHING;
INSERT INTO "VocabItem" ("id", "topicId", "word", "phonBr", "phonNAm", "meaning", "vietnameseMeaning", "partOfSpeech", "exampleSentence", "exampleTranslation", "synonyms", "antonyms", "collocations") VALUES ('science-physics-and-chemistry-c2-stoichiometry', 'science-physics-and-chemistry-c2', E'stoichiometry', E'/ˌstɔɪkiˈɒmətri/', E'/ˌstɔɪkiˈɑːmətri/', E'The relationship between the relative quantities of substances taking part in a reaction.', E'Phép đo tỷ lượng', 'noun', E'Accurate stoichiometry is essential for balancing complex chemical equations.', E'Phép đo tỷ lượng chính xác là cần thiết để cân bằng các phương trình hóa học phức tạp.', ARRAY['chemical calculation']::text[], '{}', ARRAY['reaction stoichiometry','stoichiometry calculation']::text[]) ON CONFLICT ("id") DO NOTHING;
INSERT INTO "VocabItem" ("id", "topicId", "word", "phonBr", "phonNAm", "meaning", "vietnameseMeaning", "partOfSpeech", "exampleSentence", "exampleTranslation", "synonyms", "antonyms", "collocations") VALUES ('science-physics-and-chemistry-c2-isobaric', 'science-physics-and-chemistry-c2', E'isobaric', E'/ˌaɪsəˈbærɪk/', E'/ˌaɪsəˈbærɪk/', E'Relating to a process that occurs at constant pressure.', E'Đẳng áp', 'adjective', E'In an isobaric expansion, the gas does work while the pressure remains unchanged.', E'Trong quá trình giãn nở đẳng áp, chất khí thực hiện công trong khi áp suất không thay đổi.', ARRAY['constant-pressure']::text[], '{}', ARRAY['isobaric process','isobaric expansion']::text[]) ON CONFLICT ("id") DO NOTHING;
INSERT INTO "VocabItem" ("id", "topicId", "word", "phonBr", "phonNAm", "meaning", "vietnameseMeaning", "partOfSpeech", "exampleSentence", "exampleTranslation", "synonyms", "antonyms", "collocations") VALUES ('science-physics-and-chemistry-c2-diffraction', 'science-physics-and-chemistry-c2', E'diffraction', E'/dɪˈfrækʃn/', E'/dɪˈfrækʃn/', E'The process by which a beam of light or other system of waves is spread out as a result of passing through a narrow aperture.', E'Sự nhiễu xạ', 'noun', E'X-ray diffraction is a powerful tool for determining the atomic structure of crystals.', E'Nhiễu xạ tia X là một công cụ mạnh mẽ để xác định cấu trúc nguyên tử của các tinh thể.', ARRAY['scattering']::text[], '{}', ARRAY['X-ray diffraction','light diffraction']::text[]) ON CONFLICT ("id") DO NOTHING;
INSERT INTO "VocabItem" ("id", "topicId", "word", "phonBr", "phonNAm", "meaning", "vietnameseMeaning", "partOfSpeech", "exampleSentence", "exampleTranslation", "synonyms", "antonyms", "collocations") VALUES ('science-physics-and-chemistry-c2-paramagnetic', 'science-physics-and-chemistry-c2', E'paramagnetic', E'/ˌpærəˈmæɡnətɪk/', E'/ˌpærəˈmæɡnətɪk/', E'Relating to substances that are weakly attracted by a magnetic field.', E'Thuận từ', 'adjective', E'Oxygen is paramagnetic because it has unpaired electrons.', E'Oxy là chất thuận từ vì nó có các electron độc thân.', ARRAY['magnetically susceptible']::text[], ARRAY['diamagnetic']::text[], ARRAY['paramagnetic material','paramagnetic property']::text[]) ON CONFLICT ("id") DO NOTHING;
INSERT INTO "VocabItem" ("id", "topicId", "word", "phonBr", "phonNAm", "meaning", "vietnameseMeaning", "partOfSpeech", "exampleSentence", "exampleTranslation", "synonyms", "antonyms", "collocations") VALUES ('science-physics-and-chemistry-c2-solvate', 'science-physics-and-chemistry-c2', E'solvate', E'/ˈsɒlveɪt/', E'/ˈsɑːlveɪt/', E'To cause a solute to be surrounded by solvent molecules.', E'Solvat hóa', 'verb', E'In an aqueous solution, water molecules effectively solvate the ions.', E'Trong dung dịch nước, các phân tử nước solvat hóa các ion một cách hiệu quả.', ARRAY['dissolve','hydrate']::text[], '{}', ARRAY['solvate ions','process of solvation']::text[]) ON CONFLICT ("id") DO NOTHING;

-- Topic: Biology - A1 (6 words)
INSERT INTO "Topic" ("id", "title", "subtitle", "description", "level", "wordCount", "estimatedTime", "category", "subcategory", "order", "topicGroupId") VALUES ('science-biology-a1', 'Biology - A1', 'Vocabulary about biology', 'Learn essential vocabulary about biology at A1 level.', 'A1', 6, 12, 'Science', 'Biology', 0, 's58e07902382baec7c9fb') ON CONFLICT ("id") DO NOTHING;
INSERT INTO "VocabItem" ("id", "topicId", "word", "phonBr", "phonNAm", "meaning", "vietnameseMeaning", "partOfSpeech", "exampleSentence", "exampleTranslation", "synonyms", "antonyms", "collocations") VALUES ('science-biology-a1-body', 'science-biology-a1', E'body', E'/ˈbɒdi/', E'/ˈbɑːdi/', E'the physical structure of a person or animal', E'cơ thể', 'noun', E'Exercise is good for your body.', E'Tập thể dục rất tốt cho cơ thể của bạn.', ARRAY['physique']::text[], '{}', ARRAY['human body','healthy body']::text[]) ON CONFLICT ("id") DO NOTHING;
INSERT INTO "VocabItem" ("id", "topicId", "word", "phonBr", "phonNAm", "meaning", "vietnameseMeaning", "partOfSpeech", "exampleSentence", "exampleTranslation", "synonyms", "antonyms", "collocations") VALUES ('science-biology-a1-life', 'science-biology-a1', E'life', E'/laɪf/', E'/laɪf/', E'the state of being alive', E'sự sống', 'noun', E'There is life in the ocean.', E'Có sự sống trong đại dương.', ARRAY['existence']::text[], ARRAY['death']::text[], ARRAY['ocean life','all life']::text[]) ON CONFLICT ("id") DO NOTHING;
INSERT INTO "VocabItem" ("id", "topicId", "word", "phonBr", "phonNAm", "meaning", "vietnameseMeaning", "partOfSpeech", "exampleSentence", "exampleTranslation", "synonyms", "antonyms", "collocations") VALUES ('science-biology-a1-small', 'science-biology-a1', E'small', E'/smɔːl/', E'/smɔːl/', E'not large in size', E'nhỏ', 'adjective', E'An ant is a very small animal.', E'Kiến là một loài động vật rất nhỏ.', ARRAY['tiny']::text[], ARRAY['big']::text[], ARRAY['small animal','small plant']::text[]) ON CONFLICT ("id") DO NOTHING;
INSERT INTO "VocabItem" ("id", "topicId", "word", "phonBr", "phonNAm", "meaning", "vietnameseMeaning", "partOfSpeech", "exampleSentence", "exampleTranslation", "synonyms", "antonyms", "collocations") VALUES ('science-biology-a1-big', 'science-biology-a1', E'big', E'/bɪɡ/', E'/bɪɡ/', E'large in size', E'lớn, to', 'adjective', E'The elephant is a big animal.', E'Voi là một loài động vật to lớn.', ARRAY['large']::text[], ARRAY['small']::text[], ARRAY['big animal','grow big']::text[]) ON CONFLICT ("id") DO NOTHING;
INSERT INTO "VocabItem" ("id", "topicId", "word", "phonBr", "phonNAm", "meaning", "vietnameseMeaning", "partOfSpeech", "exampleSentence", "exampleTranslation", "synonyms", "antonyms", "collocations") VALUES ('science-biology-a1-see', 'science-biology-a1', E'see', E'/siː/', E'/siː/', E'to notice or become aware of something using eyes', E'nhìn thấy', 'verb', E'I can see a bird in the tree.', E'Tôi có thể nhìn thấy một con chim trên cây.', ARRAY['watch']::text[], '{}', ARRAY['see clearly','can see']::text[]) ON CONFLICT ("id") DO NOTHING;
INSERT INTO "VocabItem" ("id", "topicId", "word", "phonBr", "phonNAm", "meaning", "vietnameseMeaning", "partOfSpeech", "exampleSentence", "exampleTranslation", "synonyms", "antonyms", "collocations") VALUES ('science-biology-a1-alive', 'science-biology-a1', E'alive', E'/əˈlaɪv/', E'/əˈlaɪv/', E'living, not dead', E'còn sống', 'adjective', E'The flower is still alive.', E'Bông hoa vẫn còn sống.', ARRAY['living']::text[], ARRAY['dead']::text[], ARRAY['stay alive','keep alive']::text[]) ON CONFLICT ("id") DO NOTHING;

-- Topic: Biology - A2 (5 words)
INSERT INTO "Topic" ("id", "title", "subtitle", "description", "level", "wordCount", "estimatedTime", "category", "subcategory", "order", "topicGroupId") VALUES ('science-biology-a2', 'Biology - A2', 'Vocabulary about biology', 'Learn essential vocabulary about biology at A2 level.', 'A2', 5, 10, 'Science', 'Biology', 1, 's58e07902382baec7c9fb') ON CONFLICT ("id") DO NOTHING;
INSERT INTO "VocabItem" ("id", "topicId", "word", "phonBr", "phonNAm", "meaning", "vietnameseMeaning", "partOfSpeech", "exampleSentence", "exampleTranslation", "synonyms", "antonyms", "collocations") VALUES ('science-biology-a2-cell', 'science-biology-a2', E'cell', E'/sel/', E'/sel/', E'the smallest basic unit of a living thing', E'tế bào', 'noun', E'Every living thing is made of at least one cell.', E'Mọi sinh vật sống đều được tạo thành từ ít nhất một tế bào.', ARRAY['unit']::text[], '{}', ARRAY['living cell','blood cell']::text[]) ON CONFLICT ("id") DO NOTHING;
INSERT INTO "VocabItem" ("id", "topicId", "word", "phonBr", "phonNAm", "meaning", "vietnameseMeaning", "partOfSpeech", "exampleSentence", "exampleTranslation", "synonyms", "antonyms", "collocations") VALUES ('science-biology-a2-organism', 'science-biology-a2', E'organism', E'/ˈɔːɡənɪzəm/', E'/ˈɔːrɡənɪzəm/', E'an individual living creature', E'sinh vật', 'noun', E'A tiny organism lives in the pond.', E'Một sinh vật nhỏ bé sống trong cái ao.', ARRAY['creature']::text[], '{}', ARRAY['living organism','microscopic organism']::text[]) ON CONFLICT ("id") DO NOTHING;
INSERT INTO "VocabItem" ("id", "topicId", "word", "phonBr", "phonNAm", "meaning", "vietnameseMeaning", "partOfSpeech", "exampleSentence", "exampleTranslation", "synonyms", "antonyms", "collocations") VALUES ('science-biology-a2-breathe', 'science-biology-a2', E'breathe', E'/briːð/', E'/briːð/', E'to take air into the lungs and let it out', E'thở', 'verb', E'Fish breathe through their gills.', E'Cá thở bằng mang.', ARRAY['respire']::text[], '{}', ARRAY['breathe air','breathe deeply']::text[]) ON CONFLICT ("id") DO NOTHING;
INSERT INTO "VocabItem" ("id", "topicId", "word", "phonBr", "phonNAm", "meaning", "vietnameseMeaning", "partOfSpeech", "exampleSentence", "exampleTranslation", "synonyms", "antonyms", "collocations") VALUES ('science-biology-a2-species', 'science-biology-a2', E'species', E'/ˈspiːʃiːz/', E'/ˈspiːʃiːz/', E'a group of animals or plants that are similar', E'loài', 'noun', E'There are many species of birds in this forest.', E'Có nhiều loài chim trong khu rừng này.', ARRAY['type','kind']::text[], '{}', ARRAY['endangered species','rare species']::text[]) ON CONFLICT ("id") DO NOTHING;
INSERT INTO "VocabItem" ("id", "topicId", "word", "phonBr", "phonNAm", "meaning", "vietnameseMeaning", "partOfSpeech", "exampleSentence", "exampleTranslation", "synonyms", "antonyms", "collocations") VALUES ('science-biology-a2-nature', 'science-biology-a2', E'nature', E'/ˈneɪtʃə(r)/', E'/ˈneɪtʃər/', E'the physical world including plants and animals', E'tự nhiên', 'noun', E'We should protect nature for our future.', E'Chúng ta nên bảo vệ tự nhiên vì tương lai của chúng ta.', ARRAY['environment']::text[], '{}', ARRAY['protect nature','love nature']::text[]) ON CONFLICT ("id") DO NOTHING;

-- Topic: Biology - B1 (5 words)
INSERT INTO "Topic" ("id", "title", "subtitle", "description", "level", "wordCount", "estimatedTime", "category", "subcategory", "order", "topicGroupId") VALUES ('science-biology-b1', 'Biology - B1', 'Vocabulary about biology', 'Learn essential vocabulary about biology at B1 level.', 'B1', 5, 10, 'Science', 'Biology', 2, 's58e07902382baec7c9fb') ON CONFLICT ("id") DO NOTHING;
INSERT INTO "VocabItem" ("id", "topicId", "word", "phonBr", "phonNAm", "meaning", "vietnameseMeaning", "partOfSpeech", "exampleSentence", "exampleTranslation", "synonyms", "antonyms", "collocations") VALUES ('science-biology-b1-reproduce', 'science-biology-b1', E'reproduce', E'/ˌriːprəˈdjuːs/', E'/ˌriːprəˈduːs/', E'To produce offspring.', E'sinh sản', 'verb', E'Some bacteria reproduce very quickly in warm conditions.', E'Một số vi khuẩn sinh sản rất nhanh trong điều kiện ấm áp.', ARRAY['breed','propagate']::text[], '{}', ARRAY['reproduce rapidly','ability to reproduce']::text[]) ON CONFLICT ("id") DO NOTHING;
INSERT INTO "VocabItem" ("id", "topicId", "word", "phonBr", "phonNAm", "meaning", "vietnameseMeaning", "partOfSpeech", "exampleSentence", "exampleTranslation", "synonyms", "antonyms", "collocations") VALUES ('science-biology-b1-evolve', 'science-biology-b1', E'evolve', E'/ɪˈvɒlv/', E'/ɪˈvɑːlv/', E'To develop gradually over time, especially from a simple to a more complex form.', E'tiến hóa', 'verb', E'Animals often evolve to adapt to changes in their environment.', E'Động vật thường tiến hóa để thích nghi với những thay đổi trong môi trường của chúng.', ARRAY['develop','adapt']::text[], '{}', ARRAY['evolve over time','slowly evolve']::text[]) ON CONFLICT ("id") DO NOTHING;
INSERT INTO "VocabItem" ("id", "topicId", "word", "phonBr", "phonNAm", "meaning", "vietnameseMeaning", "partOfSpeech", "exampleSentence", "exampleTranslation", "synonyms", "antonyms", "collocations") VALUES ('science-biology-b1-genetic', 'science-biology-b1', E'genetic', E'/dʒəˈnetɪk/', E'/dʒəˈnetɪk/', E'Relating to genes or heredity.', E'thuộc về di truyền', 'adjective', E'Eye color is determined by genetic factors.', E'Màu mắt được quyết định bởi các yếu tố di truyền.', ARRAY['hereditary','inherited']::text[], '{}', ARRAY['genetic modification','genetic research']::text[]) ON CONFLICT ("id") DO NOTHING;
INSERT INTO "VocabItem" ("id", "topicId", "word", "phonBr", "phonNAm", "meaning", "vietnameseMeaning", "partOfSpeech", "exampleSentence", "exampleTranslation", "synonyms", "antonyms", "collocations") VALUES ('science-biology-b1-extinct', 'science-biology-b1', E'extinct', E'/ɪkˈstɪŋkt/', E'/ɪkˈstɪŋkt/', E'Having no living members; no longer in existence.', E'tuyệt chủng', 'adjective', E'Dinosaurs have been extinct for millions of years.', E'Khủng long đã tuyệt chủng hàng triệu năm nay.', ARRAY['vanished','lost']::text[], ARRAY['living']::text[], ARRAY['become extinct','threatened with extinction']::text[]) ON CONFLICT ("id") DO NOTHING;
INSERT INTO "VocabItem" ("id", "topicId", "word", "phonBr", "phonNAm", "meaning", "vietnameseMeaning", "partOfSpeech", "exampleSentence", "exampleTranslation", "synonyms", "antonyms", "collocations") VALUES ('science-biology-b1-nutrient', 'science-biology-b1', E'nutrient', E'/ˈnjuːtriənt/', E'/ˈnuːtriənt/', E'A substance that provides nourishment essential for growth and the maintenance of life.', E'chất dinh dưỡng', 'noun', E'Plants absorb nutrients from the soil through their roots.', E'Cây cối hấp thụ chất dinh dưỡng từ đất thông qua rễ của chúng.', ARRAY['nourishment','vitamin']::text[], '{}', ARRAY['essential nutrient','absorb nutrients']::text[]) ON CONFLICT ("id") DO NOTHING;

-- Topic: Biology - B2 (5 words)
INSERT INTO "Topic" ("id", "title", "subtitle", "description", "level", "wordCount", "estimatedTime", "category", "subcategory", "order", "topicGroupId") VALUES ('science-biology-b2', 'Biology - B2', 'Vocabulary about biology', 'Learn essential vocabulary about biology at B2 level.', 'B2', 5, 10, 'Science', 'Biology', 3, 's58e07902382baec7c9fb') ON CONFLICT ("id") DO NOTHING;
INSERT INTO "VocabItem" ("id", "topicId", "word", "phonBr", "phonNAm", "meaning", "vietnameseMeaning", "partOfSpeech", "exampleSentence", "exampleTranslation", "synonyms", "antonyms", "collocations") VALUES ('science-biology-b2-adaptation', 'science-biology-b2', E'adaptation', E'/ˌædæpˈteɪʃn/', E'/ˌædæpˈteɪʃn/', E'The process by which a species becomes fitted to its environment.', E'sự thích nghi', 'noun', E'Camouflage is a common adaptation that helps animals survive.', E'Ngụy trang là một sự thích nghi phổ biến giúp động vật sinh tồn.', ARRAY['adjustment','acclimatization']::text[], '{}', ARRAY['evolutionary adaptation','biological adaptation']::text[]) ON CONFLICT ("id") DO NOTHING;
INSERT INTO "VocabItem" ("id", "topicId", "word", "phonBr", "phonNAm", "meaning", "vietnameseMeaning", "partOfSpeech", "exampleSentence", "exampleTranslation", "synonyms", "antonyms", "collocations") VALUES ('science-biology-b2-microbe', 'science-biology-b2', E'microbe', E'/ˈmaɪkrəʊb/', E'/ˈmaɪkroʊb/', E'A microorganism, especially a bacterium causing disease or fermentation.', E'vi trùng, vi sinh vật', 'noun', E'The human gut contains trillions of beneficial microbes.', E'Ruột người chứa hàng nghìn tỷ vi sinh vật có lợi.', ARRAY['microorganism','germ']::text[], '{}', ARRAY['harmful microbe','gut microbe']::text[]) ON CONFLICT ("id") DO NOTHING;
INSERT INTO "VocabItem" ("id", "topicId", "word", "phonBr", "phonNAm", "meaning", "vietnameseMeaning", "partOfSpeech", "exampleSentence", "exampleTranslation", "synonyms", "antonyms", "collocations") VALUES ('science-biology-b2-replicate', 'science-biology-b2', E'replicate', E'/ˈreplɪkeɪt/', E'/ˈreplɪkeɪt/', E'To make an exact copy of, especially in the context of DNA or viruses.', E'tái tạo, sao chép', 'verb', E'Viruses need a host cell to replicate their genetic material.', E'Virus cần một tế bào vật chủ để tái tạo vật chất di truyền của chúng.', ARRAY['duplicate','copy']::text[], '{}', ARRAY['replicate DNA','rapidly replicate']::text[]) ON CONFLICT ("id") DO NOTHING;
INSERT INTO "VocabItem" ("id", "topicId", "word", "phonBr", "phonNAm", "meaning", "vietnameseMeaning", "partOfSpeech", "exampleSentence", "exampleTranslation", "synonyms", "antonyms", "collocations") VALUES ('science-biology-b2-cellular', 'science-biology-b2', E'cellular', E'/ˈseljələ(r)/', E'/ˈseljələr/', E'Relating to or consisting of cells.', E'thuộc về tế bào', 'adjective', E'Cancer research focuses on the abnormal cellular division in the body.', E'Nghiên cứu ung thư tập trung vào sự phân chia tế bào bất thường trong cơ thể.', ARRAY['microscopic']::text[], '{}', ARRAY['cellular structure','cellular respiration']::text[]) ON CONFLICT ("id") DO NOTHING;
INSERT INTO "VocabItem" ("id", "topicId", "word", "phonBr", "phonNAm", "meaning", "vietnameseMeaning", "partOfSpeech", "exampleSentence", "exampleTranslation", "synonyms", "antonyms", "collocations") VALUES ('science-biology-b2-stimulus', 'science-biology-b2', E'stimulus', E'/ˈstɪmjələs/', E'/ˈstɪmjələs/', E'A thing or event that evokes a specific functional reaction in an organ or tissue.', E'tác nhân kích thích', 'noun', E'Plants react to light as a primary environmental stimulus.', E'Thực vật phản ứng với ánh sáng như một tác nhân kích thích môi trường chính.', ARRAY['impulse','trigger']::text[], ARRAY['inhibition']::text[], ARRAY['external stimulus','respond to stimulus']::text[]) ON CONFLICT ("id") DO NOTHING;

-- Topic: Biology - C1 (8 words)
INSERT INTO "Topic" ("id", "title", "subtitle", "description", "level", "wordCount", "estimatedTime", "category", "subcategory", "order", "topicGroupId") VALUES ('science-biology-c1', 'Biology - C1', 'Vocabulary about biology', 'Learn essential vocabulary about biology at C1 level.', 'C1', 8, 16, 'Science', 'Biology', 4, 's58e07902382baec7c9fb') ON CONFLICT ("id") DO NOTHING;
INSERT INTO "VocabItem" ("id", "topicId", "word", "phonBr", "phonNAm", "meaning", "vietnameseMeaning", "partOfSpeech", "exampleSentence", "exampleTranslation", "synonyms", "antonyms", "collocations") VALUES ('science-biology-c1-homeostasis', 'science-biology-c1', E'homeostasis', E'/ˌhəʊmiəˈsteɪsɪs/', E'/ˌhoʊmiəˈsteɪsɪs/', E'The tendency of a biological system to maintain internal stability while adjusting to changing external conditions.', E'Sự cân bằng nội môi', 'noun', E'The human body maintains homeostasis by regulating temperature through sweating and shivering.', E'Cơ thể con người duy trì sự cân bằng nội môi bằng cách điều chỉnh nhiệt độ thông qua đổ mồ hôi và rùng mình.', ARRAY['equilibrium','stability']::text[], '{}', ARRAY['maintain homeostasis','disrupt homeostasis']::text[]) ON CONFLICT ("id") DO NOTHING;
INSERT INTO "VocabItem" ("id", "topicId", "word", "phonBr", "phonNAm", "meaning", "vietnameseMeaning", "partOfSpeech", "exampleSentence", "exampleTranslation", "synonyms", "antonyms", "collocations") VALUES ('science-biology-c1-mitochondrion', 'science-biology-c1', E'mitochondrion', E'/ˌmaɪtəˈkɒndriən/', E'/ˌmaɪtəˈkɑːndriən/', E'An organelle found in large numbers in most cells, in which the biochemical processes of respiration and energy production occur.', E'Ti thể', 'noun', E'The mitochondrion is often referred to as the powerhouse of the cell because it generates most of the cell''s supply of adenosine triphosphate.', E'Ti thể thường được gọi là nhà máy năng lượng của tế bào vì nó tạo ra hầu hết nguồn cung cấp adenosine triphosphate cho tế bào.', ARRAY['organelle']::text[], '{}', ARRAY['mitochondrial DNA','mitochondrial function']::text[]) ON CONFLICT ("id") DO NOTHING;
INSERT INTO "VocabItem" ("id", "topicId", "word", "phonBr", "phonNAm", "meaning", "vietnameseMeaning", "partOfSpeech", "exampleSentence", "exampleTranslation", "synonyms", "antonyms", "collocations") VALUES ('science-biology-c1-symbiosis', 'science-biology-c1', E'symbiosis', E'/ˌsɪmbaɪˈəʊsɪs/', E'/ˌsɪmbaɪˈoʊsɪs/', E'Interaction between two different organisms living in close physical association, typically to the advantage of both.', E'Sự cộng sinh', 'noun', E'The relationship between certain species of bacteria and the human gut is a prime example of symbiosis.', E'Mối quan hệ giữa một số loài vi khuẩn và ruột người là một ví dụ điển hình về sự cộng sinh.', ARRAY['mutualism','interdependence']::text[], ARRAY['parasitism']::text[], ARRAY['obligate symbiosis','mutualistic symbiosis']::text[]) ON CONFLICT ("id") DO NOTHING;
INSERT INTO "VocabItem" ("id", "topicId", "word", "phonBr", "phonNAm", "meaning", "vietnameseMeaning", "partOfSpeech", "exampleSentence", "exampleTranslation", "synonyms", "antonyms", "collocations") VALUES ('science-biology-c1-phenotype', 'science-biology-c1', E'phenotype', E'/ˈfiːnətaɪp/', E'/ˈfiːnətaɪp/', E'The observable physical or biochemical characteristics of an organism, as determined by both genetic makeup and environmental influences.', E'Kiểu hình', 'noun', E'Even with the same genotype, environmental factors can lead to a different phenotype in the plants.', E'Ngay cả với cùng một kiểu gen, các yếu tố môi trường có thể dẫn đến một kiểu hình khác nhau ở thực vật.', ARRAY['observable trait']::text[], ARRAY['genotype']::text[], ARRAY['express a phenotype','phenotype variation']::text[]) ON CONFLICT ("id") DO NOTHING;
INSERT INTO "VocabItem" ("id", "topicId", "word", "phonBr", "phonNAm", "meaning", "vietnameseMeaning", "partOfSpeech", "exampleSentence", "exampleTranslation", "synonyms", "antonyms", "collocations") VALUES ('science-biology-c1-catalyze', 'science-biology-c1', E'catalyze', E'/ˈkætəlaɪz/', E'/ˈkætəlaɪz/', E'To cause or accelerate a chemical reaction by acting as a catalyst.', E'Xúc tác', 'verb', E'Specific enzymes are required to catalyze the metabolic reactions necessary for life.', E'Các enzyme cụ thể là cần thiết để xúc tác các phản ứng trao đổi chất cần thiết cho sự sống.', ARRAY['accelerate','facilitate']::text[], ARRAY['inhibit']::text[], ARRAY['catalyze a reaction','enzymatically catalyze']::text[]) ON CONFLICT ("id") DO NOTHING;
INSERT INTO "VocabItem" ("id", "topicId", "word", "phonBr", "phonNAm", "meaning", "vietnameseMeaning", "partOfSpeech", "exampleSentence", "exampleTranslation", "synonyms", "antonyms", "collocations") VALUES ('science-biology-c1-prokaryotic', 'science-biology-c1', E'prokaryotic', E'/prəʊˌkæriˈɒtɪk/', E'/proʊˌkæriˈɑːtɪk/', E'Relating to single-celled organisms that lack a distinct nucleus and other membrane-bound organelles.', E'Thuộc sinh vật nhân sơ', 'adjective', E'Unlike eukaryotic cells, prokaryotic cells have their genetic material floating freely in the cytoplasm.', E'Không giống như các tế bào nhân thực, các tế bào nhân sơ có vật chất di truyền trôi nổi tự do trong tế bào chất.', ARRAY['primitive']::text[], ARRAY['eukaryotic']::text[], ARRAY['prokaryotic cell','prokaryotic organism']::text[]) ON CONFLICT ("id") DO NOTHING;
INSERT INTO "VocabItem" ("id", "topicId", "word", "phonBr", "phonNAm", "meaning", "vietnameseMeaning", "partOfSpeech", "exampleSentence", "exampleTranslation", "synonyms", "antonyms", "collocations") VALUES ('science-biology-c1-osmosis', 'science-biology-c1', E'osmosis', E'/ɒzˈməʊsɪs/', E'/ɑːzˈmoʊsɪs/', E'The process by which molecules of a solvent pass through a semipermeable membrane from a less concentrated solution into a more concentrated one.', E'Sự thẩm thấu', 'noun', E'Water enters the plant roots through the process of osmosis to maintain turgor pressure.', E'Nước đi vào rễ cây thông qua quá trình thẩm thấu để duy trì áp suất trương nước.', ARRAY['diffusion']::text[], '{}', ARRAY['process of osmosis','osmotic pressure']::text[]) ON CONFLICT ("id") DO NOTHING;
INSERT INTO "VocabItem" ("id", "topicId", "word", "phonBr", "phonNAm", "meaning", "vietnameseMeaning", "partOfSpeech", "exampleSentence", "exampleTranslation", "synonyms", "antonyms", "collocations") VALUES ('science-biology-c1-endogenous', 'science-biology-c1', E'endogenous', E'/enˈdɒdʒɪnəs/', E'/enˈdɑːdʒənəs/', E'Having an internal cause or origin; produced from within an organism or system.', E'Nội sinh', 'adjective', E'The study focuses on how endogenous hormones regulate the sleep-wake cycle in mammals.', E'Nghiên cứu tập trung vào việc các hormone nội sinh điều chỉnh chu kỳ ngủ-thức ở động vật có vú như thế nào.', ARRAY['internal','innate']::text[], ARRAY['exogenous']::text[], ARRAY['endogenous rhythm','endogenous factors']::text[]) ON CONFLICT ("id") DO NOTHING;

-- Topic: Biology - C2 (8 words)
INSERT INTO "Topic" ("id", "title", "subtitle", "description", "level", "wordCount", "estimatedTime", "category", "subcategory", "order", "topicGroupId") VALUES ('science-biology-c2', 'Biology - C2', 'Vocabulary about biology', 'Learn essential vocabulary about biology at C2 level.', 'C2', 8, 16, 'Science', 'Biology', 5, 's58e07902382baec7c9fb') ON CONFLICT ("id") DO NOTHING;
INSERT INTO "VocabItem" ("id", "topicId", "word", "phonBr", "phonNAm", "meaning", "vietnameseMeaning", "partOfSpeech", "exampleSentence", "exampleTranslation", "synonyms", "antonyms", "collocations") VALUES ('science-biology-c2-phylogenetic', 'science-biology-c2', E'phylogenetic', E'/ˌfaɪləʊdʒəˈnetɪk/', E'/ˌfaɪlədʒəˈnetɪk/', E'Relating to the evolutionary development and diversification of a species or group of organisms.', E'Thuộc về phát sinh loài', 'adjective', E'Modern genetic sequencing has fundamentally altered our understanding of the phylogenetic relationships between early primates.', E'Việc giải trình tự gen hiện đại đã thay đổi căn bản hiểu biết của chúng ta về các mối quan hệ phát sinh loài giữa các loài linh trưởng sơ khai.', ARRAY['evolutionary']::text[], '{}', ARRAY['phylogenetic tree','phylogenetic analysis']::text[]) ON CONFLICT ("id") DO NOTHING;
INSERT INTO "VocabItem" ("id", "topicId", "word", "phonBr", "phonNAm", "meaning", "vietnameseMeaning", "partOfSpeech", "exampleSentence", "exampleTranslation", "synonyms", "antonyms", "collocations") VALUES ('science-biology-c2-epigenetics', 'science-biology-c2', E'epigenetics', E'/ˌepɪdʒəˈnetɪks/', E'/ˌepɪdʒəˈnetɪks/', E'The study of changes in organisms caused by modification of gene expression rather than alteration of the genetic code itself.', E'Di truyền học biểu hiện', 'noun', E'Research in epigenetics suggests that environmental factors can leave chemical marks on DNA that influence health across generations.', E'Nghiên cứu về di truyền học biểu hiện cho thấy các yếu tố môi trường có thể để lại các dấu vết hóa học trên DNA ảnh hưởng đến sức khỏe qua nhiều thế hệ.', ARRAY['epigenesis']::text[], '{}', ARRAY['epigenetic markers','epigenetic changes']::text[]) ON CONFLICT ("id") DO NOTHING;
INSERT INTO "VocabItem" ("id", "topicId", "word", "phonBr", "phonNAm", "meaning", "vietnameseMeaning", "partOfSpeech", "exampleSentence", "exampleTranslation", "synonyms", "antonyms", "collocations") VALUES ('science-biology-c2-senescence', 'science-biology-c2', E'senescence', E'/sɪˈnesns/', E'/səˈnesns/', E'The condition or process of deterioration with age.', E'Sự lão hóa', 'noun', E'Cellular senescence is a critical mechanism that prevents damaged cells from proliferating, thereby reducing cancer risk.', E'Sự lão hóa tế bào là một cơ chế quan trọng ngăn chặn các tế bào bị tổn thương tăng sinh, từ đó giảm nguy cơ ung thư.', ARRAY['aging','decrepitude']::text[], ARRAY['rejuvenation']::text[], ARRAY['cellular senescence','accelerated senescence']::text[]) ON CONFLICT ("id") DO NOTHING;
INSERT INTO "VocabItem" ("id", "topicId", "word", "phonBr", "phonNAm", "meaning", "vietnameseMeaning", "partOfSpeech", "exampleSentence", "exampleTranslation", "synonyms", "antonyms", "collocations") VALUES ('science-biology-c2-morphology', 'science-biology-c2', E'morphology', E'/mɔːˈfɒlədʒi/', E'/mɔːrˈfɑːlədʒi/', E'The branch of biology that deals with the form of living organisms and the relationships between their structures.', E'Hình thái học', 'noun', E'By examining the skull morphology of the fossils, scientists were able to classify the extinct species.', E'Bằng cách kiểm tra hình thái hộp sọ của các hóa thạch, các nhà khoa học đã có thể phân loại loài đã tuyệt chủng đó.', ARRAY['anatomy','structure']::text[], '{}', ARRAY['functional morphology','comparative morphology']::text[]) ON CONFLICT ("id") DO NOTHING;
INSERT INTO "VocabItem" ("id", "topicId", "word", "phonBr", "phonNAm", "meaning", "vietnameseMeaning", "partOfSpeech", "exampleSentence", "exampleTranslation", "synonyms", "antonyms", "collocations") VALUES ('science-biology-c2-allopatric', 'science-biology-c2', E'allopatric', E'/ˌæləʊˈpætrɪk/', E'/ˌæləˈpætrɪk/', E'Occurring in or occupying different geographical areas.', E'Khác khu vực địa lý', 'adjective', E'Allopatric speciation occurs when a physical barrier prevents two populations from interbreeding, leading to divergent evolution.', E'Sự hình thành loài khác khu vực địa lý xảy ra khi một rào cản vật lý ngăn cản hai quần thể giao phối, dẫn đến sự tiến hóa phân kỳ.', ARRAY['geographically isolated']::text[], ARRAY['sympatric']::text[], ARRAY['allopatric speciation','allopatric populations']::text[]) ON CONFLICT ("id") DO NOTHING;
INSERT INTO "VocabItem" ("id", "topicId", "word", "phonBr", "phonNAm", "meaning", "vietnameseMeaning", "partOfSpeech", "exampleSentence", "exampleTranslation", "synonyms", "antonyms", "collocations") VALUES ('science-biology-c2-transcription', 'science-biology-c2', E'transcription', E'/trænˈskrɪpʃn/', E'/trænˈskrɪpʃn/', E'The process by which the information in a strand of DNA is copied into a new molecule of messenger RNA.', E'Sự phiên mã', 'noun', E'The regulation of gene transcription is a fundamental process that determines cell differentiation and function.', E'Sự điều hòa phiên mã gen là một quá trình cơ bản quyết định sự biệt hóa và chức năng của tế bào.', ARRAY['RNA synthesis']::text[], '{}', ARRAY['transcription factor','gene transcription']::text[]) ON CONFLICT ("id") DO NOTHING;
INSERT INTO "VocabItem" ("id", "topicId", "word", "phonBr", "phonNAm", "meaning", "vietnameseMeaning", "partOfSpeech", "exampleSentence", "exampleTranslation", "synonyms", "antonyms", "collocations") VALUES ('science-biology-c2-mitochondrial', 'science-biology-c2', E'mitochondrial', E'/ˌmaɪtəˈkɒndriəl/', E'/ˌmaɪtəˈkɑːndriəl/', E'Relating to the mitochondria, which are the powerhouses of the cell.', E'Thuộc về ty thể', 'adjective', E'Defects in mitochondrial DNA can lead to severe metabolic disorders due to impaired energy production.', E'Các khiếm khuyết trong DNA ty thể có thể dẫn đến các rối loạn chuyển hóa nghiêm trọng do suy giảm khả năng sản xuất năng lượng.', '{}', '{}', ARRAY['mitochondrial DNA','mitochondrial function']::text[]) ON CONFLICT ("id") DO NOTHING;
INSERT INTO "VocabItem" ("id", "topicId", "word", "phonBr", "phonNAm", "meaning", "vietnameseMeaning", "partOfSpeech", "exampleSentence", "exampleTranslation", "synonyms", "antonyms", "collocations") VALUES ('science-biology-c2-bioluminescence', 'science-biology-c2', E'bioluminescence', E'/ˌbaɪəʊˌluːmɪˈnesns/', E'/ˌbaɪoʊˌluːmɪˈnesns/', E'The biochemical emission of light by living organisms such as deep-sea fish and fungi.', E'Sự phát quang sinh học', 'noun', E'Many deep-sea creatures use bioluminescence as a lure to attract prey in the absolute darkness of the ocean.', E'Nhiều sinh vật biển sâu sử dụng sự phát quang sinh học như một loại mồi nhử để thu hút con mồi trong bóng tối tuyệt đối của đại dương.', ARRAY['phosphorescence']::text[], '{}', ARRAY['exhibit bioluminescence','bioluminescence emission']::text[]) ON CONFLICT ("id") DO NOTHING;

-- Topic: Environment - A1 (2 words)
INSERT INTO "Topic" ("id", "title", "subtitle", "description", "level", "wordCount", "estimatedTime", "category", "subcategory", "order", "topicGroupId") VALUES ('science-environment-a1', 'Environment - A1', 'Vocabulary about environment', 'Learn essential vocabulary about environment at A1 level.', 'A1', 2, 4, 'Science', 'Environment', 0, 's58e07902382baec7c9fb') ON CONFLICT ("id") DO NOTHING;
INSERT INTO "VocabItem" ("id", "topicId", "word", "phonBr", "phonNAm", "meaning", "vietnameseMeaning", "partOfSpeech", "exampleSentence", "exampleTranslation", "synonyms", "antonyms", "collocations") VALUES ('science-environment-a1-air', 'science-environment-a1', E'air', E'/eər/', E'/er/', E'The invisible mixture of gases that we breathe.', E'không khí', 'noun', E'The air is fresh in the morning.', E'Không khí rất trong lành vào buổi sáng.', ARRAY['atmosphere']::text[], '{}', ARRAY['fresh air','clean air']::text[]) ON CONFLICT ("id") DO NOTHING;
INSERT INTO "VocabItem" ("id", "topicId", "word", "phonBr", "phonNAm", "meaning", "vietnameseMeaning", "partOfSpeech", "exampleSentence", "exampleTranslation", "synonyms", "antonyms", "collocations") VALUES ('science-environment-a1-sea', 'science-environment-a1', E'sea', E'/siː/', E'/siː/', E'The large body of salt water covering much of the Earth.', E'biển', 'noun', E'We go to the sea in summer.', E'Chúng tôi đi biển vào mùa hè.', ARRAY['ocean']::text[], '{}', ARRAY['deep sea','by the sea']::text[]) ON CONFLICT ("id") DO NOTHING;

-- Topic: Environment - A2 (2 words)
INSERT INTO "Topic" ("id", "title", "subtitle", "description", "level", "wordCount", "estimatedTime", "category", "subcategory", "order", "topicGroupId") VALUES ('science-environment-a2', 'Environment - A2', 'Vocabulary about environment', 'Learn essential vocabulary about environment at A2 level.', 'A2', 2, 4, 'Science', 'Environment', 1, 's58e07902382baec7c9fb') ON CONFLICT ("id") DO NOTHING;
INSERT INTO "VocabItem" ("id", "topicId", "word", "phonBr", "phonNAm", "meaning", "vietnameseMeaning", "partOfSpeech", "exampleSentence", "exampleTranslation", "synonyms", "antonyms", "collocations") VALUES ('science-environment-a2-planet', 'science-environment-a2', E'planet', E'/ˈplæn.ɪt/', E'/ˈplæn.ɪt/', E'a large round object in space, such as the Earth', E'hành tinh', 'noun', E'We must take care of our planet.', E'Chúng ta phải chăm sóc hành tinh của mình.', ARRAY['Earth','globe']::text[], '{}', ARRAY['save the planet','our planet']::text[]) ON CONFLICT ("id") DO NOTHING;
INSERT INTO "VocabItem" ("id", "topicId", "word", "phonBr", "phonNAm", "meaning", "vietnameseMeaning", "partOfSpeech", "exampleSentence", "exampleTranslation", "synonyms", "antonyms", "collocations") VALUES ('science-environment-a2-green', 'science-environment-a2', E'green', E'/ɡriːn/', E'/ɡriːn/', E'relating to the protection of the environment', E'xanh (thân thiện với môi trường)', 'adjective', E'Using a bicycle is a green way to travel.', E'Sử dụng xe đạp là một cách đi lại thân thiện với môi trường.', ARRAY['eco-friendly']::text[], '{}', ARRAY['green energy','go green']::text[]) ON CONFLICT ("id") DO NOTHING;

-- Topic: Environment - B1 (1 words)
INSERT INTO "Topic" ("id", "title", "subtitle", "description", "level", "wordCount", "estimatedTime", "category", "subcategory", "order", "topicGroupId") VALUES ('science-environment-b1', 'Environment - B1', 'Vocabulary about environment', 'Learn essential vocabulary about environment at B1 level.', 'B1', 1, 2, 'Science', 'Environment', 2, 's58e07902382baec7c9fb') ON CONFLICT ("id") DO NOTHING;
INSERT INTO "VocabItem" ("id", "topicId", "word", "phonBr", "phonNAm", "meaning", "vietnameseMeaning", "partOfSpeech", "exampleSentence", "exampleTranslation", "synonyms", "antonyms", "collocations") VALUES ('science-environment-b1-natural', 'science-environment-b1', E'natural', E'/ˈnætʃrəl/', E'/ˈnætʃrəl/', E'existing in or derived from nature; not made by humans', E'thuộc về tự nhiên', 'adjective', E'We need to conserve our natural resources.', E'Chúng ta cần bảo tồn các tài nguyên thiên nhiên của mình.', ARRAY['environmental']::text[], ARRAY['artificial']::text[], ARRAY['natural resources','natural disaster']::text[]) ON CONFLICT ("id") DO NOTHING;

-- Topic: Environment - B2 (2 words)
INSERT INTO "Topic" ("id", "title", "subtitle", "description", "level", "wordCount", "estimatedTime", "category", "subcategory", "order", "topicGroupId") VALUES ('science-environment-b2', 'Environment - B2', 'Vocabulary about environment', 'Learn essential vocabulary about environment at B2 level.', 'B2', 2, 4, 'Science', 'Environment', 3, 's58e07902382baec7c9fb') ON CONFLICT ("id") DO NOTHING;
INSERT INTO "VocabItem" ("id", "topicId", "word", "phonBr", "phonNAm", "meaning", "vietnameseMeaning", "partOfSpeech", "exampleSentence", "exampleTranslation", "synonyms", "antonyms", "collocations") VALUES ('science-environment-b2-deplete', 'science-environment-b2', E'deplete', E'/dɪˈpliːt/', E'/dɪˈpliːt/', E'to use up the supply or resources of something', E'làm cạn kiệt', 'verb', E'Intensive farming practices continue to deplete the soil of essential nutrients.', E'Các phương pháp canh tác thâm canh tiếp tục làm cạn kiệt các chất dinh dưỡng thiết yếu trong đất.', ARRAY['exhaust','drain']::text[], ARRAY['replenish']::text[], ARRAY['deplete resources','severely deplete']::text[]) ON CONFLICT ("id") DO NOTHING;
INSERT INTO "VocabItem" ("id", "topicId", "word", "phonBr", "phonNAm", "meaning", "vietnameseMeaning", "partOfSpeech", "exampleSentence", "exampleTranslation", "synonyms", "antonyms", "collocations") VALUES ('science-environment-b2-degrade', 'science-environment-b2', E'degrade', E'/dɪˈɡreɪd/', E'/dɪˈɡreɪd/', E'to break down or deteriorate chemically or physically', E'làm suy thoái', 'verb', E'Plastic waste does not degrade easily and remains in the ocean for centuries.', E'Rác thải nhựa không dễ bị phân hủy và tồn tại trong đại dương hàng thế kỷ.', ARRAY['deteriorate','decompose']::text[], ARRAY['improve']::text[], ARRAY['environmentally degrade','degrade quality']::text[]) ON CONFLICT ("id") DO NOTHING;

-- Topic: Environment - C1 (8 words)
INSERT INTO "Topic" ("id", "title", "subtitle", "description", "level", "wordCount", "estimatedTime", "category", "subcategory", "order", "topicGroupId") VALUES ('science-environment-c1', 'Environment - C1', 'Vocabulary about environment', 'Learn essential vocabulary about environment at C1 level.', 'C1', 8, 16, 'Science', 'Environment', 4, 's58e07902382baec7c9fb') ON CONFLICT ("id") DO NOTHING;
INSERT INTO "VocabItem" ("id", "topicId", "word", "phonBr", "phonNAm", "meaning", "vietnameseMeaning", "partOfSpeech", "exampleSentence", "exampleTranslation", "synonyms", "antonyms", "collocations") VALUES ('science-environment-c1-mitigation', 'science-environment-c1', E'mitigation', E'/ˌmɪtɪˈɡeɪʃn/', E'/ˌmɪtɪˈɡeɪʃn/', E'the action of reducing the severity, seriousness, or painfulness of something', E'sự giảm nhẹ, sự làm dịu bớt', 'noun', E'Effective climate change mitigation requires international cooperation and policy shifts.', E'Việc giảm nhẹ biến đổi khí hậu hiệu quả đòi hỏi sự hợp tác quốc tế và thay đổi chính sách.', ARRAY['alleviation','reduction']::text[], ARRAY['aggravation']::text[], ARRAY['climate mitigation','mitigation strategies']::text[]) ON CONFLICT ("id") DO NOTHING;
INSERT INTO "VocabItem" ("id", "topicId", "word", "phonBr", "phonNAm", "meaning", "vietnameseMeaning", "partOfSpeech", "exampleSentence", "exampleTranslation", "synonyms", "antonyms", "collocations") VALUES ('science-environment-c1-degradation', 'science-environment-c1', E'degradation', E'/ˌdeɡrəˈdeɪʃn/', E'/ˌdeɡrəˈdeɪʃn/', E'the process in which the beauty, strength, or quality of something is damaged', E'sự suy thoái, sự xuống cấp', 'noun', E'Soil degradation is a major concern for farmers trying to maintain crop yields.', E'Sự suy thoái đất là mối quan tâm lớn đối với những người nông dân đang cố gắng duy trì năng suất cây trồng.', ARRAY['deterioration','decline']::text[], ARRAY['improvement']::text[], ARRAY['environmental degradation','soil degradation']::text[]) ON CONFLICT ("id") DO NOTHING;
INSERT INTO "VocabItem" ("id", "topicId", "word", "phonBr", "phonNAm", "meaning", "vietnameseMeaning", "partOfSpeech", "exampleSentence", "exampleTranslation", "synonyms", "antonyms", "collocations") VALUES ('science-environment-c1-sequestration', 'science-environment-c1', E'sequestration', E'/ˌsiːkwəˈstreɪʃn/', E'/ˌsiːkwəˈstreɪʃn/', E'the process of removing and storing carbon dioxide from the atmosphere', E'sự cô lập (carbon)', 'noun', E'Forests play a crucial role in carbon sequestration by absorbing greenhouse gases.', E'Rừng đóng một vai trò quan trọng trong việc cô lập carbon bằng cách hấp thụ các khí nhà kính.', ARRAY['capture','isolation']::text[], '{}', ARRAY['carbon sequestration','sequestration potential']::text[]) ON CONFLICT ("id") DO NOTHING;
INSERT INTO "VocabItem" ("id", "topicId", "word", "phonBr", "phonNAm", "meaning", "vietnameseMeaning", "partOfSpeech", "exampleSentence", "exampleTranslation", "synonyms", "antonyms", "collocations") VALUES ('science-environment-c1-anthropogenic', 'science-environment-c1', E'anthropogenic', E'/ˌænθrəpəˈdʒenɪk/', E'/ˌænθrəpəˈdʒenɪk/', E'originating in human activity', E'do con người gây ra', 'adjective', E'Scientists have confirmed that anthropogenic emissions are the primary driver of current warming trends.', E'Các nhà khoa học đã xác nhận rằng khí thải do con người gây ra là nguyên nhân chính dẫn đến xu hướng nóng lên hiện nay.', ARRAY['human-induced','man-made']::text[], ARRAY['natural']::text[], ARRAY['anthropogenic climate change','anthropogenic impact']::text[]) ON CONFLICT ("id") DO NOTHING;
INSERT INTO "VocabItem" ("id", "topicId", "word", "phonBr", "phonNAm", "meaning", "vietnameseMeaning", "partOfSpeech", "exampleSentence", "exampleTranslation", "synonyms", "antonyms", "collocations") VALUES ('science-environment-c1-resilience', 'science-environment-c1', E'resilience', E'/rɪˈzɪliəns/', E'/rɪˈzɪliəns/', E'the capacity to recover quickly from difficulties or environmental changes', E'khả năng phục hồi', 'noun', E'Building ecological resilience is essential to help coral reefs survive rising ocean temperatures.', E'Xây dựng khả năng phục hồi sinh thái là điều cần thiết để giúp các rạn san hô tồn tại trước nhiệt độ đại dương đang tăng cao.', ARRAY['adaptability','toughness']::text[], ARRAY['fragility']::text[], ARRAY['climate resilience','ecological resilience']::text[]) ON CONFLICT ("id") DO NOTHING;
INSERT INTO "VocabItem" ("id", "topicId", "word", "phonBr", "phonNAm", "meaning", "vietnameseMeaning", "partOfSpeech", "exampleSentence", "exampleTranslation", "synonyms", "antonyms", "collocations") VALUES ('science-environment-c1-contaminant', 'science-environment-c1', E'contaminant', E'/kənˈtæmɪnənt/', E'/kənˈtæmɪnənt/', E'a substance that makes something impure or poisonous', E'chất gây ô nhiễm', 'noun', E'The water supply was tested for any chemical contaminant that could pose a health risk.', E'Nguồn cung cấp nước đã được kiểm tra để tìm bất kỳ chất gây ô nhiễm hóa học nào có thể gây nguy hiểm cho sức khỏe.', ARRAY['pollutant','impurity']::text[], '{}', ARRAY['toxic contaminant','detect a contaminant']::text[]) ON CONFLICT ("id") DO NOTHING;
INSERT INTO "VocabItem" ("id", "topicId", "word", "phonBr", "phonNAm", "meaning", "vietnameseMeaning", "partOfSpeech", "exampleSentence", "exampleTranslation", "synonyms", "antonyms", "collocations") VALUES ('science-environment-c1-effluent', 'science-environment-c1', E'effluent', E'/ˈefluənt/', E'/ˈefluənt/', E'liquid waste or sewage discharged into a river or the sea', E'nước thải (công nghiệp)', 'noun', E'Strict regulations prevent factories from dumping untreated effluent into the local water system.', E'Các quy định nghiêm ngặt ngăn cản các nhà máy xả nước thải chưa qua xử lý vào hệ thống nước địa phương.', ARRAY['sewage','wastewater']::text[], '{}', ARRAY['industrial effluent','discharge effluent']::text[]) ON CONFLICT ("id") DO NOTHING;
INSERT INTO "VocabItem" ("id", "topicId", "word", "phonBr", "phonNAm", "meaning", "vietnameseMeaning", "partOfSpeech", "exampleSentence", "exampleTranslation", "synonyms", "antonyms", "collocations") VALUES ('science-environment-c1-remediate', 'science-environment-c1', E'remediate', E'/rɪˈmiːdieɪt/', E'/rɪˈmiːdieɪt/', E'to fix or improve a situation, especially by removing environmental damage', E'khắc phục, xử lý (ô nhiễm)', 'verb', E'It will take decades to remediate the land contaminated by industrial mining activities.', E'Sẽ mất hàng thập kỷ để xử lý vùng đất bị ô nhiễm bởi các hoạt động khai thác công nghiệp.', ARRAY['clean up','restore']::text[], ARRAY['pollute']::text[], ARRAY['remediate pollution','remediate contaminated soil']::text[]) ON CONFLICT ("id") DO NOTHING;

-- Topic: Environment - C2 (5 words)
INSERT INTO "Topic" ("id", "title", "subtitle", "description", "level", "wordCount", "estimatedTime", "category", "subcategory", "order", "topicGroupId") VALUES ('science-environment-c2', 'Environment - C2', 'Vocabulary about environment', 'Learn essential vocabulary about environment at C2 level.', 'C2', 5, 10, 'Science', 'Environment', 5, 's58e07902382baec7c9fb') ON CONFLICT ("id") DO NOTHING;
INSERT INTO "VocabItem" ("id", "topicId", "word", "phonBr", "phonNAm", "meaning", "vietnameseMeaning", "partOfSpeech", "exampleSentence", "exampleTranslation", "synonyms", "antonyms", "collocations") VALUES ('science-environment-c2-eutrophication', 'science-environment-c2', E'eutrophication', E'/ˌjuːtrəfɪˈkeɪʃn/', E'/ˌjuːtrəfɪˈkeɪʃn/', E'excessive richness of nutrients in a body of water, causing dense plant growth and death of animal life from lack of oxygen', E'hiện tượng phú dưỡng', 'noun', E'Runoff from agricultural fertilizers is a major driver of eutrophication in coastal estuaries.', E'Dòng chảy từ phân bón nông nghiệp là tác nhân chính gây ra hiện tượng phú dưỡng ở các cửa sông ven biển.', ARRAY['algal bloom formation']::text[], '{}', ARRAY['prevent eutrophication','nutrient-driven eutrophication']::text[]) ON CONFLICT ("id") DO NOTHING;
INSERT INTO "VocabItem" ("id", "topicId", "word", "phonBr", "phonNAm", "meaning", "vietnameseMeaning", "partOfSpeech", "exampleSentence", "exampleTranslation", "synonyms", "antonyms", "collocations") VALUES ('science-environment-c2-bioaccumulation', 'science-environment-c2', E'bioaccumulation', E'/ˌbaɪəʊəkjuːmjʊˈleɪʃn/', E'/ˌbaɪoʊəkjuːmjʊˈleɪʃn/', E'the gradual accumulation of substances, such as pesticides or other chemicals, in an organism', E'sự tích tụ sinh học', 'noun', E'Predatory birds often suffer from bioaccumulation of heavy metals found in their prey.', E'Các loài chim săn mồi thường chịu ảnh hưởng từ sự tích tụ sinh học của các kim loại nặng có trong con mồi của chúng.', ARRAY['biomagnification']::text[], '{}', ARRAY['bioaccumulation of toxins','prevent bioaccumulation']::text[]) ON CONFLICT ("id") DO NOTHING;
INSERT INTO "VocabItem" ("id", "topicId", "word", "phonBr", "phonNAm", "meaning", "vietnameseMeaning", "partOfSpeech", "exampleSentence", "exampleTranslation", "synonyms", "antonyms", "collocations") VALUES ('science-environment-c2-desalination', 'science-environment-c2', E'desalination', E'/ˌdiːˌsælɪˈneɪʃn/', E'/ˌdiːˌsælɪˈneɪʃn/', E'the process of removing salt from seawater', E'sự khử muối (nước biển)', 'noun', E'Arid regions increasingly rely on desalination plants to address chronic water shortages.', E'Các khu vực khô hạn ngày càng dựa vào các nhà máy khử muối để giải quyết tình trạng thiếu nước kinh niên.', ARRAY['desalinization']::text[], '{}', ARRAY['desalination plant','seawater desalination']::text[]) ON CONFLICT ("id") DO NOTHING;
INSERT INTO "VocabItem" ("id", "topicId", "word", "phonBr", "phonNAm", "meaning", "vietnameseMeaning", "partOfSpeech", "exampleSentence", "exampleTranslation", "synonyms", "antonyms", "collocations") VALUES ('science-environment-c2-desertification', 'science-environment-c2', E'desertification', E'/dɪˌzɜːtɪfɪˈkeɪʃn/', E'/dɪˌzɜːrtɪfɪˈkeɪʃn/', E'the process by which fertile land becomes desert, typically as a result of drought, deforestation, or inappropriate agriculture', E'quá trình sa mạc hóa', 'noun', E'Overgrazing has accelerated desertification in the Sahel region of Africa.', E'Việc chăn thả quá mức đã đẩy nhanh quá trình sa mạc hóa ở vùng Sahel của châu Phi.', ARRAY['land degradation']::text[], '{}', ARRAY['combat desertification','risk of desertification']::text[]) ON CONFLICT ("id") DO NOTHING;
INSERT INTO "VocabItem" ("id", "topicId", "word", "phonBr", "phonNAm", "meaning", "vietnameseMeaning", "partOfSpeech", "exampleSentence", "exampleTranslation", "synonyms", "antonyms", "collocations") VALUES ('science-environment-c2-sustainability', 'science-environment-c2', E'sustainability', E'/səˌsteɪnəˈbɪləti/', E'/səˌsteɪnəˈbɪləti/', E'the ability to be maintained at a certain rate or level, specifically avoiding depletion of natural resources', E'sự bền vững', 'noun', E'The company is shifting its focus toward environmental sustainability in all its operations.', E'Công ty đang chuyển trọng tâm sang sự bền vững về môi trường trong tất cả các hoạt động của mình.', ARRAY['viability','endurance']::text[], '{}', ARRAY['environmental sustainability','long-term sustainability']::text[]) ON CONFLICT ("id") DO NOTHING;

-- Topic: Space & Astronomy - A1 (5 words)
INSERT INTO "Topic" ("id", "title", "subtitle", "description", "level", "wordCount", "estimatedTime", "category", "subcategory", "order", "topicGroupId") VALUES ('science-space-and-astronomy-a1', 'Space & Astronomy - A1', 'Vocabulary about space & astronomy', 'Learn essential vocabulary about space & astronomy at A1 level.', 'A1', 5, 10, 'Science', 'Space & Astronomy', 0, 's58e07902382baec7c9fb') ON CONFLICT ("id") DO NOTHING;
INSERT INTO "VocabItem" ("id", "topicId", "word", "phonBr", "phonNAm", "meaning", "vietnameseMeaning", "partOfSpeech", "exampleSentence", "exampleTranslation", "synonyms", "antonyms", "collocations") VALUES ('science-space-and-astronomy-a1-moon', 'science-space-and-astronomy-a1', E'moon', E'/muːn/', E'/muːn/', E'the natural object that orbits the Earth', E'mặt trăng', 'noun', E'The moon is very big tonight.', E'Mặt trăng tối nay rất to.', ARRAY['lunar']::text[], '{}', ARRAY['full moon','the moon shines']::text[]) ON CONFLICT ("id") DO NOTHING;
INSERT INTO "VocabItem" ("id", "topicId", "word", "phonBr", "phonNAm", "meaning", "vietnameseMeaning", "partOfSpeech", "exampleSentence", "exampleTranslation", "synonyms", "antonyms", "collocations") VALUES ('science-space-and-astronomy-a1-space', 'science-space-and-astronomy-a1', E'space', E'/speɪs/', E'/speɪs/', E'the area outside the Earth''s atmosphere', E'không gian', 'noun', E'Astronauts travel into space.', E'Các phi hành gia du hành vào không gian.', ARRAY['outer space']::text[], '{}', ARRAY['outer space','travel to space']::text[]) ON CONFLICT ("id") DO NOTHING;
INSERT INTO "VocabItem" ("id", "topicId", "word", "phonBr", "phonNAm", "meaning", "vietnameseMeaning", "partOfSpeech", "exampleSentence", "exampleTranslation", "synonyms", "antonyms", "collocations") VALUES ('science-space-and-astronomy-a1-earth', 'science-space-and-astronomy-a1', E'earth', E'/ɜːθ/', E'/ɜːrθ/', E'the planet where we live', E'Trái Đất', 'noun', E'Earth is our home.', E'Trái Đất là ngôi nhà của chúng ta.', ARRAY['the world']::text[], '{}', ARRAY['planet Earth','live on Earth']::text[]) ON CONFLICT ("id") DO NOTHING;
INSERT INTO "VocabItem" ("id", "topicId", "word", "phonBr", "phonNAm", "meaning", "vietnameseMeaning", "partOfSpeech", "exampleSentence", "exampleTranslation", "synonyms", "antonyms", "collocations") VALUES ('science-space-and-astronomy-a1-night', 'science-space-and-astronomy-a1', E'night', E'/naɪt/', E'/naɪt/', E'the time when it is dark and we can see stars', E'ban đêm', 'noun', E'I look at the stars at night.', E'Tôi ngắm nhìn những ngôi sao vào ban đêm.', ARRAY['evening']::text[], ARRAY['day']::text[], ARRAY['at night','night time']::text[]) ON CONFLICT ("id") DO NOTHING;
INSERT INTO "VocabItem" ("id", "topicId", "word", "phonBr", "phonNAm", "meaning", "vietnameseMeaning", "partOfSpeech", "exampleSentence", "exampleTranslation", "synonyms", "antonyms", "collocations") VALUES ('science-space-and-astronomy-a1-far', 'science-space-and-astronomy-a1', E'far', E'/fɑːr/', E'/fɑːr/', E'a long distance away', E'xa', 'adjective', E'The stars are very far away.', E'Các ngôi sao ở rất xa.', ARRAY['distant']::text[], ARRAY['near']::text[], ARRAY['far away','so far']::text[]) ON CONFLICT ("id") DO NOTHING;

-- Topic: Space & Astronomy - A2 (5 words)
INSERT INTO "Topic" ("id", "title", "subtitle", "description", "level", "wordCount", "estimatedTime", "category", "subcategory", "order", "topicGroupId") VALUES ('science-space-and-astronomy-a2', 'Space & Astronomy - A2', 'Vocabulary about space & astronomy', 'Learn essential vocabulary about space & astronomy at A2 level.', 'A2', 5, 10, 'Science', 'Space & Astronomy', 1, 's58e07902382baec7c9fb') ON CONFLICT ("id") DO NOTHING;
INSERT INTO "VocabItem" ("id", "topicId", "word", "phonBr", "phonNAm", "meaning", "vietnameseMeaning", "partOfSpeech", "exampleSentence", "exampleTranslation", "synonyms", "antonyms", "collocations") VALUES ('science-space-and-astronomy-a2-rocket', 'science-space-and-astronomy-a2', E'rocket', E'/ˈrɒk.ɪt/', E'/ˈrɑː.kɪt/', E'a vehicle used for traveling into space', E'tên lửa', 'noun', E'The rocket launched into the air successfully.', E'Tên lửa đã phóng lên không trung thành công.', ARRAY['spacecraft']::text[], '{}', ARRAY['launch a rocket','space rocket']::text[]) ON CONFLICT ("id") DO NOTHING;
INSERT INTO "VocabItem" ("id", "topicId", "word", "phonBr", "phonNAm", "meaning", "vietnameseMeaning", "partOfSpeech", "exampleSentence", "exampleTranslation", "synonyms", "antonyms", "collocations") VALUES ('science-space-and-astronomy-a2-orbit', 'science-space-and-astronomy-a2', E'orbit', E'/ˈɔː.bɪt/', E'/ˈɔːr.bɪt/', E'the curved path of an object moving around a planet or star', E'quỹ đạo', 'noun', E'The satellite is in orbit around the Earth.', E'Vệ tinh đang ở trên quỹ đạo quanh Trái Đất.', ARRAY['path','course']::text[], '{}', ARRAY['in orbit','enter orbit']::text[]) ON CONFLICT ("id") DO NOTHING;
INSERT INTO "VocabItem" ("id", "topicId", "word", "phonBr", "phonNAm", "meaning", "vietnameseMeaning", "partOfSpeech", "exampleSentence", "exampleTranslation", "synonyms", "antonyms", "collocations") VALUES ('science-space-and-astronomy-a2-telescope', 'science-space-and-astronomy-a2', E'telescope', E'/ˈtel.ɪ.skəʊp/', E'/ˈtel.ə.skoʊp/', E'an instrument used to see distant objects in space', E'kính thiên văn', 'noun', E'We can see the moon clearly through a telescope.', E'Chúng ta có thể thấy mặt trăng rõ ràng qua kính thiên văn.', ARRAY['scope']::text[], '{}', ARRAY['look through a telescope','use a telescope']::text[]) ON CONFLICT ("id") DO NOTHING;
INSERT INTO "VocabItem" ("id", "topicId", "word", "phonBr", "phonNAm", "meaning", "vietnameseMeaning", "partOfSpeech", "exampleSentence", "exampleTranslation", "synonyms", "antonyms", "collocations") VALUES ('science-space-and-astronomy-a2-dark', 'science-space-and-astronomy-a2', E'dark', E'/dɑːk/', E'/dɑːrk/', E'having little or no light', E'tối', 'adjective', E'Space is very dark and cold.', E'Không gian rất tối và lạnh lẽo.', ARRAY['dim']::text[], ARRAY['bright']::text[], ARRAY['dark sky','pitch dark']::text[]) ON CONFLICT ("id") DO NOTHING;
INSERT INTO "VocabItem" ("id", "topicId", "word", "phonBr", "phonNAm", "meaning", "vietnameseMeaning", "partOfSpeech", "exampleSentence", "exampleTranslation", "synonyms", "antonyms", "collocations") VALUES ('science-space-and-astronomy-a2-fly', 'science-space-and-astronomy-a2', E'fly', E'/flaɪ/', E'/flaɪ/', E'to move through the air or space', E'bay', 'verb', E'Astronauts fly in special ships to reach the moon.', E'Các phi hành gia bay trên những con tàu đặc biệt để đến mặt trăng.', ARRAY['travel']::text[], '{}', ARRAY['fly into space','fly high']::text[]) ON CONFLICT ("id") DO NOTHING;

-- Topic: Space & Astronomy - B1 (5 words)
INSERT INTO "Topic" ("id", "title", "subtitle", "description", "level", "wordCount", "estimatedTime", "category", "subcategory", "order", "topicGroupId") VALUES ('science-space-and-astronomy-b1', 'Space & Astronomy - B1', 'Vocabulary about space & astronomy', 'Learn essential vocabulary about space & astronomy at B1 level.', 'B1', 5, 10, 'Science', 'Space & Astronomy', 2, 's58e07902382baec7c9fb') ON CONFLICT ("id") DO NOTHING;
INSERT INTO "VocabItem" ("id", "topicId", "word", "phonBr", "phonNAm", "meaning", "vietnameseMeaning", "partOfSpeech", "exampleSentence", "exampleTranslation", "synonyms", "antonyms", "collocations") VALUES ('science-space-and-astronomy-b1-galaxy', 'science-space-and-astronomy-b1', E'galaxy', E'/ˈɡæləksi/', E'/ˈɡæləksi/', E'a massive system of stars, stellar remnants, gas, dust, and dark matter bound together by gravity', E'thiên hà', 'noun', E'Our solar system is located within the Milky Way galaxy.', E'Hệ mặt trời của chúng ta nằm trong thiên hà Ngân Hà.', ARRAY['star system']::text[], '{}', ARRAY['spiral galaxy','distant galaxy']::text[]) ON CONFLICT ("id") DO NOTHING;
INSERT INTO "VocabItem" ("id", "topicId", "word", "phonBr", "phonNAm", "meaning", "vietnameseMeaning", "partOfSpeech", "exampleSentence", "exampleTranslation", "synonyms", "antonyms", "collocations") VALUES ('science-space-and-astronomy-b1-launch', 'science-space-and-astronomy-b1', E'launch', E'/lɔːntʃ/', E'/lɔːntʃ/', E'to set a rocket or spacecraft in motion', E'phóng', 'verb', E'The agency plans to launch a new satellite into space tomorrow.', E'Cơ quan này dự định phóng một vệ tinh mới vào không gian vào ngày mai.', ARRAY['blast off','send up']::text[], ARRAY['land']::text[], ARRAY['launch a rocket','space launch']::text[]) ON CONFLICT ("id") DO NOTHING;
INSERT INTO "VocabItem" ("id", "topicId", "word", "phonBr", "phonNAm", "meaning", "vietnameseMeaning", "partOfSpeech", "exampleSentence", "exampleTranslation", "synonyms", "antonyms", "collocations") VALUES ('science-space-and-astronomy-b1-comet', 'science-space-and-astronomy-b1', E'comet', E'/ˈkɒmɪt/', E'/ˈkɑːmɪt/', E'a celestial object consisting of a nucleus of ice and dust that develops a tail when near the sun', E'sao chổi', 'noun', E'A bright comet can be seen in the night sky once every few decades.', E'Một ngôi sao chổi sáng có thể được nhìn thấy trên bầu trời đêm vài thập kỷ một lần.', ARRAY['shooting star']::text[], '{}', ARRAY['Halley''s comet','bright comet']::text[]) ON CONFLICT ("id") DO NOTHING;
INSERT INTO "VocabItem" ("id", "topicId", "word", "phonBr", "phonNAm", "meaning", "vietnameseMeaning", "partOfSpeech", "exampleSentence", "exampleTranslation", "synonyms", "antonyms", "collocations") VALUES ('science-space-and-astronomy-b1-lunar', 'science-space-and-astronomy-b1', E'lunar', E'/ˈluːnə(r)/', E'/ˈluːnər/', E'relating to or resembling the moon', E'thuộc về mặt trăng', 'adjective', E'The astronauts conducted several experiments during the lunar mission.', E'Các phi hành gia đã thực hiện một vài thí nghiệm trong suốt sứ mệnh trên Mặt Trăng.', ARRAY['moon-related']::text[], ARRAY['solar']::text[], ARRAY['lunar surface','lunar eclipse']::text[]) ON CONFLICT ("id") DO NOTHING;
INSERT INTO "VocabItem" ("id", "topicId", "word", "phonBr", "phonNAm", "meaning", "vietnameseMeaning", "partOfSpeech", "exampleSentence", "exampleTranslation", "synonyms", "antonyms", "collocations") VALUES ('science-space-and-astronomy-b1-universe', 'science-space-and-astronomy-b1', E'universe', E'/ˈjuːnɪvɜːs/', E'/ˈjuːnɪvɜːrs/', E'all existing matter and space considered as a whole', E'vũ trụ', 'noun', E'The universe is constantly expanding.', E'Vũ trụ đang không ngừng mở rộng.', ARRAY['cosmos','space']::text[], '{}', ARRAY['the entire universe','origin of the universe']::text[]) ON CONFLICT ("id") DO NOTHING;

-- Topic: Space & Astronomy - B2 (5 words)
INSERT INTO "Topic" ("id", "title", "subtitle", "description", "level", "wordCount", "estimatedTime", "category", "subcategory", "order", "topicGroupId") VALUES ('science-space-and-astronomy-b2', 'Space & Astronomy - B2', 'Vocabulary about space & astronomy', 'Learn essential vocabulary about space & astronomy at B2 level.', 'B2', 5, 10, 'Science', 'Space & Astronomy', 3, 's58e07902382baec7c9fb') ON CONFLICT ("id") DO NOTHING;
INSERT INTO "VocabItem" ("id", "topicId", "word", "phonBr", "phonNAm", "meaning", "vietnameseMeaning", "partOfSpeech", "exampleSentence", "exampleTranslation", "synonyms", "antonyms", "collocations") VALUES ('science-space-and-astronomy-b2-celestial', 'science-space-and-astronomy-b2', E'celestial', E'/səˈles.ti.əl/', E'/səˈles.tʃəl/', E'positioned in or relating to the sky, or outer space as observed in astronomy', E'thuộc về bầu trời, thiên thể', 'adjective', E'Ancient navigators relied on celestial bodies to determine their position at sea.', E'Những người đi biển cổ đại dựa vào các thiên thể để xác định vị trí của họ trên biển.', ARRAY['astronomical','heavenly']::text[], ARRAY['terrestrial']::text[], ARRAY['celestial body','celestial mechanics']::text[]) ON CONFLICT ("id") DO NOTHING;
INSERT INTO "VocabItem" ("id", "topicId", "word", "phonBr", "phonNAm", "meaning", "vietnameseMeaning", "partOfSpeech", "exampleSentence", "exampleTranslation", "synonyms", "antonyms", "collocations") VALUES ('science-space-and-astronomy-b2-constellation', 'science-space-and-astronomy-b2', E'constellation', E'/ˌkɒn.stəˈleɪ.ʃən/', E'/ˌkɑːn.stəˈleɪ.ʃən/', E'a group of stars forming a recognizable pattern that is traditionally named after its apparent form', E'chòm sao', 'noun', E'Orion is one of the most easily recognizable constellations in the night sky.', E'Orion là một trong những chòm sao dễ nhận biết nhất trên bầu trời đêm.', ARRAY['star pattern','asterism']::text[], '{}', ARRAY['observe a constellation','identify a constellation']::text[]) ON CONFLICT ("id") DO NOTHING;
INSERT INTO "VocabItem" ("id", "topicId", "word", "phonBr", "phonNAm", "meaning", "vietnameseMeaning", "partOfSpeech", "exampleSentence", "exampleTranslation", "synonyms", "antonyms", "collocations") VALUES ('science-space-and-astronomy-b2-gravitational', 'science-space-and-astronomy-b2', E'gravitational', E'/ˌɡræv.ɪˈteɪ.ʃən.əl/', E'/ˌɡræv.əˈteɪ.ʃən.əl/', E'relating to the force that attracts a body toward the center of the earth or toward any other physical body having mass', E'thuộc về trọng lực', 'adjective', E'The gravitational pull of the moon is responsible for the ocean tides.', E'Lực hút trọng trường của mặt trăng là nguyên nhân gây ra thủy triều đại dương.', ARRAY['gravitic']::text[], '{}', ARRAY['gravitational pull','gravitational force']::text[]) ON CONFLICT ("id") DO NOTHING;
INSERT INTO "VocabItem" ("id", "topicId", "word", "phonBr", "phonNAm", "meaning", "vietnameseMeaning", "partOfSpeech", "exampleSentence", "exampleTranslation", "synonyms", "antonyms", "collocations") VALUES ('science-space-and-astronomy-b2-phenomenon', 'science-space-and-astronomy-b2', E'phenomenon', E'/fəˈnɒm.ɪ.nən/', E'/fəˈnɑː.mə.nɑːn/', E'a fact or situation that is observed to exist or happen, especially one whose cause or explanation is in question', E'hiện tượng', 'noun', E'A solar eclipse is a fascinating natural phenomenon that draws crowds of observers.', E'Nhật thực là một hiện tượng tự nhiên hấp dẫn thu hút đám đông người quan sát.', ARRAY['occurrence','event']::text[], '{}', ARRAY['natural phenomenon','astronomical phenomenon']::text[]) ON CONFLICT ("id") DO NOTHING;
INSERT INTO "VocabItem" ("id", "topicId", "word", "phonBr", "phonNAm", "meaning", "vietnameseMeaning", "partOfSpeech", "exampleSentence", "exampleTranslation", "synonyms", "antonyms", "collocations") VALUES ('science-space-and-astronomy-b2-vacuum', 'science-space-and-astronomy-b2', E'vacuum', E'/ˈvæk.juːm/', E'/ˈvæk.juːm/', E'a space entirely devoid of matter', E'chân không', 'noun', E'Space is essentially a vacuum, which is why sound cannot travel through it.', E'Không gian về cơ bản là một môi trường chân không, đó là lý do tại sao âm thanh không thể truyền qua đó.', ARRAY['void','emptiness']::text[], ARRAY['matter','atmosphere']::text[], ARRAY['outer space vacuum','create a vacuum']::text[]) ON CONFLICT ("id") DO NOTHING;

-- Topic: Space & Astronomy - C1 (8 words)
INSERT INTO "Topic" ("id", "title", "subtitle", "description", "level", "wordCount", "estimatedTime", "category", "subcategory", "order", "topicGroupId") VALUES ('science-space-and-astronomy-c1', 'Space & Astronomy - C1', 'Vocabulary about space & astronomy', 'Learn essential vocabulary about space & astronomy at C1 level.', 'C1', 8, 16, 'Science', 'Space & Astronomy', 4, 's58e07902382baec7c9fb') ON CONFLICT ("id") DO NOTHING;
INSERT INTO "VocabItem" ("id", "topicId", "word", "phonBr", "phonNAm", "meaning", "vietnameseMeaning", "partOfSpeech", "exampleSentence", "exampleTranslation", "synonyms", "antonyms", "collocations") VALUES ('science-space-and-astronomy-c1-nebula', 'science-space-and-astronomy-c1', E'nebula', E'/ˈneb.jə.lə/', E'/ˈneb.jə.lə/', E'a cloud of gas and dust in outer space', E'tinh vân', 'noun', E'The telescope captured a stunning image of a vibrant nebula where new stars are being born.', E'Kính thiên văn đã chụp được một hình ảnh tuyệt đẹp về một tinh vân rực rỡ nơi các ngôi sao mới đang được hình thành.', ARRAY['interstellar cloud']::text[], '{}', ARRAY['diffuse nebula','planetary nebula']::text[]) ON CONFLICT ("id") DO NOTHING;
INSERT INTO "VocabItem" ("id", "topicId", "word", "phonBr", "phonNAm", "meaning", "vietnameseMeaning", "partOfSpeech", "exampleSentence", "exampleTranslation", "synonyms", "antonyms", "collocations") VALUES ('science-space-and-astronomy-c1-extraterrestrial', 'science-space-and-astronomy-c1', E'extraterrestrial', E'/ˌek.strə.təˈres.tri.əl/', E'/ˌek.strə.təˈres.tri.əl/', E'originating, located, or occurring outside the earth or its atmosphere', E'ngoài trái đất', 'adjective', E'The search for extraterrestrial intelligence remains one of the most profound scientific endeavors.', E'Việc tìm kiếm trí thông minh ngoài trái đất vẫn là một trong những nỗ lực khoa học sâu sắc nhất.', ARRAY['alien','otherworldly']::text[], ARRAY['terrestrial']::text[], ARRAY['extraterrestrial life','extraterrestrial intelligence']::text[]) ON CONFLICT ("id") DO NOTHING;
INSERT INTO "VocabItem" ("id", "topicId", "word", "phonBr", "phonNAm", "meaning", "vietnameseMeaning", "partOfSpeech", "exampleSentence", "exampleTranslation", "synonyms", "antonyms", "collocations") VALUES ('science-space-and-astronomy-c1-accretion', 'science-space-and-astronomy-c1', E'accretion', E'/əˈkriː.ʃən/', E'/əˈkriː.ʃən/', E'the process of growth or increase, typically by the gradual accumulation of additional layers or matter', E'sự bồi tụ, sự tích tụ', 'noun', E'The planet grew through the accretion of dust and gas from the surrounding protoplanetary disk.', E'Hành tinh đã phát triển thông qua sự bồi tụ bụi và khí từ đĩa tiền hành tinh xung quanh.', ARRAY['accumulation','aggregation']::text[], ARRAY['erosion']::text[], ARRAY['accretion disk','accretion process']::text[]) ON CONFLICT ("id") DO NOTHING;
INSERT INTO "VocabItem" ("id", "topicId", "word", "phonBr", "phonNAm", "meaning", "vietnameseMeaning", "partOfSpeech", "exampleSentence", "exampleTranslation", "synonyms", "antonyms", "collocations") VALUES ('science-space-and-astronomy-c1-supernova', 'science-space-and-astronomy-c1', E'supernova', E'/ˌsuː.pəˈnəʊ.və/', E'/ˌsuː.pɚˈnoʊ.və/', E'a powerful and luminous stellar explosion', E'siêu tân tinh', 'noun', E'When a massive star reaches the end of its life, it collapses and explodes in a spectacular supernova.', E'Khi một ngôi sao lớn đến cuối vòng đời, nó sụp đổ và phát nổ trong một vụ siêu tân tinh ngoạn mục.', ARRAY['stellar explosion']::text[], '{}', ARRAY['supernova remnant','witness a supernova']::text[]) ON CONFLICT ("id") DO NOTHING;
INSERT INTO "VocabItem" ("id", "topicId", "word", "phonBr", "phonNAm", "meaning", "vietnameseMeaning", "partOfSpeech", "exampleSentence", "exampleTranslation", "synonyms", "antonyms", "collocations") VALUES ('science-space-and-astronomy-c1-trajectory', 'science-space-and-astronomy-c1', E'trajectory', E'/trəˈdʒek.tər.i/', E'/trəˈdʒek.tə.ri/', E'the path followed by a projectile flying or an object moving under the action of given forces', E'quỹ đạo, đường đạn', 'noun', E'Mission control carefully calculated the spacecraft''s trajectory to ensure it would enter the Martian orbit correctly.', E'Trung tâm điều khiển nhiệm vụ đã tính toán cẩn thận quỹ đạo của tàu vũ trụ để đảm bảo nó đi vào quỹ đạo sao Hỏa một cách chính xác.', ARRAY['path','flight path']::text[], '{}', ARRAY['orbital trajectory','calculate a trajectory']::text[]) ON CONFLICT ("id") DO NOTHING;
INSERT INTO "VocabItem" ("id", "topicId", "word", "phonBr", "phonNAm", "meaning", "vietnameseMeaning", "partOfSpeech", "exampleSentence", "exampleTranslation", "synonyms", "antonyms", "collocations") VALUES ('science-space-and-astronomy-c1-luminosity', 'science-space-and-astronomy-c1', E'luminosity', E'/ˌluː.mɪˈnɒs.ə.ti/', E'/ˌluː.məˈnɑː.sə.t̬i/', E'the total amount of energy emitted by a star, galaxy, or other astronomical object per unit time', E'độ sáng, quang độ', 'noun', E'Astronomers use the luminosity of a star to determine its distance from Earth.', E'Các nhà thiên văn học sử dụng độ sáng của một ngôi sao để xác định khoảng cách của nó so với Trái Đất.', ARRAY['brightness','radiance']::text[], ARRAY['darkness']::text[], ARRAY['stellar luminosity','measure luminosity']::text[]) ON CONFLICT ("id") DO NOTHING;
INSERT INTO "VocabItem" ("id", "topicId", "word", "phonBr", "phonNAm", "meaning", "vietnameseMeaning", "partOfSpeech", "exampleSentence", "exampleTranslation", "synonyms", "antonyms", "collocations") VALUES ('science-space-and-astronomy-c1-parallax', 'science-space-and-astronomy-c1', E'parallax', E'/ˈpær.ə.læks/', E'/ˈpær.ə.læks/', E'the effect whereby the position or direction of an object appears to differ when viewed from different positions', E'thị sai', 'noun', E'Scientists measure the distance to nearby stars by observing the parallax effect as Earth orbits the Sun.', E'Các nhà khoa học đo khoảng cách đến các ngôi sao gần đó bằng cách quan sát hiệu ứng thị sai khi Trái Đất quay quanh Mặt Trời.', ARRAY['apparent displacement']::text[], '{}', ARRAY['stellar parallax','measure parallax']::text[]) ON CONFLICT ("id") DO NOTHING;
INSERT INTO "VocabItem" ("id", "topicId", "word", "phonBr", "phonNAm", "meaning", "vietnameseMeaning", "partOfSpeech", "exampleSentence", "exampleTranslation", "synonyms", "antonyms", "collocations") VALUES ('science-space-and-astronomy-c1-interstellar', 'science-space-and-astronomy-c1', E'interstellar', E'/ˌɪn.təˈstel.ər/', E'/ˌɪn.t̬ɚˈstel.ɚ/', E'occurring or situated between stars', E'liên sao, giữa các vì sao', 'adjective', E'Voyager 1 is currently traveling through interstellar space, carrying a message for any potential life it might encounter.', E'Voyager 1 hiện đang du hành qua không gian liên sao, mang theo thông điệp cho bất kỳ sự sống tiềm năng nào mà nó có thể gặp phải.', ARRAY['deep-space']::text[], '{}', ARRAY['interstellar space','interstellar medium']::text[]) ON CONFLICT ("id") DO NOTHING;

-- Topic: Space & Astronomy - C2 (9 words)
INSERT INTO "Topic" ("id", "title", "subtitle", "description", "level", "wordCount", "estimatedTime", "category", "subcategory", "order", "topicGroupId") VALUES ('science-space-and-astronomy-c2', 'Space & Astronomy - C2', 'Vocabulary about space & astronomy', 'Learn essential vocabulary about space & astronomy at C2 level.', 'C2', 9, 18, 'Science', 'Space & Astronomy', 5, 's58e07902382baec7c9fb') ON CONFLICT ("id") DO NOTHING;
INSERT INTO "VocabItem" ("id", "topicId", "word", "phonBr", "phonNAm", "meaning", "vietnameseMeaning", "partOfSpeech", "exampleSentence", "exampleTranslation", "synonyms", "antonyms", "collocations") VALUES ('science-space-and-astronomy-c2-syzygy', 'science-space-and-astronomy-c2', E'syzygy', E'/ˈsɪz.ɪ.dʒi/', E'/ˈsɪz.ə.dʒi/', E'The alignment of three celestial bodies in a gravitational system.', E'Sự thẳng hàng của các thiên thể', 'noun', E'A solar eclipse can only occur when the Earth, Moon, and Sun are in perfect syzygy.', E'Nhật thực chỉ có thể xảy ra khi Trái Đất, Mặt Trăng và Mặt Trời thẳng hàng hoàn hảo.', ARRAY['alignment','conjunction']::text[], '{}', ARRAY['perfect syzygy','orbital syzygy']::text[]) ON CONFLICT ("id") DO NOTHING;
INSERT INTO "VocabItem" ("id", "topicId", "word", "phonBr", "phonNAm", "meaning", "vietnameseMeaning", "partOfSpeech", "exampleSentence", "exampleTranslation", "synonyms", "antonyms", "collocations") VALUES ('science-space-and-astronomy-c2-spaghettification', 'science-space-and-astronomy-c2', E'spaghettification', E'/spəˌɡɛt.ɪ.fɪˈkeɪ.ʃən/', E'/spəˌɡɛt̬.ɪ.fəˈkeɪ.ʃən/', E'The vertical stretching and horizontal compression of objects in a very strong non-homogeneous gravitational field.', E'Hiệu ứng mì ống (sự kéo giãn vật thể bởi lỗ đen)', 'noun', E'Any astronaut venturing too close to the event horizon would suffer immediate spaghettification.', E'Bất kỳ phi hành gia nào mạo hiểm lại quá gần chân trời sự kiện đều sẽ chịu hiệu ứng mì ống ngay lập tức.', ARRAY['vertical stretching']::text[], '{}', ARRAY['prevent spaghettification','undergo spaghettification']::text[]) ON CONFLICT ("id") DO NOTHING;
INSERT INTO "VocabItem" ("id", "topicId", "word", "phonBr", "phonNAm", "meaning", "vietnameseMeaning", "partOfSpeech", "exampleSentence", "exampleTranslation", "synonyms", "antonyms", "collocations") VALUES ('science-space-and-astronomy-c2-oblate', 'science-space-and-astronomy-c2', E'oblate', E'/ˈɒb.leɪt/', E'/ˈɑː.bleɪt/', E'Having a shape that is flattened at the poles.', E'Dẹt ở hai cực (hình cầu)', 'adjective', E'Due to its rapid rotation, Saturn is noticeably oblate in its overall shape.', E'Do tốc độ tự quay nhanh, Sao Thổ có hình dạng dẹt rõ rệt ở hai cực.', ARRAY['flattened','ellipsoidal']::text[], ARRAY['prolate']::text[], ARRAY['oblate spheroid','oblate planet']::text[]) ON CONFLICT ("id") DO NOTHING;
INSERT INTO "VocabItem" ("id", "topicId", "word", "phonBr", "phonNAm", "meaning", "vietnameseMeaning", "partOfSpeech", "exampleSentence", "exampleTranslation", "synonyms", "antonyms", "collocations") VALUES ('science-space-and-astronomy-c2-scintillation', 'science-space-and-astronomy-c2', E'scintillation', E'/ˌsɪn.tɪˈleɪ.ʃən/', E'/ˌsɪn.t̬əˈleɪ.ʃən/', E'The flickering or twinkling of stars caused by the Earth''s atmosphere.', E'Sự nhấp nháy của các vì sao', 'noun', E'Astronomers prefer high-altitude observatories to minimize the effects of atmospheric scintillation.', E'', ARRAY['twinkling','flickering']::text[], '{}', ARRAY['atmospheric scintillation','stellar scintillation']::text[]) ON CONFLICT ("id") DO NOTHING;
INSERT INTO "VocabItem" ("id", "topicId", "word", "phonBr", "phonNAm", "meaning", "vietnameseMeaning", "partOfSpeech", "exampleSentence", "exampleTranslation", "synonyms", "antonyms", "collocations") VALUES ('science-space-and-astronomy-c2-perihelion', 'science-space-and-astronomy-c2', E'perihelion', E'/ˌper.ɪˈhiː.li.ən/', E'/ˌper.əˈhiː.li.ən/', E'The point in the orbit of a planet or comet where it is nearest to the sun.', E'Điểm cận nhật', 'noun', E'The Earth reaches its perihelion in early January each year.', E'Trái Đất đạt đến điểm cận nhật vào đầu tháng Một hàng năm.', ARRAY['closest approach']::text[], ARRAY['aphelion']::text[], ARRAY['reach perihelion','at perihelion']::text[]) ON CONFLICT ("id") DO NOTHING;
INSERT INTO "VocabItem" ("id", "topicId", "word", "phonBr", "phonNAm", "meaning", "vietnameseMeaning", "partOfSpeech", "exampleSentence", "exampleTranslation", "synonyms", "antonyms", "collocations") VALUES ('science-space-and-astronomy-c2-bolide', 'science-space-and-astronomy-c2', E'bolide', E'/ˈbɒl.aɪd/', E'/ˈboʊ.laɪd/', E'An exceptionally bright meteor that explodes in the atmosphere.', E'Thiên thạch sáng (cầu lửa)', 'noun', E'The massive bolide lit up the night sky over the city for several seconds before disintegrating.', E'Thiên thạch sáng rực rỡ đã thắp sáng bầu trời đêm trên thành phố trong vài giây trước khi tan rã.', ARRAY['fireball','meteor']::text[], '{}', ARRAY['bright bolide','bolide impact']::text[]) ON CONFLICT ("id") DO NOTHING;
INSERT INTO "VocabItem" ("id", "topicId", "word", "phonBr", "phonNAm", "meaning", "vietnameseMeaning", "partOfSpeech", "exampleSentence", "exampleTranslation", "synonyms", "antonyms", "collocations") VALUES ('science-space-and-astronomy-c2-synergetic', 'science-space-and-astronomy-c2', E'synergetic', E'/ˌsɪn.əˈdʒet.ɪk/', E'/ˌsɪn.ɚˈdʒet̬.ɪk/', E'Working together; relating to the interaction of elements that when combined produce a total effect greater than the sum of the individual elements.', E'Có tính hiệp đồng', 'adjective', E'The synergetic effect of multiple gravitational fields can stabilize a complex multi-star system.', E'Hiệu ứng hiệp đồng của nhiều trường hấp dẫn có thể ổn định một hệ đa sao phức tạp.', ARRAY['collaborative','cooperative']::text[], ARRAY['antagonistic']::text[], ARRAY['synergetic effect','synergetic interaction']::text[]) ON CONFLICT ("id") DO NOTHING;
INSERT INTO "VocabItem" ("id", "topicId", "word", "phonBr", "phonNAm", "meaning", "vietnameseMeaning", "partOfSpeech", "exampleSentence", "exampleTranslation", "synonyms", "antonyms", "collocations") VALUES ('science-space-and-astronomy-c2-transient', 'science-space-and-astronomy-c2', E'transient', E'/ˈtræn.zi.ənt/', E'/ˈtræn.ʃənt/', E'Lasting for a very short time; referring to astronomical events like supernovae or gamma-ray bursts.', E'Nhất thời, ngắn hạn (sự kiện thiên văn)', 'adjective', E'Modern telescopes are designed to detect transient cosmic events in real-time.', E'Các kính viễn vọng hiện đại được thiết kế để phát hiện các sự kiện vũ trụ nhất thời trong thời gian thực.', ARRAY['ephemeral','fleeting']::text[], ARRAY['permanent']::text[], ARRAY['transient event','cosmic transient']::text[]) ON CONFLICT ("id") DO NOTHING;
INSERT INTO "VocabItem" ("id", "topicId", "word", "phonBr", "phonNAm", "meaning", "vietnameseMeaning", "partOfSpeech", "exampleSentence", "exampleTranslation", "synonyms", "antonyms", "collocations") VALUES ('science-space-and-astronomy-c2-infer', 'science-space-and-astronomy-c2', E'infer', E'/ɪnˈfɜːr/', E'/ɪnˈfɜːr/', E'To deduce or conclude information from evidence and reasoning rather than from explicit statements.', E'Suy luận', 'verb', E'Scientists can infer the composition of a distant star by analyzing its spectral signature.', E'Các nhà khoa học có thể suy luận thành phần của một ngôi sao xa xôi bằng cách phân tích phổ đặc trưng của nó.', ARRAY['deduce','conclude']::text[], ARRAY['ignore']::text[], ARRAY['infer from data','infer properties']::text[]) ON CONFLICT ("id") DO NOTHING;

-- ══════════════════════════════════════════════════
-- VOCAB: Arts & Culture
-- ══════════════════════════════════════════════════
INSERT INTO "TopicGroup" ("id", "name", "order", "hubType", "subcategories") VALUES ('s9595f16fe5e54e20e27f', 'Arts & Culture', 12, 'vocab', ARRAY['Music','Visual Arts','Literature','Festivals & Traditions']::text[]) ON CONFLICT ("name", "hubType") DO NOTHING;

-- Topic: Music - A1 (2 words)
INSERT INTO "Topic" ("id", "title", "subtitle", "description", "level", "wordCount", "estimatedTime", "category", "subcategory", "order", "topicGroupId") VALUES ('arts-and-culture-music-a1', 'Music - A1', 'Vocabulary about music', 'Learn essential vocabulary about music at A1 level.', 'A1', 2, 4, 'Arts & Culture', 'Music', 0, 's9595f16fe5e54e20e27f') ON CONFLICT ("id") DO NOTHING;
INSERT INTO "VocabItem" ("id", "topicId", "word", "phonBr", "phonNAm", "meaning", "vietnameseMeaning", "partOfSpeech", "exampleSentence", "exampleTranslation", "synonyms", "antonyms", "collocations") VALUES ('arts-and-culture-music-a1-guitar', 'arts-and-culture-music-a1', E'guitar', E'/ɡɪˈtɑː(r)/', E'/ɡɪˈtɑːr/', E'a musical instrument with strings that you play with your fingers', E'đàn ghi-ta', 'noun', E'He plays the guitar.', E'Anh ấy chơi đàn ghi-ta.', '{}', '{}', ARRAY['play the guitar','acoustic guitar']::text[]) ON CONFLICT ("id") DO NOTHING;
INSERT INTO "VocabItem" ("id", "topicId", "word", "phonBr", "phonNAm", "meaning", "vietnameseMeaning", "partOfSpeech", "exampleSentence", "exampleTranslation", "synonyms", "antonyms", "collocations") VALUES ('arts-and-culture-music-a1-piano', 'arts-and-culture-music-a1', E'piano', E'/piˈænəʊ/', E'/piˈænoʊ/', E'a large musical instrument with black and white keys', E'đàn piano', 'noun', E'She is learning to play the piano.', E'Cô ấy đang học chơi đàn piano.', '{}', '{}', ARRAY['play the piano','learn piano']::text[]) ON CONFLICT ("id") DO NOTHING;

-- Topic: Music - A2 (2 words)
INSERT INTO "Topic" ("id", "title", "subtitle", "description", "level", "wordCount", "estimatedTime", "category", "subcategory", "order", "topicGroupId") VALUES ('arts-and-culture-music-a2', 'Music - A2', 'Vocabulary about music', 'Learn essential vocabulary about music at A2 level.', 'A2', 2, 4, 'Arts & Culture', 'Music', 1, 's9595f16fe5e54e20e27f') ON CONFLICT ("id") DO NOTHING;
INSERT INTO "VocabItem" ("id", "topicId", "word", "phonBr", "phonNAm", "meaning", "vietnameseMeaning", "partOfSpeech", "exampleSentence", "exampleTranslation", "synonyms", "antonyms", "collocations") VALUES ('arts-and-culture-music-a2-singer', 'arts-and-culture-music-a2', E'singer', E'/ˈsɪŋ.ə/', E'/ˈsɪŋ.ɚ/', E'a person who sings', E'ca sĩ', 'noun', E'She is my favorite singer.', E'Cô ấy là ca sĩ yêu thích của tôi.', ARRAY['vocalist']::text[], '{}', ARRAY['pop singer','famous singer']::text[]) ON CONFLICT ("id") DO NOTHING;
INSERT INTO "VocabItem" ("id", "topicId", "word", "phonBr", "phonNAm", "meaning", "vietnameseMeaning", "partOfSpeech", "exampleSentence", "exampleTranslation", "synonyms", "antonyms", "collocations") VALUES ('arts-and-culture-music-a2-concert', 'arts-and-culture-music-a2', E'concert', E'/ˈkɒn.sət/', E'/ˈkɑːn.sɚt/', E'a performance of music by one or more musicians', E'buổi hòa nhạc', 'noun', E'We are going to a concert tonight.', E'Chúng tôi sẽ đi xem hòa nhạc tối nay.', ARRAY['show','gig']::text[], '{}', ARRAY['attend a concert','live concert']::text[]) ON CONFLICT ("id") DO NOTHING;

-- Topic: Music - B1 (4 words)
INSERT INTO "Topic" ("id", "title", "subtitle", "description", "level", "wordCount", "estimatedTime", "category", "subcategory", "order", "topicGroupId") VALUES ('arts-and-culture-music-b1', 'Music - B1', 'Vocabulary about music', 'Learn essential vocabulary about music at B1 level.', 'B1', 4, 8, 'Arts & Culture', 'Music', 2, 's9595f16fe5e54e20e27f') ON CONFLICT ("id") DO NOTHING;
INSERT INTO "VocabItem" ("id", "topicId", "word", "phonBr", "phonNAm", "meaning", "vietnameseMeaning", "partOfSpeech", "exampleSentence", "exampleTranslation", "synonyms", "antonyms", "collocations") VALUES ('arts-and-culture-music-b1-compose', 'arts-and-culture-music-b1', E'compose', E'/kəmˈpəʊz/', E'/kəmˈpoʊz/', E'to write or create a piece of music', E'sáng tác', 'verb', E'He started to compose his own songs when he was a teenager.', E'Anh ấy bắt đầu sáng tác các bài hát của riêng mình khi còn là một thiếu niên.', ARRAY['write','create']::text[], '{}', ARRAY['compose music','compose a song']::text[]) ON CONFLICT ("id") DO NOTHING;
INSERT INTO "VocabItem" ("id", "topicId", "word", "phonBr", "phonNAm", "meaning", "vietnameseMeaning", "partOfSpeech", "exampleSentence", "exampleTranslation", "synonyms", "antonyms", "collocations") VALUES ('arts-and-culture-music-b1-performer', 'arts-and-culture-music-b1', E'performer', E'/pəˈfɔː.mər/', E'/pərˈfɔːr.mər/', E'a person who entertains an audience', E'người biểu diễn', 'noun', E'She is a talented performer who sings and plays the guitar.', E'Cô ấy là một người biểu diễn tài năng, người vừa hát vừa chơi đàn guitar.', ARRAY['artist','entertainer']::text[], '{}', ARRAY['talented performer','live performer']::text[]) ON CONFLICT ("id") DO NOTHING;
INSERT INTO "VocabItem" ("id", "topicId", "word", "phonBr", "phonNAm", "meaning", "vietnameseMeaning", "partOfSpeech", "exampleSentence", "exampleTranslation", "synonyms", "antonyms", "collocations") VALUES ('arts-and-culture-music-b1-record', 'arts-and-culture-music-b1', E'record', E'/rɪˈkɔːd/', E'/rɪˈkɔːrd/', E'to store sound on tape or a disc so it can be heard later', E'thu âm', 'verb', E'The band went to the studio to record their new album.', E'Ban nhạc đã đến phòng thu để thu âm album mới của họ.', ARRAY['tape','capture']::text[], '{}', ARRAY['record a song','record an album']::text[]) ON CONFLICT ("id") DO NOTHING;
INSERT INTO "VocabItem" ("id", "topicId", "word", "phonBr", "phonNAm", "meaning", "vietnameseMeaning", "partOfSpeech", "exampleSentence", "exampleTranslation", "synonyms", "antonyms", "collocations") VALUES ('arts-and-culture-music-b1-talented', 'arts-and-culture-music-b1', E'talented', E'/ˈtæl.ən.tɪd/', E'/ˈtæl.ən.t̬ɪd/', E'having a natural ability to do something well', E'có tài năng', 'adjective', E'The young pianist is incredibly talented.', E'Nghệ sĩ piano trẻ tuổi đó cực kỳ có tài năng.', ARRAY['gifted','skilled']::text[], ARRAY['untalented']::text[], ARRAY['talented musician','highly talented']::text[]) ON CONFLICT ("id") DO NOTHING;

-- Topic: Music - B2 (9 words)
INSERT INTO "Topic" ("id", "title", "subtitle", "description", "level", "wordCount", "estimatedTime", "category", "subcategory", "order", "topicGroupId") VALUES ('arts-and-culture-music-b2', 'Music - B2', 'Vocabulary about music', 'Learn essential vocabulary about music at B2 level.', 'B2', 9, 18, 'Arts & Culture', 'Music', 3, 's9595f16fe5e54e20e27f') ON CONFLICT ("id") DO NOTHING;
INSERT INTO "VocabItem" ("id", "topicId", "word", "phonBr", "phonNAm", "meaning", "vietnameseMeaning", "partOfSpeech", "exampleSentence", "exampleTranslation", "synonyms", "antonyms", "collocations") VALUES ('arts-and-culture-music-b2-virtuoso', 'arts-and-culture-music-b2', E'virtuoso', E'/ˌvɜːtjuˈəʊsəʊ/', E'/ˌvɜːrtʃuˈoʊsoʊ/', E'a person highly skilled in music or another artistic pursuit', E'bậc thầy (về âm nhạc)', 'noun', E'The young violinist is a true virtuoso who has mastered the most difficult concertos.', E'Nghệ sĩ vĩ cầm trẻ tuổi là một bậc thầy thực sự, người đã làm chủ được những bản hòa tấu khó nhất.', ARRAY['master','prodigy']::text[], ARRAY['amateur']::text[], ARRAY['musical virtuoso','piano virtuoso']::text[]) ON CONFLICT ("id") DO NOTHING;
INSERT INTO "VocabItem" ("id", "topicId", "word", "phonBr", "phonNAm", "meaning", "vietnameseMeaning", "partOfSpeech", "exampleSentence", "exampleTranslation", "synonyms", "antonyms", "collocations") VALUES ('arts-and-culture-music-b2-resonance', 'arts-and-culture-music-b2', E'resonance', E'/ˈrezənəns/', E'/ˈrezənəns/', E'the quality in a sound of being deep, full, and reverberating', E'sự cộng hưởng, độ vang', 'noun', E'The cello is famous for the rich resonance of its lower notes.', E'Đàn cello nổi tiếng với độ vang phong phú của những nốt trầm.', ARRAY['vibration','reverberation']::text[], '{}', ARRAY['acoustic resonance','deep resonance']::text[]) ON CONFLICT ("id") DO NOTHING;
INSERT INTO "VocabItem" ("id", "topicId", "word", "phonBr", "phonNAm", "meaning", "vietnameseMeaning", "partOfSpeech", "exampleSentence", "exampleTranslation", "synonyms", "antonyms", "collocations") VALUES ('arts-and-culture-music-b2-improvise', 'arts-and-culture-music-b2', E'improvise', E'/ˈɪmprəvaɪz/', E'/ˈɪmprəvaɪz/', E'to create and perform music spontaneously without preparation', E'ứng tấu, ngẫu hứng', 'verb', E'The jazz band decided to improvise a new melody during the live performance.', E'Ban nhạc jazz đã quyết định ứng tấu một giai điệu mới trong buổi biểu diễn trực tiếp.', ARRAY['ad-lib','extemporize']::text[], ARRAY['rehearse']::text[], ARRAY['improvise a solo','improvise on the piano']::text[]) ON CONFLICT ("id") DO NOTHING;
INSERT INTO "VocabItem" ("id", "topicId", "word", "phonBr", "phonNAm", "meaning", "vietnameseMeaning", "partOfSpeech", "exampleSentence", "exampleTranslation", "synonyms", "antonyms", "collocations") VALUES ('arts-and-culture-music-b2-crescendo', 'arts-and-culture-music-b2', E'crescendo', E'/krəˈʃendəʊ/', E'/krəˈʃendoʊ/', E'a gradual increase in loudness in a piece of music', E'sự tăng dần âm lượng', 'noun', E'The symphony builds to a powerful crescendo that leaves the audience breathless.', E'Bản giao hưởng được xây dựng dẫn đến một sự tăng dần âm lượng mạnh mẽ khiến khán giả nín thở.', ARRAY['surge','climax']::text[], ARRAY['decrescendo']::text[], ARRAY['build to a crescendo','dramatic crescendo']::text[]) ON CONFLICT ("id") DO NOTHING;
INSERT INTO "VocabItem" ("id", "topicId", "word", "phonBr", "phonNAm", "meaning", "vietnameseMeaning", "partOfSpeech", "exampleSentence", "exampleTranslation", "synonyms", "antonyms", "collocations") VALUES ('arts-and-culture-music-b2-dissonance', 'arts-and-culture-music-b2', E'dissonance', E'/ˈdɪsənəns/', E'/ˈdɪsənəns/', E'a tension or clash resulting from the combination of two disharmonious notes', E'sự nghịch tai, sự không hòa hợp', 'noun', E'Some modern compositions use dissonance to create a sense of unease or conflict.', E'Một số tác phẩm hiện đại sử dụng sự nghịch tai để tạo ra cảm giác bất an hoặc xung đột.', ARRAY['discord','clash']::text[], ARRAY['harmony']::text[], ARRAY['musical dissonance','create dissonance']::text[]) ON CONFLICT ("id") DO NOTHING;
INSERT INTO "VocabItem" ("id", "topicId", "word", "phonBr", "phonNAm", "meaning", "vietnameseMeaning", "partOfSpeech", "exampleSentence", "exampleTranslation", "synonyms", "antonyms", "collocations") VALUES ('arts-and-culture-music-b2-melodic', 'arts-and-culture-music-b2', E'melodic', E'/məˈlɒdɪk/', E'/məˈlɑːdɪk/', E'having a pleasant, musical sound or relating to melody', E'du dương, êm tai', 'adjective', E'The singer has a very melodic voice that is perfect for ballads.', E'Ca sĩ có một giọng hát rất du dương, hoàn hảo cho những bản ballad.', ARRAY['tuneful','lyrical']::text[], ARRAY['cacophonous']::text[], ARRAY['melodic line','melodic structure']::text[]) ON CONFLICT ("id") DO NOTHING;
INSERT INTO "VocabItem" ("id", "topicId", "word", "phonBr", "phonNAm", "meaning", "vietnameseMeaning", "partOfSpeech", "exampleSentence", "exampleTranslation", "synonyms", "antonyms", "collocations") VALUES ('arts-and-culture-music-b2-virtuosity', 'arts-and-culture-music-b2', E'virtuosity', E'/ˌvɜːtjuˈɒsəti/', E'/ˌvɜːrtʃuˈɑːsəti/', E'great skill in music or another artistic pursuit', E'sự tinh thông, kỹ năng điêu luyện', 'noun', E'The pianist displayed incredible virtuosity throughout the complex sonata.', E'Nghệ sĩ piano đã thể hiện kỹ năng điêu luyện đáng kinh ngạc trong suốt bản sonata phức tạp.', ARRAY['mastery','expertise']::text[], ARRAY['incompetence']::text[], ARRAY['technical virtuosity','show of virtuosity']::text[]) ON CONFLICT ("id") DO NOTHING;
INSERT INTO "VocabItem" ("id", "topicId", "word", "phonBr", "phonNAm", "meaning", "vietnameseMeaning", "partOfSpeech", "exampleSentence", "exampleTranslation", "synonyms", "antonyms", "collocations") VALUES ('arts-and-culture-music-b2-synchronize', 'arts-and-culture-music-b2', E'synchronize', E'/ˈsɪŋkrənaɪz/', E'/ˈsɪŋkrənaɪz/', E'to cause to occur or operate at the same time or rate', E'đồng bộ hóa', 'verb', E'The dancers must synchronize their movements perfectly with the music.', E'Các vũ công phải đồng bộ hóa các chuyển động của họ một cách hoàn hảo với âm nhạc.', ARRAY['coordinate','align']::text[], '{}', ARRAY['synchronize with the beat','perfectly synchronized']::text[]) ON CONFLICT ("id") DO NOTHING;
INSERT INTO "VocabItem" ("id", "topicId", "word", "phonBr", "phonNAm", "meaning", "vietnameseMeaning", "partOfSpeech", "exampleSentence", "exampleTranslation", "synonyms", "antonyms", "collocations") VALUES ('arts-and-culture-music-b2-in-harmony', 'arts-and-culture-music-b2', E'in harmony', E'/ɪn ˈhɑːməni/', E'/ɪn ˈhɑːrməni/', E'in a state of musical agreement or pleasing combination', E'hòa hợp, hòa âm', 'phrase', E'The choir sang in harmony, creating a beautiful and balanced sound.', E'Dàn hợp xướng đã hát hòa âm cùng nhau, tạo nên một âm thanh đẹp và cân bằng.', ARRAY['in tune','accordant']::text[], ARRAY['out of tune']::text[], ARRAY['sing in harmony','work in harmony']::text[]) ON CONFLICT ("id") DO NOTHING;

-- Topic: Music - C1 (5 words)
INSERT INTO "Topic" ("id", "title", "subtitle", "description", "level", "wordCount", "estimatedTime", "category", "subcategory", "order", "topicGroupId") VALUES ('arts-and-culture-music-c1', 'Music - C1', 'Vocabulary about music', 'Learn essential vocabulary about music at C1 level.', 'C1', 5, 10, 'Arts & Culture', 'Music', 4, 's9595f16fe5e54e20e27f') ON CONFLICT ("id") DO NOTHING;
INSERT INTO "VocabItem" ("id", "topicId", "word", "phonBr", "phonNAm", "meaning", "vietnameseMeaning", "partOfSpeech", "exampleSentence", "exampleTranslation", "synonyms", "antonyms", "collocations") VALUES ('arts-and-culture-music-c1-cacophony', 'arts-and-culture-music-c1', E'cacophony', E'/kəˈkɒfəni/', E'/kəˈkɑːfəni/', E'a harsh, discordant mixture of sounds', E'sự hỗn âm', 'noun', E'The avant-garde piece began as a gentle melody but soon dissolved into a jarring cacophony.', E'Tác phẩm tiên phong bắt đầu bằng một giai điệu nhẹ nhàng nhưng nhanh chóng tan biến thành một sự hỗn âm chói tai.', ARRAY['din','racket']::text[], ARRAY['harmony']::text[], ARRAY['a cacophony of sound','create a cacophony']::text[]) ON CONFLICT ("id") DO NOTHING;
INSERT INTO "VocabItem" ("id", "topicId", "word", "phonBr", "phonNAm", "meaning", "vietnameseMeaning", "partOfSpeech", "exampleSentence", "exampleTranslation", "synonyms", "antonyms", "collocations") VALUES ('arts-and-culture-music-c1-rendition', 'arts-and-culture-music-c1', E'rendition', E'/renˈdɪʃn/', E'/renˈdɪʃn/', E'a performance or interpretation of a musical work', E'sự trình diễn', 'noun', E'Her soulful rendition of the classic ballad brought the entire concert hall to tears.', E'Phần trình diễn đầy cảm xúc của cô về bản ballad cổ điển đã khiến cả khán phòng rơi lệ.', ARRAY['interpretation','performance']::text[], '{}', ARRAY['a stunning rendition','vocal rendition']::text[]) ON CONFLICT ("id") DO NOTHING;
INSERT INTO "VocabItem" ("id", "topicId", "word", "phonBr", "phonNAm", "meaning", "vietnameseMeaning", "partOfSpeech", "exampleSentence", "exampleTranslation", "synonyms", "antonyms", "collocations") VALUES ('arts-and-culture-music-c1-syncopated', 'arts-and-culture-music-c1', E'syncopated', E'/ˈsɪŋkəpeɪtɪd/', E'/ˈsɪŋkəpeɪtɪd/', E'characterized by a displacement of the beats in music', E'đảo phách', 'adjective', E'The infectious rhythm of the song relied heavily on a complex, syncopated drum pattern.', E'Nhịp điệu lôi cuốn của bài hát dựa rất nhiều vào kiểu trống đảo phách phức tạp.', ARRAY['rhythmic','off-beat']::text[], '{}', ARRAY['syncopated rhythm','syncopated beat']::text[]) ON CONFLICT ("id") DO NOTHING;
INSERT INTO "VocabItem" ("id", "topicId", "word", "phonBr", "phonNAm", "meaning", "vietnameseMeaning", "partOfSpeech", "exampleSentence", "exampleTranslation", "synonyms", "antonyms", "collocations") VALUES ('arts-and-culture-music-c1-underscore', 'arts-and-culture-music-c1', E'underscore', E'/ˌʌndəˈskɔː(r)/', E'/ˌʌndərˈskɔːr/', E'to provide background music for a film or theatrical performance', E'đệm nhạc nền', 'verb', E'The subtle piano music was used to underscore the emotional weight of the dialogue scene.', E'Nhạc piano tinh tế được sử dụng để đệm nền cho sức nặng cảm xúc của cảnh đối thoại.', ARRAY['accompany','back']::text[], '{}', ARRAY['underscore a scene','underscore the action']::text[]) ON CONFLICT ("id") DO NOTHING;
INSERT INTO "VocabItem" ("id", "topicId", "word", "phonBr", "phonNAm", "meaning", "vietnameseMeaning", "partOfSpeech", "exampleSentence", "exampleTranslation", "synonyms", "antonyms", "collocations") VALUES ('arts-and-culture-music-c1-atonal', 'arts-and-culture-music-c1', E'atonal', E'/eɪˈtəʊnl/', E'/eɪˈtoʊnl/', E'not written in any key or mode; lacking a tonal center', E'phi điệu tính', 'adjective', E'Modernist composers often experimented with atonal structures to challenge traditional harmonic expectations.', E'Các nhà soạn nhạc hiện đại thường thử nghiệm với cấu trúc phi điệu tính để thách thức những kỳ vọng hòa âm truyền thống.', ARRAY['dissonant','non-tonal']::text[], ARRAY['tonal']::text[], ARRAY['atonal music','atonal composition']::text[]) ON CONFLICT ("id") DO NOTHING;

-- Topic: Music - C2 (5 words)
INSERT INTO "Topic" ("id", "title", "subtitle", "description", "level", "wordCount", "estimatedTime", "category", "subcategory", "order", "topicGroupId") VALUES ('arts-and-culture-music-c2', 'Music - C2', 'Vocabulary about music', 'Learn essential vocabulary about music at C2 level.', 'C2', 5, 10, 'Arts & Culture', 'Music', 5, 's9595f16fe5e54e20e27f') ON CONFLICT ("id") DO NOTHING;
INSERT INTO "VocabItem" ("id", "topicId", "word", "phonBr", "phonNAm", "meaning", "vietnameseMeaning", "partOfSpeech", "exampleSentence", "exampleTranslation", "synonyms", "antonyms", "collocations") VALUES ('arts-and-culture-music-c2-syncopation', 'arts-and-culture-music-c2', E'syncopation', E'/ˌsɪŋkəˈpeɪʃn/', E'/ˌsɪŋkəˈpeɪʃn/', E'a displacement of the beats in music so that strong pulses become weak and vice versa', E'nhịp nghịch phách', 'noun', E'The complex syncopation in the jazz drummer''s rhythm kept the audience captivated throughout the set.', E'Nhịp nghịch phách phức tạp trong tiết tấu của tay trống nhạc jazz đã khiến khán giả say mê suốt buổi diễn.', ARRAY['rhythmic displacement']::text[], '{}', ARRAY['rhythmic syncopation','master syncopation']::text[]) ON CONFLICT ("id") DO NOTHING;
INSERT INTO "VocabItem" ("id", "topicId", "word", "phonBr", "phonNAm", "meaning", "vietnameseMeaning", "partOfSpeech", "exampleSentence", "exampleTranslation", "synonyms", "antonyms", "collocations") VALUES ('arts-and-culture-music-c2-leitmotif', 'arts-and-culture-music-c2', E'leitmotif', E'/ˈlaɪtməʊtiːf/', E'/ˈlaɪtmoʊtiːf/', E'a recurrent theme throughout a musical or literary composition, associated with a particular person, idea, or situation', E'chủ đề âm nhạc chủ đạo', 'noun', E'Wagner expertly used a haunting leitmotif to signal the hero''s tragic fate whenever he appeared on stage.', E'Wagner đã sử dụng một chủ đề âm nhạc chủ đạo đầy ám ảnh một cách điêu luyện để báo hiệu số phận bi thảm của người anh hùng mỗi khi anh ta xuất hiện trên sân khấu.', ARRAY['recurring theme','motif']::text[], '{}', ARRAY['recurring leitmotif','musical leitmotif']::text[]) ON CONFLICT ("id") DO NOTHING;
INSERT INTO "VocabItem" ("id", "topicId", "word", "phonBr", "phonNAm", "meaning", "vietnameseMeaning", "partOfSpeech", "exampleSentence", "exampleTranslation", "synonyms", "antonyms", "collocations") VALUES ('arts-and-culture-music-c2-polyphony', 'arts-and-culture-music-c2', E'polyphony', E'/pəˈlɪfəni/', E'/pəˈlɪfəni/', E'the style of simultaneously combining a number of parts, each forming an individual melody and harmonizing with each other', E'đa điệu, đa âm', 'noun', E'The Renaissance period is renowned for its intricate polyphony, where multiple vocal lines intertwine seamlessly.', E'Thời kỳ Phục hưng nổi tiếng với lối đa âm phức tạp, nơi nhiều bè giọng đan xen một cách liền mạch.', ARRAY['counterpoint','multi-part harmony']::text[], ARRAY['monophony']::text[], ARRAY['intricate polyphony','vocal polyphony']::text[]) ON CONFLICT ("id") DO NOTHING;
INSERT INTO "VocabItem" ("id", "topicId", "word", "phonBr", "phonNAm", "meaning", "vietnameseMeaning", "partOfSpeech", "exampleSentence", "exampleTranslation", "synonyms", "antonyms", "collocations") VALUES ('arts-and-culture-music-c2-timbre', 'arts-and-culture-music-c2', E'timbre', E'/ˈtæmbə/', E'/ˈtæmbər/', E'the character or quality of a musical sound or voice as distinct from its pitch and intensity', E'âm sắc', 'noun', E'The unique, raspy timbre of her voice made her instantly recognizable among other jazz singers.', E'Âm sắc khàn đặc trưng của giọng hát cô ấy khiến người nghe nhận ra ngay lập tức giữa những ca sĩ nhạc jazz khác.', ARRAY['tone color','tonality']::text[], '{}', ARRAY['distinctive timbre','vocal timbre']::text[]) ON CONFLICT ("id") DO NOTHING;
INSERT INTO "VocabItem" ("id", "topicId", "word", "phonBr", "phonNAm", "meaning", "vietnameseMeaning", "partOfSpeech", "exampleSentence", "exampleTranslation", "synonyms", "antonyms", "collocations") VALUES ('arts-and-culture-music-c2-cadence', 'arts-and-culture-music-c2', E'cadence', E'/ˈkeɪdns/', E'/ˈkeɪdns/', E'a sequence of notes or chords comprising the close of a musical phrase', E'nhịp kết, kết cấu giai điệu', 'noun', E'The piece concludes with a perfect cadence that provides a profound sense of resolution.', E'Tác phẩm kết thúc bằng một nhịp kết hoàn hảo mang lại cảm giác giải quyết vấn đề một cách sâu sắc.', ARRAY['rhythm','inflection']::text[], '{}', ARRAY['perfect cadence','musical cadence']::text[]) ON CONFLICT ("id") DO NOTHING;

-- Topic: Visual Arts - A1 (7 words)
INSERT INTO "Topic" ("id", "title", "subtitle", "description", "level", "wordCount", "estimatedTime", "category", "subcategory", "order", "topicGroupId") VALUES ('arts-and-culture-visual-arts-a1', 'Visual Arts - A1', 'Vocabulary about visual arts', 'Learn essential vocabulary about visual arts at A1 level.', 'A1', 7, 14, 'Arts & Culture', 'Visual Arts', 0, 's9595f16fe5e54e20e27f') ON CONFLICT ("id") DO NOTHING;
INSERT INTO "VocabItem" ("id", "topicId", "word", "phonBr", "phonNAm", "meaning", "vietnameseMeaning", "partOfSpeech", "exampleSentence", "exampleTranslation", "synonyms", "antonyms", "collocations") VALUES ('arts-and-culture-visual-arts-a1-art', 'arts-and-culture-visual-arts-a1', E'art', E'/ɑːt/', E'/ɑːrt/', E'the expression of human creative skill', E'nghệ thuật', 'noun', E'I like looking at art.', E'Tôi thích ngắm nhìn nghệ thuật.', ARRAY['creative work']::text[], '{}', ARRAY['modern art','art class']::text[]) ON CONFLICT ("id") DO NOTHING;
INSERT INTO "VocabItem" ("id", "topicId", "word", "phonBr", "phonNAm", "meaning", "vietnameseMeaning", "partOfSpeech", "exampleSentence", "exampleTranslation", "synonyms", "antonyms", "collocations") VALUES ('arts-and-culture-visual-arts-a1-paint', 'arts-and-culture-visual-arts-a1', E'paint', E'/peɪnt/', E'/peɪnt/', E'a colored liquid used to make pictures', E'Cô ấy có màu vẽ xanh trên tay.', 'noun', E'She has blue paint on her hands.', E'', ARRAY['pigment']::text[], '{}', ARRAY['oil paint','paint brush']::text[]) ON CONFLICT ("id") DO NOTHING;
INSERT INTO "VocabItem" ("id", "topicId", "word", "phonBr", "phonNAm", "meaning", "vietnameseMeaning", "partOfSpeech", "exampleSentence", "exampleTranslation", "synonyms", "antonyms", "collocations") VALUES ('arts-and-culture-visual-arts-a1-draw', 'arts-and-culture-visual-arts-a1', E'draw', E'/drɔː/', E'/drɔː/', E'to make a picture with a pencil or pen', E'vẽ', 'verb', E'I want to draw a cat.', E'Tôi muốn vẽ một con mèo.', ARRAY['sketch']::text[], '{}', ARRAY['draw a picture','draw a line']::text[]) ON CONFLICT ("id") DO NOTHING;
INSERT INTO "VocabItem" ("id", "topicId", "word", "phonBr", "phonNAm", "meaning", "vietnameseMeaning", "partOfSpeech", "exampleSentence", "exampleTranslation", "synonyms", "antonyms", "collocations") VALUES ('arts-and-culture-visual-arts-a1-color', 'arts-and-culture-visual-arts-a1', E'color', E'/ˈkʌl.ər/', E'/ˈkʌl.ɚ/', E'red, blue, green, etc.', E'màu sắc', 'noun', E'My favorite color is red.', E'Màu yêu thích của tôi là màu đỏ.', ARRAY['hue']::text[], '{}', ARRAY['bright color','dark color']::text[]) ON CONFLICT ("id") DO NOTHING;
INSERT INTO "VocabItem" ("id", "topicId", "word", "phonBr", "phonNAm", "meaning", "vietnameseMeaning", "partOfSpeech", "exampleSentence", "exampleTranslation", "synonyms", "antonyms", "collocations") VALUES ('arts-and-culture-visual-arts-a1-picture', 'arts-and-culture-visual-arts-a1', E'picture', E'/ˈpɪk.tʃər/', E'/ˈpɪk.tʃɚ/', E'a drawing or painting on paper or canvas', E'bức tranh', 'noun', E'He made a beautiful picture.', E'Anh ấy đã làm ra một bức tranh đẹp.', ARRAY['image','painting']::text[], '{}', ARRAY['take a picture','draw a picture']::text[]) ON CONFLICT ("id") DO NOTHING;
INSERT INTO "VocabItem" ("id", "topicId", "word", "phonBr", "phonNAm", "meaning", "vietnameseMeaning", "partOfSpeech", "exampleSentence", "exampleTranslation", "synonyms", "antonyms", "collocations") VALUES ('arts-and-culture-visual-arts-a1-pencil', 'arts-and-culture-visual-arts-a1', E'pencil', E'/ˈpen.səl/', E'/ˈpen.səl/', E'a tool for writing or drawing', E'bút chì', 'noun', E'I need a pencil to draw.', E'Tôi cần một chiếc bút chì để vẽ.', ARRAY['lead pencil']::text[], '{}', ARRAY['sharpen a pencil','use a pencil']::text[]) ON CONFLICT ("id") DO NOTHING;
INSERT INTO "VocabItem" ("id", "topicId", "word", "phonBr", "phonNAm", "meaning", "vietnameseMeaning", "partOfSpeech", "exampleSentence", "exampleTranslation", "synonyms", "antonyms", "collocations") VALUES ('arts-and-culture-visual-arts-a1-make', 'arts-and-culture-visual-arts-a1', E'make', E'/meɪk/', E'/meɪk/', E'to create something', E'làm, tạo ra', 'verb', E'I can make a drawing.', E'Tôi có thể làm ra một bức vẽ.', ARRAY['create','build']::text[], ARRAY['destroy']::text[], ARRAY['make art','make a painting']::text[]) ON CONFLICT ("id") DO NOTHING;

-- Topic: Visual Arts - A2 (8 words)
INSERT INTO "Topic" ("id", "title", "subtitle", "description", "level", "wordCount", "estimatedTime", "category", "subcategory", "order", "topicGroupId") VALUES ('arts-and-culture-visual-arts-a2', 'Visual Arts - A2', 'Vocabulary about visual arts', 'Learn essential vocabulary about visual arts at A2 level.', 'A2', 8, 16, 'Arts & Culture', 'Visual Arts', 1, 's9595f16fe5e54e20e27f') ON CONFLICT ("id") DO NOTHING;
INSERT INTO "VocabItem" ("id", "topicId", "word", "phonBr", "phonNAm", "meaning", "vietnameseMeaning", "partOfSpeech", "exampleSentence", "exampleTranslation", "synonyms", "antonyms", "collocations") VALUES ('arts-and-culture-visual-arts-a2-brush', 'arts-and-culture-visual-arts-a2', E'brush', E'/brʌʃ/', E'/brʌʃ/', E'a tool with hairs used for applying paint', E'cọ vẽ', 'noun', E'Clean your brush after you finish painting.', E'Hãy rửa sạch cọ vẽ của bạn sau khi vẽ xong.', ARRAY['paintbrush']::text[], '{}', ARRAY['paint brush','art brush']::text[]) ON CONFLICT ("id") DO NOTHING;
INSERT INTO "VocabItem" ("id", "topicId", "word", "phonBr", "phonNAm", "meaning", "vietnameseMeaning", "partOfSpeech", "exampleSentence", "exampleTranslation", "synonyms", "antonyms", "collocations") VALUES ('arts-and-culture-visual-arts-a2-exhibition', 'arts-and-culture-visual-arts-a2', E'exhibition', E'/ˌeksɪˈbɪʃn/', E'/ˌeksəˈbɪʃn/', E'a public display of works of art', E'triển lãm', 'noun', E'We went to an art exhibition at the gallery yesterday.', E'Chúng tôi đã đi xem một buổi triển lãm nghệ thuật tại phòng tranh ngày hôm qua.', ARRAY['show','display']::text[], '{}', ARRAY['art exhibition','visit an exhibition']::text[]) ON CONFLICT ("id") DO NOTHING;
INSERT INTO "VocabItem" ("id", "topicId", "word", "phonBr", "phonNAm", "meaning", "vietnameseMeaning", "partOfSpeech", "exampleSentence", "exampleTranslation", "synonyms", "antonyms", "collocations") VALUES ('arts-and-culture-visual-arts-a2-gallery', 'arts-and-culture-visual-arts-a2', E'gallery', E'/ˈɡæləri/', E'/ˈɡæləri/', E'a building where art is shown to the public', E'phòng tranh, phòng trưng bày', 'noun', E'The art gallery is open every day except Monday.', E'Phòng trưng bày nghệ thuật mở cửa mỗi ngày trừ thứ Hai.', ARRAY['museum']::text[], '{}', ARRAY['art gallery','visit a gallery']::text[]) ON CONFLICT ("id") DO NOTHING;
INSERT INTO "VocabItem" ("id", "topicId", "word", "phonBr", "phonNAm", "meaning", "vietnameseMeaning", "partOfSpeech", "exampleSentence", "exampleTranslation", "synonyms", "antonyms", "collocations") VALUES ('arts-and-culture-visual-arts-a2-bright', 'arts-and-culture-visual-arts-a2', E'bright', E'/braɪt/', E'/braɪt/', E'having a lot of light or strong color', E'sáng, rực rỡ', 'adjective', E'He used bright colors to paint the sunset.', E'Anh ấy đã sử dụng những màu sắc rực rỡ để vẽ cảnh hoàng hôn.', ARRAY['vivid','vibrant']::text[], ARRAY['dull']::text[], ARRAY['bright color','bright light']::text[]) ON CONFLICT ("id") DO NOTHING;
INSERT INTO "VocabItem" ("id", "topicId", "word", "phonBr", "phonNAm", "meaning", "vietnameseMeaning", "partOfSpeech", "exampleSentence", "exampleTranslation", "synonyms", "antonyms", "collocations") VALUES ('arts-and-culture-visual-arts-a2-portrait', 'arts-and-culture-visual-arts-a2', E'portrait', E'/ˈpɔːtreɪt/', E'/ˈpɔːrtrət/', E'a painting or drawing of a person', E'tranh chân dung', 'noun', E'She painted a beautiful portrait of her grandmother.', E'Cô ấy đã vẽ một bức chân dung tuyệt đẹp về bà của mình.', ARRAY['likeness']::text[], '{}', ARRAY['paint a portrait','self-portrait']::text[]) ON CONFLICT ("id") DO NOTHING;
INSERT INTO "VocabItem" ("id", "topicId", "word", "phonBr", "phonNAm", "meaning", "vietnameseMeaning", "partOfSpeech", "exampleSentence", "exampleTranslation", "synonyms", "antonyms", "collocations") VALUES ('arts-and-culture-visual-arts-a2-sketch', 'arts-and-culture-visual-arts-a2', E'sketch', E'/sketʃ/', E'/sketʃ/', E'a simple, quick drawing', E'bản phác thảo', 'noun', E'Make a quick sketch before you start the painting.', E'Hãy tạo một bản phác thảo nhanh trước khi bạn bắt đầu vẽ tranh.', ARRAY['draft','outline']::text[], '{}', ARRAY['rough sketch','pencil sketch']::text[]) ON CONFLICT ("id") DO NOTHING;
INSERT INTO "VocabItem" ("id", "topicId", "word", "phonBr", "phonNAm", "meaning", "vietnameseMeaning", "partOfSpeech", "exampleSentence", "exampleTranslation", "synonyms", "antonyms", "collocations") VALUES ('arts-and-culture-visual-arts-a2-frame', 'arts-and-culture-visual-arts-a2', E'frame', E'/freɪm/', E'/freɪm/', E'the border that holds a picture', E'khung tranh', 'noun', E'I need to buy a wooden frame for this photo.', E'Tôi cần mua một cái khung gỗ cho bức ảnh này.', ARRAY['border']::text[], '{}', ARRAY['picture frame','wooden frame']::text[]) ON CONFLICT ("id") DO NOTHING;
INSERT INTO "VocabItem" ("id", "topicId", "word", "phonBr", "phonNAm", "meaning", "vietnameseMeaning", "partOfSpeech", "exampleSentence", "exampleTranslation", "synonyms", "antonyms", "collocations") VALUES ('arts-and-culture-visual-arts-a2-create', 'arts-and-culture-visual-arts-a2', E'create', E'/kriˈeɪt/', E'/kriˈeɪt/', E'to make something new', E'tạo ra, sáng tạo', 'verb', E'Artists create beautiful things to share their feelings.', E'Các nghệ sĩ tạo ra những thứ đẹp đẽ để chia sẻ cảm xúc của họ.', ARRAY['make','produce']::text[], ARRAY['destroy']::text[], ARRAY['create art','create something']::text[]) ON CONFLICT ("id") DO NOTHING;

-- Topic: Visual Arts - B1 (6 words)
INSERT INTO "Topic" ("id", "title", "subtitle", "description", "level", "wordCount", "estimatedTime", "category", "subcategory", "order", "topicGroupId") VALUES ('arts-and-culture-visual-arts-b1', 'Visual Arts - B1', 'Vocabulary about visual arts', 'Learn essential vocabulary about visual arts at B1 level.', 'B1', 6, 12, 'Arts & Culture', 'Visual Arts', 2, 's9595f16fe5e54e20e27f') ON CONFLICT ("id") DO NOTHING;
INSERT INTO "VocabItem" ("id", "topicId", "word", "phonBr", "phonNAm", "meaning", "vietnameseMeaning", "partOfSpeech", "exampleSentence", "exampleTranslation", "synonyms", "antonyms", "collocations") VALUES ('arts-and-culture-visual-arts-b1-sculpture', 'arts-and-culture-visual-arts-b1', E'sculpture', E'/ˈskʌlptʃə(r)/', E'/ˈskʌlptʃər/', E'a piece of art made by carving or shaping stone, wood, or metal', E'điêu khắc', 'noun', E'The museum has a large collection of modern sculpture.', E'Bảo tàng có một bộ sưu tập lớn các tác phẩm điêu khắc hiện đại.', ARRAY['statue','carving']::text[], '{}', ARRAY['create a sculpture','bronze sculpture']::text[]) ON CONFLICT ("id") DO NOTHING;
INSERT INTO "VocabItem" ("id", "topicId", "word", "phonBr", "phonNAm", "meaning", "vietnameseMeaning", "partOfSpeech", "exampleSentence", "exampleTranslation", "synonyms", "antonyms", "collocations") VALUES ('arts-and-culture-visual-arts-b1-landscape', 'arts-and-culture-visual-arts-b1', E'landscape', E'/ˈlændskeɪp/', E'/ˈlændskeɪp/', E'a painting or drawing of an area of countryside', E'tranh phong cảnh', 'noun', E'He specializes in painting landscapes of the countryside.', E'Anh ấy chuyên vẽ tranh phong cảnh vùng quê.', ARRAY['scenery','view']::text[], '{}', ARRAY['landscape painting','oil landscape']::text[]) ON CONFLICT ("id") DO NOTHING;
INSERT INTO "VocabItem" ("id", "topicId", "word", "phonBr", "phonNAm", "meaning", "vietnameseMeaning", "partOfSpeech", "exampleSentence", "exampleTranslation", "synonyms", "antonyms", "collocations") VALUES ('arts-and-culture-visual-arts-b1-masterpiece', 'arts-and-culture-visual-arts-b1', E'masterpiece', E'/ˈmɑːstəpiːs/', E'/ˈmæstərpiːs/', E'a work of art of outstanding skill or quality', E'kiệt tác', 'noun', E'This painting is considered a masterpiece of the 19th century.', E'Bức tranh này được coi là một kiệt tác của thế kỷ 19.', ARRAY['classic','work of art']::text[], '{}', ARRAY['create a masterpiece','true masterpiece']::text[]) ON CONFLICT ("id") DO NOTHING;
INSERT INTO "VocabItem" ("id", "topicId", "word", "phonBr", "phonNAm", "meaning", "vietnameseMeaning", "partOfSpeech", "exampleSentence", "exampleTranslation", "synonyms", "antonyms", "collocations") VALUES ('arts-and-culture-visual-arts-b1-abstract', 'arts-and-culture-visual-arts-b1', E'abstract', E'/ˈæbstrækt/', E'/ˈæbstrækt/', E'art that does not try to represent people or things in a realistic way', E'trừu tượng', 'adjective', E'I find abstract art difficult to understand.', E'Tôi thấy nghệ thuật trừu tượng rất khó hiểu.', ARRAY['non-representational','conceptual']::text[], ARRAY['realistic']::text[], ARRAY['abstract painting','abstract art']::text[]) ON CONFLICT ("id") DO NOTHING;
INSERT INTO "VocabItem" ("id", "topicId", "word", "phonBr", "phonNAm", "meaning", "vietnameseMeaning", "partOfSpeech", "exampleSentence", "exampleTranslation", "synonyms", "antonyms", "collocations") VALUES ('arts-and-culture-visual-arts-b1-exhibit', 'arts-and-culture-visual-arts-b1', E'exhibit', E'/ɪɡˈzɪbɪt/', E'/ɪɡˈzɪbɪt/', E'to show objects in a public place for people to enjoy', E'trưng bày', 'verb', E'Local artists will exhibit their work at the gallery next month.', E'Các nghệ sĩ địa phương sẽ trưng bày tác phẩm của họ tại phòng tranh vào tháng tới.', ARRAY['display','showcase']::text[], ARRAY['hide']::text[], ARRAY['exhibit work','exhibit at a gallery']::text[]) ON CONFLICT ("id") DO NOTHING;
INSERT INTO "VocabItem" ("id", "topicId", "word", "phonBr", "phonNAm", "meaning", "vietnameseMeaning", "partOfSpeech", "exampleSentence", "exampleTranslation", "synonyms", "antonyms", "collocations") VALUES ('arts-and-culture-visual-arts-b1-canvas', 'arts-and-culture-visual-arts-b1', E'canvas', E'/ˈkænvəs/', E'/ˈkænvəs/', E'a strong, rough cloth used by artists for oil painting', E'vải vẽ tranh', 'noun', E'The artist applied thick layers of paint onto the canvas.', E'Người nghệ sĩ đã phủ những lớp sơn dày lên vải vẽ.', ARRAY['oil painting','painting surface']::text[], '{}', ARRAY['blank canvas','paint on canvas']::text[]) ON CONFLICT ("id") DO NOTHING;

-- Topic: Visual Arts - B2 (7 words)
INSERT INTO "Topic" ("id", "title", "subtitle", "description", "level", "wordCount", "estimatedTime", "category", "subcategory", "order", "topicGroupId") VALUES ('arts-and-culture-visual-arts-b2', 'Visual Arts - B2', 'Vocabulary about visual arts', 'Learn essential vocabulary about visual arts at B2 level.', 'B2', 7, 14, 'Arts & Culture', 'Visual Arts', 3, 's9595f16fe5e54e20e27f') ON CONFLICT ("id") DO NOTHING;
INSERT INTO "VocabItem" ("id", "topicId", "word", "phonBr", "phonNAm", "meaning", "vietnameseMeaning", "partOfSpeech", "exampleSentence", "exampleTranslation", "synonyms", "antonyms", "collocations") VALUES ('arts-and-culture-visual-arts-b2-aesthetic', 'arts-and-culture-visual-arts-b2', E'aesthetic', E'/iːsˈθetɪk/', E'/esˈθetɪk/', E'concerned with beauty or the appreciation of beauty', E'thẩm mỹ', 'adjective', E'The artist focused on the aesthetic appeal of the sculpture rather than its function.', E'Người nghệ sĩ tập trung vào sức hấp dẫn thẩm mỹ của tác phẩm điêu khắc thay vì công năng của nó.', ARRAY['artistic','pleasing']::text[], ARRAY['unaesthetic']::text[], ARRAY['aesthetic value','aesthetic appeal']::text[]) ON CONFLICT ("id") DO NOTHING;
INSERT INTO "VocabItem" ("id", "topicId", "word", "phonBr", "phonNAm", "meaning", "vietnameseMeaning", "partOfSpeech", "exampleSentence", "exampleTranslation", "synonyms", "antonyms", "collocations") VALUES ('arts-and-culture-visual-arts-b2-perspective', 'arts-and-culture-visual-arts-b2', E'perspective', E'/pəˈspektɪv/', E'/pərˈspektɪv/', E'the art of representing three-dimensional objects on a two-dimensional surface', E'phối cảnh', 'noun', E'The painter used linear perspective to create the illusion of depth in the landscape.', E'Họa sĩ đã sử dụng phối cảnh tuyến tính để tạo ra ảo giác về chiều sâu trong bức tranh phong cảnh.', ARRAY['viewpoint','angle']::text[], '{}', ARRAY['linear perspective','master perspective']::text[]) ON CONFLICT ("id") DO NOTHING;
INSERT INTO "VocabItem" ("id", "topicId", "word", "phonBr", "phonNAm", "meaning", "vietnameseMeaning", "partOfSpeech", "exampleSentence", "exampleTranslation", "synonyms", "antonyms", "collocations") VALUES ('arts-and-culture-visual-arts-b2-depict', 'arts-and-culture-visual-arts-b2', E'depict', E'/dɪˈpɪkt/', E'/dɪˈpɪkt/', E'to represent or show something in a picture', E'mô tả, khắc họa', 'verb', E'The mural aims to depict the struggles of the working class during the industrial revolution.', E'Bức tranh tường nhắm tới việc khắc họa những khó khăn của tầng lớp lao động trong cuộc cách mạng công nghiệp.', ARRAY['portray','represent']::text[], '{}', ARRAY['depict scenes','vividly depict']::text[]) ON CONFLICT ("id") DO NOTHING;
INSERT INTO "VocabItem" ("id", "topicId", "word", "phonBr", "phonNAm", "meaning", "vietnameseMeaning", "partOfSpeech", "exampleSentence", "exampleTranslation", "synonyms", "antonyms", "collocations") VALUES ('arts-and-culture-visual-arts-b2-curator', 'arts-and-culture-visual-arts-b2', E'curator', E'/kjʊəˈreɪtə(r)/', E'/ˈkjʊreɪtər/', E'a keeper or custodian of a museum or other collection', E'người quản lý/giám tuyển bảo tàng', 'noun', E'The museum curator selected the pieces for the upcoming exhibition.', E'Người quản lý bảo tàng đã chọn các tác phẩm cho buổi triển lãm sắp tới.', ARRAY['organizer','keeper']::text[], '{}', ARRAY['art curator','museum curator']::text[]) ON CONFLICT ("id") DO NOTHING;
INSERT INTO "VocabItem" ("id", "topicId", "word", "phonBr", "phonNAm", "meaning", "vietnameseMeaning", "partOfSpeech", "exampleSentence", "exampleTranslation", "synonyms", "antonyms", "collocations") VALUES ('arts-and-culture-visual-arts-b2-monochrome', 'arts-and-culture-visual-arts-b2', E'monochrome', E'/ˈmɒnəkrəʊm/', E'/ˈmɑːnəkrəʊm/', E'consisting of or displayed in only one color or shades of one color', E'đơn sắc', 'adjective', E'His monochrome photography highlights the contrast between shadow and light.', E'Nhiếp ảnh đơn sắc của anh ấy làm nổi bật sự tương phản giữa bóng tối và ánh sáng.', ARRAY['black-and-white','unicoloured']::text[], ARRAY['polychromatic']::text[], ARRAY['monochrome painting','monochrome palette']::text[]) ON CONFLICT ("id") DO NOTHING;
INSERT INTO "VocabItem" ("id", "topicId", "word", "phonBr", "phonNAm", "meaning", "vietnameseMeaning", "partOfSpeech", "exampleSentence", "exampleTranslation", "synonyms", "antonyms", "collocations") VALUES ('arts-and-culture-visual-arts-b2-brushstroke', 'arts-and-culture-visual-arts-b2', E'brushstroke', E'/ˈbrʌfstrəʊk/', E'/ˈbrʌfstroʊk/', E'a mark made by a paintbrush drawn across a surface', E'nét cọ', 'noun', E'You can see the bold brushstrokes in his later impressionist works.', E'Bạn có thể thấy những nét cọ táo bạo trong các tác phẩm ấn tượng sau này của ông ấy.', ARRAY['mark','stroke']::text[], '{}', ARRAY['bold brushstroke','visible brushstroke']::text[]) ON CONFLICT ("id") DO NOTHING;
INSERT INTO "VocabItem" ("id", "topicId", "word", "phonBr", "phonNAm", "meaning", "vietnameseMeaning", "partOfSpeech", "exampleSentence", "exampleTranslation", "synonyms", "antonyms", "collocations") VALUES ('arts-and-culture-visual-arts-b2-vibrant', 'arts-and-culture-visual-arts-b2', E'vibrant', E'/ˈvaɪbrənt/', E'/ˈvaɪbrənt/', E'strikingly bright or vivid colors', E'rực rỡ, sống động', 'adjective', E'The artist used vibrant colors to convey a sense of joy and celebration.', E'Người nghệ sĩ đã sử dụng những màu sắc rực rỡ để truyền tải cảm giác vui vẻ và ăn mừng.', ARRAY['bright','lively']::text[], ARRAY['dull']::text[], ARRAY['vibrant colors','vibrant display']::text[]) ON CONFLICT ("id") DO NOTHING;

-- Topic: Visual Arts - C1 (8 words)
INSERT INTO "Topic" ("id", "title", "subtitle", "description", "level", "wordCount", "estimatedTime", "category", "subcategory", "order", "topicGroupId") VALUES ('arts-and-culture-visual-arts-c1', 'Visual Arts - C1', 'Vocabulary about visual arts', 'Learn essential vocabulary about visual arts at C1 level.', 'C1', 8, 16, 'Arts & Culture', 'Visual Arts', 4, 's9595f16fe5e54e20e27f') ON CONFLICT ("id") DO NOTHING;
INSERT INTO "VocabItem" ("id", "topicId", "word", "phonBr", "phonNAm", "meaning", "vietnameseMeaning", "partOfSpeech", "exampleSentence", "exampleTranslation", "synonyms", "antonyms", "collocations") VALUES ('arts-and-culture-visual-arts-c1-chiaroscuro', 'arts-and-culture-visual-arts-c1', E'chiaroscuro', E'/ˌki.ɑː.rəˈskjʊə.rəʊ/', E'/ˌki.ɑː.rəˈskʊr.oʊ/', E'the treatment of light and shade in drawing and painting', E'kỹ thuật tương phản sáng tối', 'noun', E'The artist used dramatic chiaroscuro to create a sense of mystery in the portrait.', E'Họa sĩ đã sử dụng kỹ thuật tương phản sáng tối đầy kịch tính để tạo ra cảm giác bí ẩn trong bức chân dung.', ARRAY['light and shade','contrast']::text[], '{}', ARRAY['dramatic chiaroscuro','master of chiaroscuro']::text[]) ON CONFLICT ("id") DO NOTHING;
INSERT INTO "VocabItem" ("id", "topicId", "word", "phonBr", "phonNAm", "meaning", "vietnameseMeaning", "partOfSpeech", "exampleSentence", "exampleTranslation", "synonyms", "antonyms", "collocations") VALUES ('arts-and-culture-visual-arts-c1-juxtaposition', 'arts-and-culture-visual-arts-c1', E'juxtaposition', E'/ˌdʒʌk.stə.pəˈzɪʃ.ən/', E'/ˌdʒʌk.stə.pəˈzɪʃ.ən/', E'the fact of two things being seen or placed close together with contrasting effect', E'sự đặt cạnh nhau (để tạo sự tương phản)', 'noun', E'The juxtaposition of vibrant colors against a dark background makes the installation pop.', E'Sự đặt cạnh nhau của những gam màu rực rỡ trên nền tối làm cho tác phẩm sắp đặt trở nên nổi bật.', ARRAY['contrast','proximity']::text[], '{}', ARRAY['striking juxtaposition','visual juxtaposition']::text[]) ON CONFLICT ("id") DO NOTHING;
INSERT INTO "VocabItem" ("id", "topicId", "word", "phonBr", "phonNAm", "meaning", "vietnameseMeaning", "partOfSpeech", "exampleSentence", "exampleTranslation", "synonyms", "antonyms", "collocations") VALUES ('arts-and-culture-visual-arts-c1-evocative', 'arts-and-culture-visual-arts-c1', E'evocative', E'/ɪˈvɒk.ə.tɪv/', E'/ɪˈvɑː.kə.t̬ɪv/', E'bringing strong images, memories, or feelings to mind', E'gợi cảm, gợi nhớ', 'adjective', E'Her evocative landscapes capture the melancholy of the countryside.', E'Những bức tranh phong cảnh đầy gợi cảm của cô ấy ghi lại nét u sầu của vùng nông thôn.', ARRAY['redolent','resonant']::text[], '{}', ARRAY['evocative imagery','highly evocative']::text[]) ON CONFLICT ("id") DO NOTHING;
INSERT INTO "VocabItem" ("id", "topicId", "word", "phonBr", "phonNAm", "meaning", "vietnameseMeaning", "partOfSpeech", "exampleSentence", "exampleTranslation", "synonyms", "antonyms", "collocations") VALUES ('arts-and-culture-visual-arts-c1-avant-garde', 'arts-and-culture-visual-arts-c1', E'avant-garde', E'/ˌæv.ɒ̃ˈɡɑːd/', E'/ˌæv.ɑ̃ːˈɡɑːrd/', E'new and experimental ideas and methods in art', E'tiên phong, thử nghiệm', 'adjective', E'The gallery is known for showcasing avant-garde works that challenge traditional norms.', E'Phòng tranh này nổi tiếng với việc trưng bày các tác phẩm tiên phong thách thức những quy chuẩn truyền thống.', ARRAY['experimental','innovative']::text[], ARRAY['traditional']::text[], ARRAY['avant-garde movement','avant-garde artist']::text[]) ON CONFLICT ("id") DO NOTHING;
INSERT INTO "VocabItem" ("id", "topicId", "word", "phonBr", "phonNAm", "meaning", "vietnameseMeaning", "partOfSpeech", "exampleSentence", "exampleTranslation", "synonyms", "antonyms", "collocations") VALUES ('arts-and-culture-visual-arts-c1-curate', 'arts-and-culture-visual-arts-c1', E'curate', E'/kjʊəˈreɪt/', E'/ˈkjʊr.eɪt/', E'to select, organize, and look after the items in a collection or exhibition', E'tổ chức, giám tuyển (triển lãm)', 'verb', E'The museum invited a guest historian to curate the upcoming exhibition on Renaissance art.', E'Bảo tàng đã mời một nhà sử học khách mời để giám tuyển cho cuộc triển lãm sắp tới về nghệ thuật thời Phục hưng.', ARRAY['organize','select']::text[], '{}', ARRAY['curate an exhibition','carefully curated']::text[]) ON CONFLICT ("id") DO NOTHING;
INSERT INTO "VocabItem" ("id", "topicId", "word", "phonBr", "phonNAm", "meaning", "vietnameseMeaning", "partOfSpeech", "exampleSentence", "exampleTranslation", "synonyms", "antonyms", "collocations") VALUES ('arts-and-culture-visual-arts-c1-ephemeral', 'arts-and-culture-visual-arts-c1', E'ephemeral', E'/ɪˈfem.ər.əl/', E'/əˈfem.ɚ.əl/', E'lasting for a very short time', E'phù du, chóng tàn', 'adjective', E'The artist focuses on ephemeral installations made of ice that melt within hours.', E'Người nghệ sĩ tập trung vào các tác phẩm sắp đặt phù du làm từ băng, tan chảy chỉ trong vài giờ.', ARRAY['transient','fleeting']::text[], ARRAY['permanent']::text[], ARRAY['ephemeral art','ephemeral nature']::text[]) ON CONFLICT ("id") DO NOTHING;
INSERT INTO "VocabItem" ("id", "topicId", "word", "phonBr", "phonNAm", "meaning", "vietnameseMeaning", "partOfSpeech", "exampleSentence", "exampleTranslation", "synonyms", "antonyms", "collocations") VALUES ('arts-and-culture-visual-arts-c1-eclectic', 'arts-and-culture-visual-arts-c1', E'eclectic', E'/ɪˈklek.tɪk/', E'/ɪˈklek.tɪk/', E'deriving ideas, style, or taste from a broad and diverse range of sources', E'chiết trung, đa dạng (phong cách)', 'adjective', E'His collection is an eclectic mix of contemporary photography and classical sketches.', E'Bộ sưu tập của anh ấy là một sự pha trộn chiết trung giữa nhiếp ảnh đương đại và các bức phác thảo cổ điển.', ARRAY['diverse','varied']::text[], ARRAY['uniform']::text[], ARRAY['eclectic style','eclectic collection']::text[]) ON CONFLICT ("id") DO NOTHING;
INSERT INTO "VocabItem" ("id", "topicId", "word", "phonBr", "phonNAm", "meaning", "vietnameseMeaning", "partOfSpeech", "exampleSentence", "exampleTranslation", "synonyms", "antonyms", "collocations") VALUES ('arts-and-culture-visual-arts-c1-visceral', 'arts-and-culture-visual-arts-c1', E'visceral', E'/ˈvɪs.ər.əl/', E'/ˈvɪs.ɚ.əl/', E'relating to deep inward feelings rather than to the intellect', E'thuộc về bản năng, cảm xúc mạnh', 'adjective', E'The sculpture evokes a visceral reaction from viewers due to its raw, distorted form.', E'Tác phẩm điêu khắc gợi lên phản ứng cảm xúc mạnh mẽ từ người xem nhờ hình dáng thô ráp, méo mó của nó.', ARRAY['instinctive','gut']::text[], ARRAY['intellectual']::text[], ARRAY['visceral reaction','visceral impact']::text[]) ON CONFLICT ("id") DO NOTHING;

-- Topic: Visual Arts - C2 (7 words)
INSERT INTO "Topic" ("id", "title", "subtitle", "description", "level", "wordCount", "estimatedTime", "category", "subcategory", "order", "topicGroupId") VALUES ('arts-and-culture-visual-arts-c2', 'Visual Arts - C2', 'Vocabulary about visual arts', 'Learn essential vocabulary about visual arts at C2 level.', 'C2', 7, 14, 'Arts & Culture', 'Visual Arts', 5, 's9595f16fe5e54e20e27f') ON CONFLICT ("id") DO NOTHING;
INSERT INTO "VocabItem" ("id", "topicId", "word", "phonBr", "phonNAm", "meaning", "vietnameseMeaning", "partOfSpeech", "exampleSentence", "exampleTranslation", "synonyms", "antonyms", "collocations") VALUES ('arts-and-culture-visual-arts-c2-impasto', 'arts-and-culture-visual-arts-c2', E'impasto', E'/ɪmˈpæs.təʊ/', E'/ɪmˈpæs.toʊ/', E'The process or technique of laying on paint or pigment thickly so that it stands out from a surface.', E'Kỹ thuật vẽ đắp dày', 'noun', E'Van Gogh is renowned for his expressive use of impasto, which adds a tangible texture to his canvases.', E'Van Gogh nổi tiếng với việc sử dụng kỹ thuật vẽ đắp dày đầy biểu cảm, tạo thêm kết cấu hữu hình cho các bức tranh của ông.', ARRAY['thick application','texture']::text[], '{}', ARRAY['heavy impasto','expressive impasto']::text[]) ON CONFLICT ("id") DO NOTHING;
INSERT INTO "VocabItem" ("id", "topicId", "word", "phonBr", "phonNAm", "meaning", "vietnameseMeaning", "partOfSpeech", "exampleSentence", "exampleTranslation", "synonyms", "antonyms", "collocations") VALUES ('arts-and-culture-visual-arts-c2-pentimento', 'arts-and-culture-visual-arts-c2', E'pentimento', E'/ˌpen.tɪˈmen.təʊ/', E'/ˌpen.tɪˈmen.toʊ/', E'An alteration in a painting, evidenced by traces of previous work, showing that the artist changed their mind during the process.', E'Vết sửa tranh (dấu vết cho thấy nghệ sĩ đã thay đổi chi tiết gốc)', 'noun', E'X-ray analysis of the portrait revealed a subtle pentimento, suggesting the artist had originally intended a different pose.', E'Phân tích tia X của bức chân dung đã tiết lộ một vết sửa tranh tinh tế, cho thấy người nghệ sĩ ban đầu đã dự định một tư thế khác.', ARRAY['alteration','revision']::text[], '{}', ARRAY['revealing a pentimento','subtle pentimento']::text[]) ON CONFLICT ("id") DO NOTHING;
INSERT INTO "VocabItem" ("id", "topicId", "word", "phonBr", "phonNAm", "meaning", "vietnameseMeaning", "partOfSpeech", "exampleSentence", "exampleTranslation", "synonyms", "antonyms", "collocations") VALUES ('arts-and-culture-visual-arts-c2-sfumato', 'arts-and-culture-visual-arts-c2', E'sfumato', E'/sfuːˈmɑː.təʊ/', E'/sfuˈmɑː.toʊ/', E'The technique of allowing tones and colors to shade gradually into one another, producing softened outlines or hazy forms.', E'Kỹ thuật vẽ nhòe (làm mờ đường nét)', 'noun', E'Leonardo da Vinci’s Mona Lisa is the quintessential example of sfumato, creating an enigmatic and atmospheric quality.', E'Bức Mona Lisa của Leonardo da Vinci là ví dụ điển hình nhất của kỹ thuật vẽ nhòe, tạo ra một vẻ bí ẩn và đầy chất thơ.', ARRAY['blending','soft-focus']::text[], ARRAY['sharp outline']::text[], ARRAY['masterful sfumato','delicate sfumato']::text[]) ON CONFLICT ("id") DO NOTHING;
INSERT INTO "VocabItem" ("id", "topicId", "word", "phonBr", "phonNAm", "meaning", "vietnameseMeaning", "partOfSpeech", "exampleSentence", "exampleTranslation", "synonyms", "antonyms", "collocations") VALUES ('arts-and-culture-visual-arts-c2-tessera', 'arts-and-culture-visual-arts-c2', E'tessera', E'/ˈtes.ər.ə/', E'/ˈtes.ər.ə/', E'A small block of stone, tile, glass, or other material used in the construction of a mosaic.', E'Người nghệ nhân cẩn thận đặt từng mảnh ghép để đảm bảo hoa văn hình học phức tạp được căn chỉnh hoàn hảo.', 'noun', E'The artisan carefully placed each individual tessera to ensure the intricate geometric pattern was perfectly aligned.', E'', ARRAY['mosaic tile','fragment']::text[], '{}', ARRAY['glass tessera','placing a tessera']::text[]) ON CONFLICT ("id") DO NOTHING;
INSERT INTO "VocabItem" ("id", "topicId", "word", "phonBr", "phonNAm", "meaning", "vietnameseMeaning", "partOfSpeech", "exampleSentence", "exampleTranslation", "synonyms", "antonyms", "collocations") VALUES ('arts-and-culture-visual-arts-c2-trompe-l''oeil', 'arts-and-culture-visual-arts-c2', E'trompe-l''oeil', E'/trɒmpˈlɜː/', E'/trɒmpˈlɔɪ/', E'A style of painting in which objects are depicted with photographically realistic detail to create the illusion of three dimensions.', E'Kỹ thuật vẽ đánh lừa thị giác', 'noun', E'The muralist utilized trompe-l''oeil to make the flat wall appear as if it opened into a vast Mediterranean balcony.', E'Người họa sĩ vẽ tranh tường đã sử dụng kỹ thuật đánh lừa thị giác để khiến bức tường phẳng trông như thể nó mở ra một ban công Địa Trung Hải rộng lớn.', ARRAY['optical illusion','trick of the eye']::text[], '{}', ARRAY['master of trompe-l''oeil','convincing trompe-l''oeil']::text[]) ON CONFLICT ("id") DO NOTHING;
INSERT INTO "VocabItem" ("id", "topicId", "word", "phonBr", "phonNAm", "meaning", "vietnameseMeaning", "partOfSpeech", "exampleSentence", "exampleTranslation", "synonyms", "antonyms", "collocations") VALUES ('arts-and-culture-visual-arts-c2-provenance', 'arts-and-culture-visual-arts-c2', E'provenance', E'/ˈprɒv.ən.əns/', E'/ˈprɑː.vən.əns/', E'The place of origin or the history of the ownership of a work of art, used as a guide to authenticity.', E'Nguồn gốc xuất xứ (của tác phẩm nghệ thuật)', 'noun', E'Before purchasing the painting at auction, the gallery verified its provenance to ensure it was not a stolen artifact.', E'Trước khi mua bức tranh tại buổi đấu giá, phòng tranh đã xác minh nguồn gốc xuất xứ của nó để đảm bảo đó không phải là hiện vật bị đánh cắp.', ARRAY['origin','pedigree']::text[], '{}', ARRAY['impeccable provenance','verified provenance']::text[]) ON CONFLICT ("id") DO NOTHING;
INSERT INTO "VocabItem" ("id", "topicId", "word", "phonBr", "phonNAm", "meaning", "vietnameseMeaning", "partOfSpeech", "exampleSentence", "exampleTranslation", "synonyms", "antonyms", "collocations") VALUES ('arts-and-culture-visual-arts-c2-juxtapose', 'arts-and-culture-visual-arts-c2', E'juxtapose', E'/ˌdʒʌk.stəˈpəʊz/', E'/ˌdʒʌk.stəˈpoʊz/', E'To place or deal with close together for contrasting effect.', E'Đặt cạnh nhau (để tạo sự tương phản)', 'verb', E'The exhibition serves to juxtapose classical marble sculptures with modern digital installations to highlight the evolution of form.', E'Triển lãm nhằm mục đích đặt các tác phẩm điêu khắc bằng đá cẩm thạch cổ điển cạnh các tác phẩm sắp đặt kỹ thuật số hiện đại để làm nổi bật sự tiến hóa của hình thái.', ARRAY['contrast','collocate']::text[], ARRAY['separate']::text[], ARRAY['juxtapose elements','juxtapose styles']::text[]) ON CONFLICT ("id") DO NOTHING;

-- Topic: Literature - A1 (3 words)
INSERT INTO "Topic" ("id", "title", "subtitle", "description", "level", "wordCount", "estimatedTime", "category", "subcategory", "order", "topicGroupId") VALUES ('arts-and-culture-literature-a1', 'Literature - A1', 'Vocabulary about literature', 'Learn essential vocabulary about literature at A1 level.', 'A1', 3, 6, 'Arts & Culture', 'Literature', 0, 's9595f16fe5e54e20e27f') ON CONFLICT ("id") DO NOTHING;
INSERT INTO "VocabItem" ("id", "topicId", "word", "phonBr", "phonNAm", "meaning", "vietnameseMeaning", "partOfSpeech", "exampleSentence", "exampleTranslation", "synonyms", "antonyms", "collocations") VALUES ('arts-and-culture-literature-a1-story', 'arts-and-culture-literature-a1', E'story', E'/ˈstɔːri/', E'/ˈstɔːri/', E'a description of imaginary or real events', E'câu chuyện', 'noun', E'She told us a funny story.', E'Cô ấy kể cho chúng tôi nghe một câu chuyện vui.', ARRAY['tale']::text[], '{}', ARRAY['tell a story','short story']::text[]) ON CONFLICT ("id") DO NOTHING;
INSERT INTO "VocabItem" ("id", "topicId", "word", "phonBr", "phonNAm", "meaning", "vietnameseMeaning", "partOfSpeech", "exampleSentence", "exampleTranslation", "synonyms", "antonyms", "collocations") VALUES ('arts-and-culture-literature-a1-word', 'arts-and-culture-literature-a1', E'word', E'/wɜːd/', E'/wɜːrd/', E'a single unit of language', E'từ', 'noun', E'I do not know this word.', E'Tôi không biết từ này.', ARRAY['term']::text[], '{}', ARRAY['new word','write a word']::text[]) ON CONFLICT ("id") DO NOTHING;
INSERT INTO "VocabItem" ("id", "topicId", "word", "phonBr", "phonNAm", "meaning", "vietnameseMeaning", "partOfSpeech", "exampleSentence", "exampleTranslation", "synonyms", "antonyms", "collocations") VALUES ('arts-and-culture-literature-a1-long', 'arts-and-culture-literature-a1', E'long', E'/lɒŋ/', E'/lɔːŋ/', E'having a large distance from beginning to end', E'dài', 'adjective', E'This is a very long book.', E'Đây là một cuốn sách rất dài.', ARRAY['lengthy']::text[], ARRAY['short']::text[], ARRAY['long story','long book']::text[]) ON CONFLICT ("id") DO NOTHING;

-- Topic: Literature - A2 (1 words)
INSERT INTO "Topic" ("id", "title", "subtitle", "description", "level", "wordCount", "estimatedTime", "category", "subcategory", "order", "topicGroupId") VALUES ('arts-and-culture-literature-a2', 'Literature - A2', 'Vocabulary about literature', 'Learn essential vocabulary about literature at A2 level.', 'A2', 1, 2, 'Arts & Culture', 'Literature', 1, 's9595f16fe5e54e20e27f') ON CONFLICT ("id") DO NOTHING;
INSERT INTO "VocabItem" ("id", "topicId", "word", "phonBr", "phonNAm", "meaning", "vietnameseMeaning", "partOfSpeech", "exampleSentence", "exampleTranslation", "synonyms", "antonyms", "collocations") VALUES ('arts-and-culture-literature-a2-title', 'arts-and-culture-literature-a2', E'title', E'/ˈtaɪtl/', E'/ˈtaɪtl/', E'the name of a book or story', E'tiêu đề, tựa đề', 'noun', E'Do you know the title of this book?', E'Bạn có biết tựa đề của cuốn sách này không?', ARRAY['heading']::text[], '{}', ARRAY['book title','catchy title']::text[]) ON CONFLICT ("id") DO NOTHING;

-- Topic: Literature - B1 (3 words)
INSERT INTO "Topic" ("id", "title", "subtitle", "description", "level", "wordCount", "estimatedTime", "category", "subcategory", "order", "topicGroupId") VALUES ('arts-and-culture-literature-b1', 'Literature - B1', 'Vocabulary about literature', 'Learn essential vocabulary about literature at B1 level.', 'B1', 3, 6, 'Arts & Culture', 'Literature', 2, 's9595f16fe5e54e20e27f') ON CONFLICT ("id") DO NOTHING;
INSERT INTO "VocabItem" ("id", "topicId", "word", "phonBr", "phonNAm", "meaning", "vietnameseMeaning", "partOfSpeech", "exampleSentence", "exampleTranslation", "synonyms", "antonyms", "collocations") VALUES ('arts-and-culture-literature-b1-thriller', 'arts-and-culture-literature-b1', E'thriller', E'/ˈθrɪlə(r)/', E'/ˈθrɪlər/', E'a book or movie with an exciting story, often about crime or spies', E'truyện giật gân, phim ly kỳ', 'noun', E'I couldn''t put the thriller down because it was so exciting.', E'Tôi không thể rời mắt khỏi cuốn truyện giật gân đó vì nó quá hồi hộp.', ARRAY['suspense novel','page-turner']::text[], '{}', ARRAY['crime thriller','psychological thriller']::text[]) ON CONFLICT ("id") DO NOTHING;
INSERT INTO "VocabItem" ("id", "topicId", "word", "phonBr", "phonNAm", "meaning", "vietnameseMeaning", "partOfSpeech", "exampleSentence", "exampleTranslation", "synonyms", "antonyms", "collocations") VALUES ('arts-and-culture-literature-b1-describe', 'arts-and-culture-literature-b1', E'describe', E'/dɪˈskraɪb/', E'/dɪˈskraɪb/', E'to say what someone or something is like', E'miêu tả', 'verb', E'The writer uses vivid words to describe the beautiful forest.', E'Nhà văn sử dụng những từ ngữ sống động để miêu tả khu rừng xinh đẹp.', ARRAY['portray','depict']::text[], '{}', ARRAY['vividly describe','describe in detail']::text[]) ON CONFLICT ("id") DO NOTHING;
INSERT INTO "VocabItem" ("id", "topicId", "word", "phonBr", "phonNAm", "meaning", "vietnameseMeaning", "partOfSpeech", "exampleSentence", "exampleTranslation", "synonyms", "antonyms", "collocations") VALUES ('arts-and-culture-literature-b1-fictional', 'arts-and-culture-literature-b1', E'fictional', E'/ˈfɪkʃənl/', E'/ˈfɪkʃənl/', E'imaginary or not real', E'thuộc về hư cấu', 'adjective', E'The detective in the book is a fictional character.', E'Vị thám tử trong cuốn sách là một nhân vật hư cấu.', ARRAY['imaginary','invented']::text[], ARRAY['real','factual']::text[], ARRAY['fictional story','fictional world']::text[]) ON CONFLICT ("id") DO NOTHING;

-- Topic: Literature - B2 (5 words)
INSERT INTO "Topic" ("id", "title", "subtitle", "description", "level", "wordCount", "estimatedTime", "category", "subcategory", "order", "topicGroupId") VALUES ('arts-and-culture-literature-b2', 'Literature - B2', 'Vocabulary about literature', 'Learn essential vocabulary about literature at B2 level.', 'B2', 5, 10, 'Arts & Culture', 'Literature', 3, 's9595f16fe5e54e20e27f') ON CONFLICT ("id") DO NOTHING;
INSERT INTO "VocabItem" ("id", "topicId", "word", "phonBr", "phonNAm", "meaning", "vietnameseMeaning", "partOfSpeech", "exampleSentence", "exampleTranslation", "synonyms", "antonyms", "collocations") VALUES ('arts-and-culture-literature-b2-foreshadowing', 'arts-and-culture-literature-b2', E'foreshadowing', E'/fɔːˈʃæd.əʊ.ɪŋ/', E'/fɔːrˈʃæd.oʊ.ɪŋ/', E'a warning or indication of a future event in a story', E'sự báo trước, điềm báo', 'noun', E'The dark clouds at the beginning of the chapter serve as foreshadowing for the tragic ending.', E'Những đám mây đen ở đầu chương đóng vai trò như một điềm báo cho kết thúc bi thảm.', ARRAY['omen','premonition']::text[], '{}', ARRAY['subtle foreshadowing','effective foreshadowing']::text[]) ON CONFLICT ("id") DO NOTHING;
INSERT INTO "VocabItem" ("id", "topicId", "word", "phonBr", "phonNAm", "meaning", "vietnameseMeaning", "partOfSpeech", "exampleSentence", "exampleTranslation", "synonyms", "antonyms", "collocations") VALUES ('arts-and-culture-literature-b2-imagery', 'arts-and-culture-literature-b2', E'imagery', E'/ˈɪm.ɪdʒ.ər.i/', E'/ˈɪm.ɪdʒ.ər.i/', E'visually descriptive or figurative language used in literature', E'hình ảnh tượng trưng', 'noun', E'The poet uses vivid imagery to describe the beauty of the countryside.', E'Nhà thơ sử dụng hình ảnh sống động để mô tả vẻ đẹp của vùng quê.', ARRAY['metaphor','description']::text[], '{}', ARRAY['vivid imagery','poetic imagery']::text[]) ON CONFLICT ("id") DO NOTHING;
INSERT INTO "VocabItem" ("id", "topicId", "word", "phonBr", "phonNAm", "meaning", "vietnameseMeaning", "partOfSpeech", "exampleSentence", "exampleTranslation", "synonyms", "antonyms", "collocations") VALUES ('arts-and-culture-literature-b2-characterize', 'arts-and-culture-literature-b2', E'characterize', E'/ˈkær.ək.tə.raɪz/', E'/ˈker.ək.tə.raɪz/', E'to describe the qualities or peculiarities of a character', E'khắc họa, mô tả đặc điểm', 'verb', E'The author characterizes the hero as a lonely but determined wanderer.', E'Tác giả khắc họa nhân vật chính như một lữ khách cô đơn nhưng đầy quyết tâm.', ARRAY['portray','depict']::text[], '{}', ARRAY['characterize someone as','well-characterized']::text[]) ON CONFLICT ("id") DO NOTHING;
INSERT INTO "VocabItem" ("id", "topicId", "word", "phonBr", "phonNAm", "meaning", "vietnameseMeaning", "partOfSpeech", "exampleSentence", "exampleTranslation", "synonyms", "antonyms", "collocations") VALUES ('arts-and-culture-literature-b2-allusion', 'arts-and-culture-literature-b2', E'allusion', E'/əˈluː.ʒən/', E'/əˈluː.ʒən/', E'an expression designed to call something to mind without mentioning it explicitly', E'sự ám chỉ, sự nói bóng gió', 'noun', E'The poem makes a subtle allusion to classical Greek mythology.', E'Bài thơ có một sự ám chỉ tinh tế đến thần thoại Hy Lạp cổ đại.', ARRAY['reference','suggestion']::text[], '{}', ARRAY['make an allusion','literary allusion']::text[]) ON CONFLICT ("id") DO NOTHING;
INSERT INTO "VocabItem" ("id", "topicId", "word", "phonBr", "phonNAm", "meaning", "vietnameseMeaning", "partOfSpeech", "exampleSentence", "exampleTranslation", "synonyms", "antonyms", "collocations") VALUES ('arts-and-culture-literature-b2-compelling', 'arts-and-culture-literature-b2', E'compelling', E'/kəmˈpel.ɪŋ/', E'/kəmˈpel.ɪŋ/', E'evoking interest, attention, or admiration in a powerfully irresistible way', E'thuyết phục, hấp dẫn', 'adjective', E'It is a compelling story that keeps you turning the pages until the very end.', E'Đó là một câu chuyện hấp dẫn khiến bạn không thể rời mắt cho đến tận trang cuối cùng.', ARRAY['captivating','gripping']::text[], ARRAY['dull']::text[], ARRAY['compelling narrative','compelling character']::text[]) ON CONFLICT ("id") DO NOTHING;

-- Topic: Literature - C1 (6 words)
INSERT INTO "Topic" ("id", "title", "subtitle", "description", "level", "wordCount", "estimatedTime", "category", "subcategory", "order", "topicGroupId") VALUES ('arts-and-culture-literature-c1', 'Literature - C1', 'Vocabulary about literature', 'Learn essential vocabulary about literature at C1 level.', 'C1', 6, 12, 'Arts & Culture', 'Literature', 4, 's9595f16fe5e54e20e27f') ON CONFLICT ("id") DO NOTHING;
INSERT INTO "VocabItem" ("id", "topicId", "word", "phonBr", "phonNAm", "meaning", "vietnameseMeaning", "partOfSpeech", "exampleSentence", "exampleTranslation", "synonyms", "antonyms", "collocations") VALUES ('arts-and-culture-literature-c1-foreshadow', 'arts-and-culture-literature-c1', E'foreshadow', E'/fɔːˈʃæd.əʊ/', E'/fɔːrˈʃæd.oʊ/', E'be a warning or indication of a future event', E'báo trước, điềm báo', 'verb', E'The dark clouds at the beginning of the play foreshadow the tragic ending.', E'Những đám mây đen ở đầu vở kịch báo trước cái kết bi thảm.', ARRAY['presage','augur']::text[], '{}', ARRAY['heavily foreshadow','foreshadow the outcome']::text[]) ON CONFLICT ("id") DO NOTHING;
INSERT INTO "VocabItem" ("id", "topicId", "word", "phonBr", "phonNAm", "meaning", "vietnameseMeaning", "partOfSpeech", "exampleSentence", "exampleTranslation", "synonyms", "antonyms", "collocations") VALUES ('arts-and-culture-literature-c1-verisimilitude', 'arts-and-culture-literature-c1', E'verisimilitude', E'/ˌver.ɪ.sɪˈmɪl.ɪ.tjuːd/', E'/ˌver.ə.səˈmɪl.ə.tuːd/', E'the appearance of being true or real', E'tính chân thực, sự giống như thật', 'noun', E'The author''s attention to historical detail gives the story a sense of verisimilitude.', E'Sự chú ý của tác giả vào các chi tiết lịch sử mang lại cho câu chuyện cảm giác chân thực.', ARRAY['realism','authenticity']::text[], ARRAY['implausibility']::text[], ARRAY['artistic verisimilitude','striking verisimilitude']::text[]) ON CONFLICT ("id") DO NOTHING;
INSERT INTO "VocabItem" ("id", "topicId", "word", "phonBr", "phonNAm", "meaning", "vietnameseMeaning", "partOfSpeech", "exampleSentence", "exampleTranslation", "synonyms", "antonyms", "collocations") VALUES ('arts-and-culture-literature-c1-soliloquy', 'arts-and-culture-literature-c1', E'soliloquy', E'/səˈlɪl.ə.kwi/', E'/səˈlɪl.ə.kwi/', E'an act of speaking one''s thoughts aloud when by oneself, especially by a character in a play', E'độc thoại nội tâm', 'noun', E'The protagonist''s soliloquy reveals his inner conflict and deepest fears.', E'Lời độc thoại của nhân vật chính tiết lộ mâu thuẫn nội tâm và những nỗi sợ hãi sâu thẳm nhất của anh ta.', ARRAY['monologue','aside']::text[], '{}', ARRAY['dramatic soliloquy','powerful soliloquy']::text[]) ON CONFLICT ("id") DO NOTHING;
INSERT INTO "VocabItem" ("id", "topicId", "word", "phonBr", "phonNAm", "meaning", "vietnameseMeaning", "partOfSpeech", "exampleSentence", "exampleTranslation", "synonyms", "antonyms", "collocations") VALUES ('arts-and-culture-literature-c1-delineate', 'arts-and-culture-literature-c1', E'delineate', E'/dɪˈlɪn.i.eɪt/', E'/dɪˈlɪn.i.eɪt/', E'to describe or portray something precisely', E'mô tả chi tiết, phác họa', 'verb', E'The biographer carefully delineates the complex relationship between the two poets.', E'Người viết tiểu sử mô tả tỉ mỉ mối quan hệ phức tạp giữa hai nhà thơ.', ARRAY['depict','outline']::text[], '{}', ARRAY['delineate a character','clearly delineate']::text[]) ON CONFLICT ("id") DO NOTHING;
INSERT INTO "VocabItem" ("id", "topicId", "word", "phonBr", "phonNAm", "meaning", "vietnameseMeaning", "partOfSpeech", "exampleSentence", "exampleTranslation", "synonyms", "antonyms", "collocations") VALUES ('arts-and-culture-literature-c1-poignant', 'arts-and-culture-literature-c1', E'poignant', E'/ˈpɔɪ.njənt/', E'/ˈpɔɪ.njənt/', E'evoking a keen sense of sadness or regret', E'đau lòng, cảm động, sâu sắc', 'adjective', E'It is a poignant tale of loss and recovery.', E'Đó là một câu chuyện cảm động về sự mất mát và phục hồi.', ARRAY['touching','affecting']::text[], '{}', ARRAY['poignant reminder','poignant scene']::text[]) ON CONFLICT ("id") DO NOTHING;
INSERT INTO "VocabItem" ("id", "topicId", "word", "phonBr", "phonNAm", "meaning", "vietnameseMeaning", "partOfSpeech", "exampleSentence", "exampleTranslation", "synonyms", "antonyms", "collocations") VALUES ('arts-and-culture-literature-c1-lucid', 'arts-and-culture-literature-c1', E'lucid', E'/ˈluː.sɪd/', E'/ˈluː.sɪd/', E'expressed clearly; easy to understand', E'sáng sủa, dễ hiểu', 'adjective', E'The critic praised the author for her lucid analysis of the complex text.', E'Nhà phê bình khen ngợi tác giả vì cách phân tích sáng sủa của bà về văn bản phức tạp.', ARRAY['coherent','articulate']::text[], ARRAY['obscure']::text[], ARRAY['lucid style','lucid explanation']::text[]) ON CONFLICT ("id") DO NOTHING;

-- Topic: Literature - C2 (7 words)
INSERT INTO "Topic" ("id", "title", "subtitle", "description", "level", "wordCount", "estimatedTime", "category", "subcategory", "order", "topicGroupId") VALUES ('arts-and-culture-literature-c2', 'Literature - C2', 'Vocabulary about literature', 'Learn essential vocabulary about literature at C2 level.', 'C2', 7, 14, 'Arts & Culture', 'Literature', 5, 's9595f16fe5e54e20e27f') ON CONFLICT ("id") DO NOTHING;
INSERT INTO "VocabItem" ("id", "topicId", "word", "phonBr", "phonNAm", "meaning", "vietnameseMeaning", "partOfSpeech", "exampleSentence", "exampleTranslation", "synonyms", "antonyms", "collocations") VALUES ('arts-and-culture-literature-c2-bildungsroman', 'arts-and-culture-literature-c2', E'bildungsroman', E'/ˌbɪldʊŋsrəˈmɑːn/', E'/ˌbɪldʊŋsrəˈmɑːn/', E'A novel dealing with one person''s formative years or spiritual education.', E'Tiểu thuyết giáo dục', 'noun', E'The protagonist''s journey from innocence to maturity makes this classic a quintessential bildungsroman.', E'Hành trình từ sự ngây thơ đến trưởng thành của nhân vật chính khiến tác phẩm kinh điển này trở thành một cuốn tiểu thuyết giáo dục điển hình.', ARRAY['coming-of-age novel']::text[], '{}', ARRAY['quintessential bildungsroman','classic bildungsroman']::text[]) ON CONFLICT ("id") DO NOTHING;
INSERT INTO "VocabItem" ("id", "topicId", "word", "phonBr", "phonNAm", "meaning", "vietnameseMeaning", "partOfSpeech", "exampleSentence", "exampleTranslation", "synonyms", "antonyms", "collocations") VALUES ('arts-and-culture-literature-c2-denouement', 'arts-and-culture-literature-c2', E'denouement', E'/deɪˈnuːmɒ̃/', E'/deɪˈnuːmɑː/', E'The final part of a play, movie, or narrative in which the strands of the plot are drawn together and matters are explained or resolved.', E'Kết cục, phần kết', 'noun', E'The complex mystery reaches its dramatic denouement in the final chapter.', E'Vụ án bí ẩn phức tạp đạt đến phần kết đầy kịch tính trong chương cuối cùng.', ARRAY['resolution','climax']::text[], ARRAY['exposition']::text[], ARRAY['dramatic denouement','reach a denouement']::text[]) ON CONFLICT ("id") DO NOTHING;
INSERT INTO "VocabItem" ("id", "topicId", "word", "phonBr", "phonNAm", "meaning", "vietnameseMeaning", "partOfSpeech", "exampleSentence", "exampleTranslation", "synonyms", "antonyms", "collocations") VALUES ('arts-and-culture-literature-c2-pastiche', 'arts-and-culture-literature-c2', E'pastiche', E'/pæˈstiːʃ/', E'/pæˈstiːʃ/', E'A work of visual art, literature, or music that imitates the style or character of the work of one or more other artists.', E'Tác phẩm mô phỏng, sự bắt chước phong cách', 'noun', E'The novel is a clever pastiche of Victorian detective fiction.', E'Cuốn tiểu thuyết là một tác phẩm mô phỏng khéo léo phong cách tiểu thuyết trinh thám thời Victoria.', ARRAY['imitation','parody']::text[], '{}', ARRAY['clever pastiche','literary pastiche']::text[]) ON CONFLICT ("id") DO NOTHING;
INSERT INTO "VocabItem" ("id", "topicId", "word", "phonBr", "phonNAm", "meaning", "vietnameseMeaning", "partOfSpeech", "exampleSentence", "exampleTranslation", "synonyms", "antonyms", "collocations") VALUES ('arts-and-culture-literature-c2-epistolary', 'arts-and-culture-literature-c2', E'epistolary', E'/ɪˈpɪstələri/', E'/ɪˈpɪstəleri/', E'Relating to or contained in letters.', E'Dưới dạng thư từ', 'adjective', E'The author chose an epistolary format to convey the characters'' deepest, most private thoughts.', E'Tác giả đã chọn định dạng thư từ để truyền tải những suy nghĩ thầm kín và sâu sắc nhất của các nhân vật.', ARRAY['letter-based']::text[], '{}', ARRAY['epistolary novel','epistolary format']::text[]) ON CONFLICT ("id") DO NOTHING;
INSERT INTO "VocabItem" ("id", "topicId", "word", "phonBr", "phonNAm", "meaning", "vietnameseMeaning", "partOfSpeech", "exampleSentence", "exampleTranslation", "synonyms", "antonyms", "collocations") VALUES ('arts-and-culture-literature-c2-prolix', 'arts-and-culture-literature-c2', E'prolix', E'/ˈprəʊlɪks/', E'/ˈproʊlɪks/', E'(of speech or writing) using or containing too many words; tediously lengthy.', E'Dài dòng, rườm rà', 'adjective', E'The critic complained that the author''s prolix style obscured the narrative''s central theme.', E'Nhà phê bình phàn nàn rằng phong cách dài dòng của tác giả đã làm lu mờ chủ đề chính của câu chuyện.', ARRAY['verbose','wordy']::text[], ARRAY['concise']::text[], ARRAY['prolix style','prolix prose']::text[]) ON CONFLICT ("id") DO NOTHING;
INSERT INTO "VocabItem" ("id", "topicId", "word", "phonBr", "phonNAm", "meaning", "vietnameseMeaning", "partOfSpeech", "exampleSentence", "exampleTranslation", "synonyms", "antonyms", "collocations") VALUES ('arts-and-culture-literature-c2-intertextuality', 'arts-and-culture-literature-c2', E'intertextuality', E'/ˌɪntətekstʃuˈæləti/', E'/ˌɪntərtekstʃuˈæləti/', E'The relationship between texts, especially literary ones.', E'Tính liên văn bản', 'noun', E'The author employs intertextuality by referencing classical mythology throughout the novel.', E'Tác giả sử dụng tính liên văn bản bằng cách tham chiếu thần thoại cổ điển xuyên suốt cuốn tiểu thuyết.', ARRAY['allusion','textual reference']::text[], '{}', ARRAY['literary intertextuality','employ intertextuality']::text[]) ON CONFLICT ("id") DO NOTHING;
INSERT INTO "VocabItem" ("id", "topicId", "word", "phonBr", "phonNAm", "meaning", "vietnameseMeaning", "partOfSpeech", "exampleSentence", "exampleTranslation", "synonyms", "antonyms", "collocations") VALUES ('arts-and-culture-literature-c2-garrulous', 'arts-and-culture-literature-c2', E'garrulous', E'/ˈɡærələs/', E'/ˈɡærələs/', E'Excessively talkative, especially on trivial matters.', E'Nói nhiều, huyên thuyên', 'adjective', E'The narrator''s garrulous tone captures the eccentric personality of the aging character perfectly.', E'Giọng điệu huyên thuyên của người dẫn chuyện khắc họa hoàn hảo tính cách lập dị của nhân vật đã có tuổi.', ARRAY['loquacious','talkative']::text[], ARRAY['taciturn']::text[], ARRAY['garrulous narrator','garrulous character']::text[]) ON CONFLICT ("id") DO NOTHING;

-- Topic: Festivals & Traditions - A1 (3 words)
INSERT INTO "Topic" ("id", "title", "subtitle", "description", "level", "wordCount", "estimatedTime", "category", "subcategory", "order", "topicGroupId") VALUES ('arts-and-culture-festivals-and-traditions-a1', 'Festivals & Traditions - A1', 'Vocabulary about festivals & traditions', 'Learn essential vocabulary about festivals & traditions at A1 level.', 'A1', 3, 6, 'Arts & Culture', 'Festivals & Traditions', 0, 's9595f16fe5e54e20e27f') ON CONFLICT ("id") DO NOTHING;
INSERT INTO "VocabItem" ("id", "topicId", "word", "phonBr", "phonNAm", "meaning", "vietnameseMeaning", "partOfSpeech", "exampleSentence", "exampleTranslation", "synonyms", "antonyms", "collocations") VALUES ('arts-and-culture-festivals-and-traditions-a1-festival', 'arts-and-culture-festivals-and-traditions-a1', E'festival', E'/ˈfestɪvəl/', E'/ˈfestəvəl/', E'a special day or period of celebration', E'lễ hội', 'noun', E'We go to the spring festival every year.', E'Chúng tôi đi lễ hội mùa xuân hàng năm.', ARRAY['celebration','gala']::text[], '{}', ARRAY['music festival','annual festival']::text[]) ON CONFLICT ("id") DO NOTHING;
INSERT INTO "VocabItem" ("id", "topicId", "word", "phonBr", "phonNAm", "meaning", "vietnameseMeaning", "partOfSpeech", "exampleSentence", "exampleTranslation", "synonyms", "antonyms", "collocations") VALUES ('arts-and-culture-festivals-and-traditions-a1-gift', 'arts-and-culture-festivals-and-traditions-a1', E'gift', E'/ɡɪft/', E'/ɡɪft/', E'something that you give to someone', E'quà tặng', 'noun', E'I have a small gift for you.', E'Tôi có một món quà nhỏ cho bạn.', ARRAY['present','offering']::text[], '{}', ARRAY['give a gift','birthday gift']::text[]) ON CONFLICT ("id") DO NOTHING;
INSERT INTO "VocabItem" ("id", "topicId", "word", "phonBr", "phonNAm", "meaning", "vietnameseMeaning", "partOfSpeech", "exampleSentence", "exampleTranslation", "synonyms", "antonyms", "collocations") VALUES ('arts-and-culture-festivals-and-traditions-a1-wear', 'arts-and-culture-festivals-and-traditions-a1', E'wear', E'/weə(r)/', E'/wer/', E'to have clothes on your body', E'mặc', 'verb', E'People wear nice clothes for the party.', E'Mọi người mặc quần áo đẹp cho bữa tiệc.', ARRAY['dress in','don']::text[], '{}', ARRAY['wear clothes','wear traditional dress']::text[]) ON CONFLICT ("id") DO NOTHING;

-- Topic: Festivals & Traditions - A2 (9 words)
INSERT INTO "Topic" ("id", "title", "subtitle", "description", "level", "wordCount", "estimatedTime", "category", "subcategory", "order", "topicGroupId") VALUES ('arts-and-culture-festivals-and-traditions-a2', 'Festivals & Traditions - A2', 'Vocabulary about festivals & traditions', 'Learn essential vocabulary about festivals & traditions at A2 level.', 'A2', 9, 18, 'Arts & Culture', 'Festivals & Traditions', 1, 's9595f16fe5e54e20e27f') ON CONFLICT ("id") DO NOTHING;
INSERT INTO "VocabItem" ("id", "topicId", "word", "phonBr", "phonNAm", "meaning", "vietnameseMeaning", "partOfSpeech", "exampleSentence", "exampleTranslation", "synonyms", "antonyms", "collocations") VALUES ('arts-and-culture-festivals-and-traditions-a2-celebrate', 'arts-and-culture-festivals-and-traditions-a2', E'celebrate', E'/ˈsel.ə.breɪt/', E'/ˈsel.ə.breɪt/', E'to show that a day or event is important by doing something special', E'ăn mừng, tổ chức', 'verb', E'We celebrate the New Year with our family every year.', E'Chúng tôi ăn mừng năm mới cùng gia đình mỗi năm.', ARRAY['party','observe']::text[], ARRAY['ignore']::text[], ARRAY['celebrate a festival','celebrate a birthday']::text[]) ON CONFLICT ("id") DO NOTHING;
INSERT INTO "VocabItem" ("id", "topicId", "word", "phonBr", "phonNAm", "meaning", "vietnameseMeaning", "partOfSpeech", "exampleSentence", "exampleTranslation", "synonyms", "antonyms", "collocations") VALUES ('arts-and-culture-festivals-and-traditions-a2-traditional', 'arts-and-culture-festivals-and-traditions-a2', E'traditional', E'/trəˈdɪʃ.ən.əl/', E'/trəˈdɪʃ.ən.əl/', E'following ideas and methods that have existed for a long time', E'thuộc về truyền thống', 'adjective', E'They wore traditional clothes during the ceremony.', E'Họ đã mặc trang phục truyền thống trong suốt buổi lễ.', ARRAY['customary','classic']::text[], ARRAY['modern']::text[], ARRAY['traditional food','traditional music']::text[]) ON CONFLICT ("id") DO NOTHING;
INSERT INTO "VocabItem" ("id", "topicId", "word", "phonBr", "phonNAm", "meaning", "vietnameseMeaning", "partOfSpeech", "exampleSentence", "exampleTranslation", "synonyms", "antonyms", "collocations") VALUES ('arts-and-culture-festivals-and-traditions-a2-parade', 'arts-and-culture-festivals-and-traditions-a2', E'parade', E'/pəˈreɪd/', E'/pəˈreɪd/', E'a public celebration where a group of people move through the streets', E'cuộc diễu hành', 'noun', E'The city held a colorful parade for the festival.', E'Thành phố đã tổ chức một cuộc diễu hành đầy màu sắc cho lễ hội.', ARRAY['procession','march']::text[], '{}', ARRAY['join a parade','watch a parade']::text[]) ON CONFLICT ("id") DO NOTHING;
INSERT INTO "VocabItem" ("id", "topicId", "word", "phonBr", "phonNAm", "meaning", "vietnameseMeaning", "partOfSpeech", "exampleSentence", "exampleTranslation", "synonyms", "antonyms", "collocations") VALUES ('arts-and-culture-festivals-and-traditions-a2-costume', 'arts-and-culture-festivals-and-traditions-a2', E'costume', E'/ˈkɒs.tjuːm/', E'/ˈkɑː.stuːm/', E'special clothes worn for a festival or event', E'trang phục hóa trang', 'noun', E'The children wore funny costumes to the party.', E'Những đứa trẻ đã mặc những bộ trang phục hài hước đến bữa tiệc.', ARRAY['outfit','dress']::text[], '{}', ARRAY['wear a costume','make a costume']::text[]) ON CONFLICT ("id") DO NOTHING;
INSERT INTO "VocabItem" ("id", "topicId", "word", "phonBr", "phonNAm", "meaning", "vietnameseMeaning", "partOfSpeech", "exampleSentence", "exampleTranslation", "synonyms", "antonyms", "collocations") VALUES ('arts-and-culture-festivals-and-traditions-a2-custom', 'arts-and-culture-festivals-and-traditions-a2', E'custom', E'/ˈkʌs.təm/', E'/ˈkʌs.təm/', E'a habit or activity that has been done by a group of people for a long time', E'phong tục', 'noun', E'It is a local custom to give lucky money to children.', E'Tặng tiền lì xì cho trẻ em là một phong tục địa phương.', ARRAY['tradition','practice']::text[], '{}', ARRAY['local custom','follow a custom']::text[]) ON CONFLICT ("id") DO NOTHING;
INSERT INTO "VocabItem" ("id", "topicId", "word", "phonBr", "phonNAm", "meaning", "vietnameseMeaning", "partOfSpeech", "exampleSentence", "exampleTranslation", "synonyms", "antonyms", "collocations") VALUES ('arts-and-culture-festivals-and-traditions-a2-firework', 'arts-and-culture-festivals-and-traditions-a2', E'firework', E'/ˈfaɪə.wɜːk/', E'/ˈfaɪr.wɝːk/', E'a small object that explodes to make a loud noise and bright colors', E'pháo hoa', 'noun', E'We watched the beautiful fireworks in the sky at midnight.', E'Chúng tôi đã xem pháo hoa rực rỡ trên bầu trời vào lúc nửa đêm.', ARRAY['pyrotechnics']::text[], '{}', ARRAY['set off fireworks','firework display']::text[]) ON CONFLICT ("id") DO NOTHING;
INSERT INTO "VocabItem" ("id", "topicId", "word", "phonBr", "phonNAm", "meaning", "vietnameseMeaning", "partOfSpeech", "exampleSentence", "exampleTranslation", "synonyms", "antonyms", "collocations") VALUES ('arts-and-culture-festivals-and-traditions-a2-perform', 'arts-and-culture-festivals-and-traditions-a2', E'perform', E'/pəˈfɔːm/', E'/pɚˈfɔːrm/', E'to entertain people by dancing, singing, or acting', E'biểu diễn', 'verb', E'The dancers will perform a traditional dance tonight.', E'Các vũ công sẽ biểu diễn một điệu múa truyền thống vào tối nay.', ARRAY['present','act']::text[], '{}', ARRAY['perform a dance','perform on stage']::text[]) ON CONFLICT ("id") DO NOTHING;
INSERT INTO "VocabItem" ("id", "topicId", "word", "phonBr", "phonNAm", "meaning", "vietnameseMeaning", "partOfSpeech", "exampleSentence", "exampleTranslation", "synonyms", "antonyms", "collocations") VALUES ('arts-and-culture-festivals-and-traditions-a2-ceremony', 'arts-and-culture-festivals-and-traditions-a2', E'ceremony', E'/ˈser.ɪ.mə.ni/', E'/ˈser.ə.moʊ.ni/', E'a formal event held on an important occasion', E'buổi lễ', 'noun', E'They attended a wedding ceremony last weekend.', E'Họ đã tham dự một buổi lễ cưới vào cuối tuần trước.', ARRAY['rite','service']::text[], '{}', ARRAY['opening ceremony','wedding ceremony']::text[]) ON CONFLICT ("id") DO NOTHING;
INSERT INTO "VocabItem" ("id", "topicId", "word", "phonBr", "phonNAm", "meaning", "vietnameseMeaning", "partOfSpeech", "exampleSentence", "exampleTranslation", "synonyms", "antonyms", "collocations") VALUES ('arts-and-culture-festivals-and-traditions-a2-gather', 'arts-and-culture-festivals-and-traditions-a2', E'gather', E'/ˈɡæð.ər/', E'/ˈɡæð.ɚ/', E'to come together in one place', E'tụ họp, sum vầy', 'verb', E'Families gather to eat together during the holiday.', E'Các gia đình tụ họp để ăn cùng nhau trong kỳ nghỉ lễ.', ARRAY['assemble','meet']::text[], ARRAY['disperse']::text[], ARRAY['gather together','gather for a meal']::text[]) ON CONFLICT ("id") DO NOTHING;

-- Topic: Festivals & Traditions - B1 (5 words)
INSERT INTO "Topic" ("id", "title", "subtitle", "description", "level", "wordCount", "estimatedTime", "category", "subcategory", "order", "topicGroupId") VALUES ('arts-and-culture-festivals-and-traditions-b1', 'Festivals & Traditions - B1', 'Vocabulary about festivals & traditions', 'Learn essential vocabulary about festivals & traditions at B1 level.', 'B1', 5, 10, 'Arts & Culture', 'Festivals & Traditions', 2, 's9595f16fe5e54e20e27f') ON CONFLICT ("id") DO NOTHING;
INSERT INTO "VocabItem" ("id", "topicId", "word", "phonBr", "phonNAm", "meaning", "vietnameseMeaning", "partOfSpeech", "exampleSentence", "exampleTranslation", "synonyms", "antonyms", "collocations") VALUES ('arts-and-culture-festivals-and-traditions-b1-procession', 'arts-and-culture-festivals-and-traditions-b1', E'procession', E'/prəˈseʃ.ən/', E'/prəˈseʃ.ən/', E'a line of people who are walking or traveling in a formal way as part of a religious ceremony or public event', E'đám rước, đoàn diễu hành', 'noun', E'The festival began with a colorful procession through the streets.', E'Lễ hội bắt đầu bằng một đám rước đầy màu sắc đi qua các con phố.', ARRAY['parade','march']::text[], '{}', ARRAY['religious procession','lead a procession']::text[]) ON CONFLICT ("id") DO NOTHING;
INSERT INTO "VocabItem" ("id", "topicId", "word", "phonBr", "phonNAm", "meaning", "vietnameseMeaning", "partOfSpeech", "exampleSentence", "exampleTranslation", "synonyms", "antonyms", "collocations") VALUES ('arts-and-culture-festivals-and-traditions-b1-annual', 'arts-and-culture-festivals-and-traditions-b1', E'annual', E'/ˈæn.ju.əl/', E'/ˈæn.ju.əl/', E'happening once every year', E'hàng năm', 'adjective', E'The village holds an annual festival to thank the gods for a good harvest.', E'Ngôi làng tổ chức một lễ hội hàng năm để cảm ơn các vị thần vì một vụ mùa bội thu.', ARRAY['yearly']::text[], '{}', ARRAY['annual festival','annual event']::text[]) ON CONFLICT ("id") DO NOTHING;
INSERT INTO "VocabItem" ("id", "topicId", "word", "phonBr", "phonNAm", "meaning", "vietnameseMeaning", "partOfSpeech", "exampleSentence", "exampleTranslation", "synonyms", "antonyms", "collocations") VALUES ('arts-and-culture-festivals-and-traditions-b1-ritual', 'arts-and-culture-festivals-and-traditions-b1', E'ritual', E'/ˈrɪtʃ.u.əl/', E'/ˈrɪtʃ.u.əl/', E'a set of fixed actions and sometimes words performed regularly, especially as part of a ceremony', E'nghi thức, nghi lễ', 'noun', E'The community performed an ancient ritual to bring good luck for the new year.', E'Cộng đồng đã thực hiện một nghi lễ cổ xưa để mang lại may mắn cho năm mới.', ARRAY['ceremony','rite']::text[], '{}', ARRAY['perform a ritual','religious ritual']::text[]) ON CONFLICT ("id") DO NOTHING;
INSERT INTO "VocabItem" ("id", "topicId", "word", "phonBr", "phonNAm", "meaning", "vietnameseMeaning", "partOfSpeech", "exampleSentence", "exampleTranslation", "synonyms", "antonyms", "collocations") VALUES ('arts-and-culture-festivals-and-traditions-b1-spectacular', 'arts-and-culture-festivals-and-traditions-b1', E'spectacular', E'/spekˈtæk.jə.lər/', E'/spekˈtæk.jə.lɚ/', E'very exciting to look at or very impressive', E'đẹp mắt, ngoạn mục', 'adjective', E'The fireworks display at the end of the festival was truly spectacular.', E'Màn trình diễn pháo hoa vào cuối lễ hội thực sự rất ngoạn mục.', ARRAY['impressive','magnificent']::text[], ARRAY['dull']::text[], ARRAY['spectacular display','spectacular performance']::text[]) ON CONFLICT ("id") DO NOTHING;
INSERT INTO "VocabItem" ("id", "topicId", "word", "phonBr", "phonNAm", "meaning", "vietnameseMeaning", "partOfSpeech", "exampleSentence", "exampleTranslation", "synonyms", "antonyms", "collocations") VALUES ('arts-and-culture-festivals-and-traditions-b1-ancestor', 'arts-and-culture-festivals-and-traditions-b1', E'ancestor', E'/ˈæn.ses.tər/', E'/ˈæn.ses.tɚ/', E'a person related to you who lived a long time ago', E'tổ tiên', 'noun', E'Many festivals include offerings to honor our ancestors.', E'Nhiều lễ hội bao gồm các lễ vật để tôn vinh tổ tiên của chúng ta.', ARRAY['forefather']::text[], ARRAY['descendant']::text[], ARRAY['worship ancestors','honor ancestors']::text[]) ON CONFLICT ("id") DO NOTHING;

-- Topic: Festivals & Traditions - B2 (7 words)
INSERT INTO "Topic" ("id", "title", "subtitle", "description", "level", "wordCount", "estimatedTime", "category", "subcategory", "order", "topicGroupId") VALUES ('arts-and-culture-festivals-and-traditions-b2', 'Festivals & Traditions - B2', 'Vocabulary about festivals & traditions', 'Learn essential vocabulary about festivals & traditions at B2 level.', 'B2', 7, 14, 'Arts & Culture', 'Festivals & Traditions', 3, 's9595f16fe5e54e20e27f') ON CONFLICT ("id") DO NOTHING;
INSERT INTO "VocabItem" ("id", "topicId", "word", "phonBr", "phonNAm", "meaning", "vietnameseMeaning", "partOfSpeech", "exampleSentence", "exampleTranslation", "synonyms", "antonyms", "collocations") VALUES ('arts-and-culture-festivals-and-traditions-b2-commemorate', 'arts-and-culture-festivals-and-traditions-b2', E'commemorate', E'/kəˈmem.ə.reɪt/', E'/kəˈmem.ə.reɪt/', E'to recall and show respect for someone or something in a ceremony', E'tưởng niệm, kỷ niệm', 'verb', E'The town holds an annual parade to commemorate the historical victory.', E'Thị trấn tổ chức một cuộc diễu hành hàng năm để tưởng niệm chiến thắng lịch sử.', ARRAY['celebrate','memorialize']::text[], ARRAY['forget']::text[], ARRAY['commemorate an event','commemorate the anniversary']::text[]) ON CONFLICT ("id") DO NOTHING;
INSERT INTO "VocabItem" ("id", "topicId", "word", "phonBr", "phonNAm", "meaning", "vietnameseMeaning", "partOfSpeech", "exampleSentence", "exampleTranslation", "synonyms", "antonyms", "collocations") VALUES ('arts-and-culture-festivals-and-traditions-b2-festivity', 'arts-and-culture-festivals-and-traditions-b2', E'festivity', E'/fesˈtɪv.ə.ti/', E'/fesˈtɪv.ə.t̬i/', E'the atmosphere or activities of a celebration', E'sự tưng bừng, không khí lễ hội', 'noun', E'The streets were filled with music and joy during the mid-winter festivity.', E'Đường phố tràn ngập âm nhạc và niềm vui trong suốt lễ hội giữa mùa đông.', ARRAY['celebration','merrymaking']::text[], '{}', ARRAY['holiday festivity','join the festivities']::text[]) ON CONFLICT ("id") DO NOTHING;
INSERT INTO "VocabItem" ("id", "topicId", "word", "phonBr", "phonNAm", "meaning", "vietnameseMeaning", "partOfSpeech", "exampleSentence", "exampleTranslation", "synonyms", "antonyms", "collocations") VALUES ('arts-and-culture-festivals-and-traditions-b2-ancestral', 'arts-and-culture-festivals-and-traditions-b2', E'ancestral', E'/ænˈses.trəl/', E'/ænˈses.trəl/', E'relating to members of your family from past generations', E'thuộc về tổ tiên', 'adjective', E'They traveled back to their ancestral village to perform the traditional rites.', E'Họ trở về ngôi làng tổ tiên để thực hiện các nghi lễ truyền thống.', ARRAY['hereditary','familial']::text[], '{}', ARRAY['ancestral home','ancestral worship']::text[]) ON CONFLICT ("id") DO NOTHING;
INSERT INTO "VocabItem" ("id", "topicId", "word", "phonBr", "phonNAm", "meaning", "vietnameseMeaning", "partOfSpeech", "exampleSentence", "exampleTranslation", "synonyms", "antonyms", "collocations") VALUES ('arts-and-culture-festivals-and-traditions-b2-spectacle', 'arts-and-culture-festivals-and-traditions-b2', E'spectacle', E'/ˈspek.tə.kəl/', E'/ˈspek.tə.kəl/', E'a visually striking performance or display', E'cảnh tượng, màn trình diễn hoành tráng', 'noun', E'The fireworks display at the festival was a truly magnificent spectacle.', E'Màn trình diễn pháo hoa tại lễ hội là một cảnh tượng thực sự tráng lệ.', ARRAY['display','show']::text[], '{}', ARRAY['public spectacle','create a spectacle']::text[]) ON CONFLICT ("id") DO NOTHING;
INSERT INTO "VocabItem" ("id", "topicId", "word", "phonBr", "phonNAm", "meaning", "vietnameseMeaning", "partOfSpeech", "exampleSentence", "exampleTranslation", "synonyms", "antonyms", "collocations") VALUES ('arts-and-culture-festivals-and-traditions-b2-observance', 'arts-and-culture-festivals-and-traditions-b2', E'observance', E'/əbˈzɜː.vəns/', E'/əbˈzɝː.vəns/', E'the act of obeying a law or following a custom', E'sự tuân thủ, việc cử hành (lễ nghi)', 'noun', E'Strict observance of these traditions has kept the community united for centuries.', E'', ARRAY['celebration','adherence']::text[], ARRAY['disregard']::text[], ARRAY['religious observance','in observance of']::text[]) ON CONFLICT ("id") DO NOTHING;
INSERT INTO "VocabItem" ("id", "topicId", "word", "phonBr", "phonNAm", "meaning", "vietnameseMeaning", "partOfSpeech", "exampleSentence", "exampleTranslation", "synonyms", "antonyms", "collocations") VALUES ('arts-and-culture-festivals-and-traditions-b2-impart', 'arts-and-culture-festivals-and-traditions-b2', E'impart', E'/ɪmˈpɑːt/', E'/ɪmˈpɑːrt/', E'to pass on information or knowledge to someone', E'truyền đạt, truyền thụ', 'verb', E'Elders often impart the history of the festival to the younger generation.', E'Người lớn tuổi thường truyền đạt lịch sử của lễ hội cho thế hệ trẻ.', ARRAY['convey','pass on']::text[], '{}', ARRAY['impart knowledge','impart wisdom']::text[]) ON CONFLICT ("id") DO NOTHING;
INSERT INTO "VocabItem" ("id", "topicId", "word", "phonBr", "phonNAm", "meaning", "vietnameseMeaning", "partOfSpeech", "exampleSentence", "exampleTranslation", "synonyms", "antonyms", "collocations") VALUES ('arts-and-culture-festivals-and-traditions-b2-reverence', 'arts-and-culture-festivals-and-traditions-b2', E'reverence', E'/ˈrev.ər.əns/', E'/ˈrev.ɚ.əns/', E'deep respect for someone or something', E'sự tôn kính', 'noun', E'They treat their cultural traditions with great reverence.', E'Họ đối xử với các truyền thống văn hóa của mình bằng sự tôn kính lớn.', ARRAY['respect','awe']::text[], ARRAY['disrespect']::text[], ARRAY['show reverence','deep reverence']::text[]) ON CONFLICT ("id") DO NOTHING;

-- Topic: Festivals & Traditions - C1 (7 words)
INSERT INTO "Topic" ("id", "title", "subtitle", "description", "level", "wordCount", "estimatedTime", "category", "subcategory", "order", "topicGroupId") VALUES ('arts-and-culture-festivals-and-traditions-c1', 'Festivals & Traditions - C1', 'Vocabulary about festivals & traditions', 'Learn essential vocabulary about festivals & traditions at C1 level.', 'C1', 7, 14, 'Arts & Culture', 'Festivals & Traditions', 4, 's9595f16fe5e54e20e27f') ON CONFLICT ("id") DO NOTHING;
INSERT INTO "VocabItem" ("id", "topicId", "word", "phonBr", "phonNAm", "meaning", "vietnameseMeaning", "partOfSpeech", "exampleSentence", "exampleTranslation", "synonyms", "antonyms", "collocations") VALUES ('arts-and-culture-festivals-and-traditions-c1-auspicious', 'arts-and-culture-festivals-and-traditions-c1', E'auspicious', E'/ɔːˈspɪʃ.əs/', E'/ɑːˈspɪʃ.əs/', E'Suggesting that a future success is likely; favorable.', E'có điềm lành, cát tường', 'adjective', E'Many couples choose an auspicious date according to the lunar calendar to hold their traditional wedding ceremony.', E'Nhiều cặp đôi chọn ngày lành tháng tốt theo âm lịch để tổ chức lễ cưới truyền thống.', ARRAY['favorable','propitious']::text[], ARRAY['ominous']::text[], ARRAY['auspicious occasion','auspicious start']::text[]) ON CONFLICT ("id") DO NOTHING;
INSERT INTO "VocabItem" ("id", "topicId", "word", "phonBr", "phonNAm", "meaning", "vietnameseMeaning", "partOfSpeech", "exampleSentence", "exampleTranslation", "synonyms", "antonyms", "collocations") VALUES ('arts-and-culture-festivals-and-traditions-c1-rituals', 'arts-and-culture-festivals-and-traditions-c1', E'rituals', E'/ˈrɪtʃ.u.əlz/', E'/ˈrɪtʃ.u.əlz/', E'A series of actions or a type of behavior regularly and invariably followed by someone.', E'nghi thức, nghi lễ', 'noun', E'Passing down ancestral rituals is essential for preserving the cultural identity of the ethnic community.', E'Việc truyền lại các nghi lễ tổ tiên là điều cần thiết để bảo tồn bản sắc văn hóa của cộng đồng dân tộc.', ARRAY['ceremonies','customs']::text[], '{}', ARRAY['perform rituals','sacred rituals']::text[]) ON CONFLICT ("id") DO NOTHING;
INSERT INTO "VocabItem" ("id", "topicId", "word", "phonBr", "phonNAm", "meaning", "vietnameseMeaning", "partOfSpeech", "exampleSentence", "exampleTranslation", "synonyms", "antonyms", "collocations") VALUES ('arts-and-culture-festivals-and-traditions-c1-pageantry', 'arts-and-culture-festivals-and-traditions-c1', E'pageantry', E'/ˈpædʒ.ən.tri/', E'/ˈpædʒ.ən.tri/', E'Spectacular display or ceremony, often involving elaborate costumes and music.', E'sự phô trương, nghi thức hoành tráng', 'noun', E'The royal procession was marked by great pageantry, attracting thousands of spectators to the capital.', E'Đoàn rước hoàng gia nổi bật với sự phô trương lộng lẫy, thu hút hàng ngàn khán giả đến thủ đô.', ARRAY['spectacle','pomp']::text[], '{}', ARRAY['color and pageantry','elaborate pageantry']::text[]) ON CONFLICT ("id") DO NOTHING;
INSERT INTO "VocabItem" ("id", "topicId", "word", "phonBr", "phonNAm", "meaning", "vietnameseMeaning", "partOfSpeech", "exampleSentence", "exampleTranslation", "synonyms", "antonyms", "collocations") VALUES ('arts-and-culture-festivals-and-traditions-c1-inveterate', 'arts-and-culture-festivals-and-traditions-c1', E'inveterate', E'/ɪnˈvet.ər.ət/', E'/ɪnˈvet̬.ɚ.ət/', E'Having a particular habit, activity, or interest that is long-established and unlikely to change.', E'thâm căn cố đế, lâu đời', 'adjective', E'They are inveterate believers in the local folklore, never missing the annual solstice festival.', E'Họ là những người tin tưởng lâu đời vào văn hóa dân gian địa phương, không bao giờ bỏ lỡ lễ hội hạ chí hàng năm.', ARRAY['entrenched','habitual']::text[], '{}', ARRAY['inveterate tradition','inveterate custom']::text[]) ON CONFLICT ("id") DO NOTHING;
INSERT INTO "VocabItem" ("id", "topicId", "word", "phonBr", "phonNAm", "meaning", "vietnameseMeaning", "partOfSpeech", "exampleSentence", "exampleTranslation", "synonyms", "antonyms", "collocations") VALUES ('arts-and-culture-festivals-and-traditions-c1-immemorial', 'arts-and-culture-festivals-and-traditions-c1', E'immemorial', E'/ˌɪm.əˈmɔː.ri.əl/', E'/ˌɪm.əˈmɔːr.i.əl/', E'Originating in the distant past; very old.', E'từ thuở xa xưa, cổ xưa', 'adjective', E'This dance has been performed since time immemorial as a way to pray for rain.', E'Điệu múa này đã được trình diễn từ thuở xa xưa như một cách để cầu mưa.', ARRAY['ancient','primordial']::text[], ARRAY['modern']::text[], ARRAY['time immemorial','ancient and immemorial']::text[]) ON CONFLICT ("id") DO NOTHING;
INSERT INTO "VocabItem" ("id", "topicId", "word", "phonBr", "phonNAm", "meaning", "vietnameseMeaning", "partOfSpeech", "exampleSentence", "exampleTranslation", "synonyms", "antonyms", "collocations") VALUES ('arts-and-culture-festivals-and-traditions-c1-proliferate', 'arts-and-culture-festivals-and-traditions-c1', E'proliferate', E'/prəˈlɪf.ər.eɪt/', E'/prəˈlɪf.ə.reɪt/', E'To increase rapidly in numbers; to multiply.', E'sinh sôi nảy nở, phát triển nhanh', 'verb', E'Cultural activities tend to proliferate during the New Year season as people reconnect with their roots.', E'Các hoạt động văn hóa có xu hướng phát triển mạnh mẽ trong mùa Tết khi mọi người kết nối lại với cội nguồn.', ARRAY['multiply','burgeon']::text[], ARRAY['decline']::text[], ARRAY['traditions proliferate','activities proliferate']::text[]) ON CONFLICT ("id") DO NOTHING;
INSERT INTO "VocabItem" ("id", "topicId", "word", "phonBr", "phonNAm", "meaning", "vietnameseMeaning", "partOfSpeech", "exampleSentence", "exampleTranslation", "synonyms", "antonyms", "collocations") VALUES ('arts-and-culture-festivals-and-traditions-c1-obliterate', 'arts-and-culture-festivals-and-traditions-c1', E'obliterate', E'/əˈblɪt.ə.reɪt/', E'/əˈblɪt̬.ə.reɪt/', E'To remove or destroy all traces of something.', E'xóa bỏ, làm lu mờ', 'verb', E'Modernization threatens to obliterate many indigenous traditions that have survived for centuries.', E'Hiện đại hóa đe dọa xóa bỏ nhiều truyền thống bản địa đã tồn tại qua nhiều thế kỷ.', ARRAY['eradicate','efface']::text[], ARRAY['preserve']::text[], ARRAY['obliterate traditions','completely obliterate']::text[]) ON CONFLICT ("id") DO NOTHING;

-- Topic: Festivals & Traditions - C2 (7 words)
INSERT INTO "Topic" ("id", "title", "subtitle", "description", "level", "wordCount", "estimatedTime", "category", "subcategory", "order", "topicGroupId") VALUES ('arts-and-culture-festivals-and-traditions-c2', 'Festivals & Traditions - C2', 'Vocabulary about festivals & traditions', 'Learn essential vocabulary about festivals & traditions at C2 level.', 'C2', 7, 14, 'Arts & Culture', 'Festivals & Traditions', 5, 's9595f16fe5e54e20e27f') ON CONFLICT ("id") DO NOTHING;
INSERT INTO "VocabItem" ("id", "topicId", "word", "phonBr", "phonNAm", "meaning", "vietnameseMeaning", "partOfSpeech", "exampleSentence", "exampleTranslation", "synonyms", "antonyms", "collocations") VALUES ('arts-and-culture-festivals-and-traditions-c2-proclivity', 'arts-and-culture-festivals-and-traditions-c2', E'proclivity', E'/prəˈklɪv.ə.ti/', E'/proʊˈklɪv.ə.t̬i/', E'a tendency or inclination to choose or do something regularly', E'Cộng đồng này có một thiên hướng lâu đời đối với các nghi lễ thờ cúng tổ tiên cầu kỳ trong chu kỳ mặt trăng.', 'noun', E'The community has a long-standing proclivity for ornate ancestral veneration rites during the lunar cycle.', E'', ARRAY['inclination','predilection']::text[], ARRAY['aversion']::text[], ARRAY['strong proclivity','cultural proclivity']::text[]) ON CONFLICT ("id") DO NOTHING;
INSERT INTO "VocabItem" ("id", "topicId", "word", "phonBr", "phonNAm", "meaning", "vietnameseMeaning", "partOfSpeech", "exampleSentence", "exampleTranslation", "synonyms", "antonyms", "collocations") VALUES ('arts-and-culture-festivals-and-traditions-c2-obsequies', 'arts-and-culture-festivals-and-traditions-c2', E'obsequies', E'/ˈɒb.sɪ.kwiz/', E'/ˈɑːb.sə.kwiːz/', E'funeral rites or ceremonies performed as a tradition', E'nghi lễ tang ma', 'noun', E'The village observed ancient obsequies for the village elder, involving traditional chants and incense offerings.', E'Ngôi làng đã cử hành các nghi lễ tang ma cổ xưa cho vị trưởng làng, bao gồm các bài tụng ca và dâng hương truyền thống.', ARRAY['funeral rites','exequies']::text[], '{}', ARRAY['solemn obsequies','perform obsequies']::text[]) ON CONFLICT ("id") DO NOTHING;
INSERT INTO "VocabItem" ("id", "topicId", "word", "phonBr", "phonNAm", "meaning", "vietnameseMeaning", "partOfSpeech", "exampleSentence", "exampleTranslation", "synonyms", "antonyms", "collocations") VALUES ('arts-and-culture-festivals-and-traditions-c2-talismanic', 'arts-and-culture-festivals-and-traditions-c2', E'talismanic', E'/ˌtæl.ɪzˈmæn.ɪk/', E'/ˌtæl.ɪzˈmæn.ɪk/', E'possessing or believed to possess magical or protective power', E'có tính chất bùa chú, mang lại điềm lành', 'adjective', E'The dancers wore talismanic charms meant to ward off evil spirits during the harvest festival.', E'Các vũ công đeo những lá bùa hộ mệnh nhằm xua đuổi tà ma trong lễ hội thu hoạch.', ARRAY['amuletic','magical']::text[], '{}', ARRAY['talismanic object','talismanic significance']::text[]) ON CONFLICT ("id") DO NOTHING;
INSERT INTO "VocabItem" ("id", "topicId", "word", "phonBr", "phonNAm", "meaning", "vietnameseMeaning", "partOfSpeech", "exampleSentence", "exampleTranslation", "synonyms", "antonyms", "collocations") VALUES ('arts-and-culture-festivals-and-traditions-c2-reverberate', 'arts-and-culture-festivals-and-traditions-c2', E'reverberate', E'/rɪˈvɜː.bər.eɪt/', E'/rɪˈvɝː.bə.reɪt/', E'to have a continuing and serious effect; to echo or resonate through a culture', E'vang vọng, tạo tiếng vang', 'verb', E'The spirit of the folk music traditions continues to reverberate through the younger generation''s compositions.', E'Tinh thần của các truyền thống âm nhạc dân gian vẫn tiếp tục vang vọng qua các sáng tác của thế hệ trẻ.', ARRAY['resonate','echo']::text[], '{}', ARRAY['reverberate through','deeply reverberate']::text[]) ON CONFLICT ("id") DO NOTHING;
INSERT INTO "VocabItem" ("id", "topicId", "word", "phonBr", "phonNAm", "meaning", "vietnameseMeaning", "partOfSpeech", "exampleSentence", "exampleTranslation", "synonyms", "antonyms", "collocations") VALUES ('arts-and-culture-festivals-and-traditions-c2-effigy', 'arts-and-culture-festivals-and-traditions-c2', E'effigy', E'/ˈef.ɪ.dʒi/', E'/ˈef.ə.dʒi/', E'a sculpture or model of a person, often burned as part of a ritual', E'hình nộm', 'noun', E'Burning an effigy of the winter spirits is a central tradition to symbolize the end of the harsh season.', E'Việc đốt hình nộm các linh hồn mùa đông là một truyền thống trung tâm để tượng trưng cho sự kết thúc của mùa khắc nghiệt.', ARRAY['likeness','dummy']::text[], '{}', ARRAY['burn in effigy','effigy of']::text[]) ON CONFLICT ("id") DO NOTHING;
INSERT INTO "VocabItem" ("id", "topicId", "word", "phonBr", "phonNAm", "meaning", "vietnameseMeaning", "partOfSpeech", "exampleSentence", "exampleTranslation", "synonyms", "antonyms", "collocations") VALUES ('arts-and-culture-festivals-and-traditions-c2-liturgy', 'arts-and-culture-festivals-and-traditions-c2', E'liturgy', E'/ˈlɪt.ə.dʒi/', E'/ˈlɪt̬.ɚ.dʒi/', E'a form or formulary according to which public religious worship is conducted', E'nghi thức phụng vụ', 'noun', E'The intricate liturgy of the temple festival has remained unchanged for centuries.', E'Nghi thức phụng vụ phức tạp của lễ hội đền thờ vẫn không thay đổi trong nhiều thế kỷ.', ARRAY['ritual','ceremonial']::text[], '{}', ARRAY['religious liturgy','follow the liturgy']::text[]) ON CONFLICT ("id") DO NOTHING;
INSERT INTO "VocabItem" ("id", "topicId", "word", "phonBr", "phonNAm", "meaning", "vietnameseMeaning", "partOfSpeech", "exampleSentence", "exampleTranslation", "synonyms", "antonyms", "collocations") VALUES ('arts-and-culture-festivals-and-traditions-c2-gala', 'arts-and-culture-festivals-and-traditions-c2', E'gala', E'/ˈɡɑː.lə/', E'/ˈɡeɪ.lə/', E'a social occasion with special entertainments or performances', E'buổi dạ tiệc, lễ hội trang trọng', 'noun', E'The cultural gala featured performances that highlighted the rich diversity of the region''s intangible heritage.', E'Buổi dạ tiệc văn hóa có các màn trình diễn làm nổi bật sự đa dạng phong phú của di sản phi vật thể trong khu vực.', ARRAY['festivity','celebration']::text[], '{}', ARRAY['charity gala','cultural gala']::text[]) ON CONFLICT ("id") DO NOTHING;

-- ══════════════════════════════════════════════════
-- GRAMMAR DATA
-- ══════════════════════════════════════════════════
INSERT INTO "TopicGroup" ("id", "name", "order", "hubType", "subcategories") VALUES ('s6f268e90667eb84ebab5', 'Tenses', 0, 'grammar', ARRAY['Present Simple','Past Simple','Future Simple','Present Perfect','Past Perfect']::text[]) ON CONFLICT ("name", "hubType") DO NOTHING;
INSERT INTO "TopicGroup" ("id", "name", "order", "hubType", "subcategories") VALUES ('s1930e9aafdc23305a42b', 'Sentence Structure', 1, 'grammar', ARRAY['Basic Sentences','Compound Sentences','Complex Sentences','Word Order']::text[]) ON CONFLICT ("name", "hubType") DO NOTHING;
INSERT INTO "TopicGroup" ("id", "name", "order", "hubType", "subcategories") VALUES ('s49b56691ecb2de65a4d9', 'Modals', 2, 'grammar', ARRAY['Can/Could','May/Might','Must/Have to','Should/Ought to','Will/Would']::text[]) ON CONFLICT ("name", "hubType") DO NOTHING;
INSERT INTO "TopicGroup" ("id", "name", "order", "hubType", "subcategories") VALUES ('sd27c671d8b8c6f3d8a9b', 'Conditionals', 3, 'grammar', ARRAY['Zero Conditional','First Conditional','Second Conditional','Third Conditional']::text[]) ON CONFLICT ("name", "hubType") DO NOTHING;
INSERT INTO "TopicGroup" ("id", "name", "order", "hubType", "subcategories") VALUES ('sc7f2f322e7d2c96f2803', 'Passive Voice', 4, 'grammar', ARRAY['Present Passive','Past Passive','Future Passive','Modal Passive']::text[]) ON CONFLICT ("name", "hubType") DO NOTHING;
INSERT INTO "TopicGroup" ("id", "name", "order", "hubType", "subcategories") VALUES ('s5d1e2a42b9e37c70108f', 'Reported Speech', 5, 'grammar', ARRAY['Statements','Questions','Commands','Time Changes']::text[]) ON CONFLICT ("name", "hubType") DO NOTHING;
INSERT INTO "TopicGroup" ("id", "name", "order", "hubType", "subcategories") VALUES ('s536d0de3b043775ec23e', 'Articles', 6, 'grammar', ARRAY['A/An','The','Zero Article','Article Rules']::text[]) ON CONFLICT ("name", "hubType") DO NOTHING;
INSERT INTO "TopicGroup" ("id", "name", "order", "hubType", "subcategories") VALUES ('s042f530436be6fc93a3b', 'Prepositions', 7, 'grammar', ARRAY['Time Prepositions','Place Prepositions','Movement','Common Phrases']::text[]) ON CONFLICT ("name", "hubType") DO NOTHING;

-- Grammar Topic: Present Simple Basics (A1)
INSERT INTO "Topic" ("id", "title", "description", "level", "wordCount", "estimatedTime", "category", "subcategory", "order", "topicGroupId") VALUES ('grammar-tenses-present-simple-0', E'Present Simple Basics', E'Learn how to use present simple tense for habits, facts, and routines', 'A1', 20, 30, 'Tenses', 'Present Simple', 0, 's6f268e90667eb84ebab5') ON CONFLICT ("id") DO NOTHING;
INSERT INTO "GrammarNote" ("id", "topicId", "title", "explanation", "examples") VALUES ('se86f59f5b13e84fb2c9f', 'grammar-tenses-present-simple-0', E'Form of Present Simple', E'Use base form of verb (add -s/-es for he/she/it). Used for habits, facts, and routines.', '[{"en":"I work every day.","vi":"Tôi làm việc mỗi ngày."},{"en":"She works at a bank.","vi":"Cô ấy làm việc ở ngân hàng."},{"en":"The sun rises in the east.","vi":"Mặt trời mọc ở phía đông."}]'::jsonb) ON CONFLICT ("id") DO NOTHING;
INSERT INTO "GrammarNote" ("id", "topicId", "title", "explanation", "examples") VALUES ('sc06e11a9b51885374799', 'grammar-tenses-present-simple-0', E'Time Expressions with Present Simple', E'Common time expressions: always, usually, often, sometimes, rarely, never, every day/week/month', '[{"en":"I always eat breakfast at 7 AM.","vi":"Tôi luôn ăn sáng lúc 7 giờ sáng."},{"en":"They usually go to the gym on Mondays.","vi":"Họ thường đi tập gym vào thứ Hai."}]'::jsonb) ON CONFLICT ("id") DO NOTHING;
INSERT INTO "Lesson" ("id", "topicId", "title", "description", "duration", "type", "order") VALUES ('sb6be49f8f386135d969b', 'grammar-tenses-present-simple-0', E'Grammar Learning - Present Simple Basics', E'Learn Present Simple through grammar learning', '15 min', 'vocabulary', 0) ON CONFLICT ("id") DO NOTHING;
INSERT INTO "Lesson" ("id", "topicId", "title", "description", "duration", "type", "order") VALUES ('s7b755ec893ff5367a25a', 'grammar-tenses-present-simple-0', E'Practice Exercises - Present Simple Basics', E'Learn Present Simple through practice exercises', '20 min', 'quiz', 1) ON CONFLICT ("id") DO NOTHING;
INSERT INTO "Lesson" ("id", "topicId", "title", "description", "duration", "type", "order") VALUES ('sb366f8edc3fbb00cb5df', 'grammar-tenses-present-simple-0', E'Listening Practice - Present Simple Basics', E'Learn Present Simple through listening practice', '15 min', 'listening', 2) ON CONFLICT ("id") DO NOTHING;

-- Grammar Topic: Present Simple: Negative & Questions (A1)
INSERT INTO "Topic" ("id", "title", "description", "level", "wordCount", "estimatedTime", "category", "subcategory", "order", "topicGroupId") VALUES ('grammar-tenses-present-simple-1', E'Present Simple: Negative & Questions', E'Master negative sentences and questions in present simple', 'A1', 18, 25, 'Tenses', 'Present Simple', 1, 's6f268e90667eb84ebab5') ON CONFLICT ("id") DO NOTHING;
INSERT INTO "GrammarNote" ("id", "topicId", "title", "explanation", "examples") VALUES ('s358fa629d9e4fb8a6060', 'grammar-tenses-present-simple-1', E'Negative Form', E'Use ''do not (don''t)'' or ''does not (doesn''t)'' + base verb', '[{"en":"I don''t like coffee.","vi":"Tôi không thích cà phê."},{"en":"She doesn''t work on weekends.","vi":"Cô ấy không làm việc vào cuối tuần."}]'::jsonb) ON CONFLICT ("id") DO NOTHING;
INSERT INTO "GrammarNote" ("id", "topicId", "title", "explanation", "examples") VALUES ('sbaddb7d02c6e1b095769', 'grammar-tenses-present-simple-1', E'Question Form', E'Use ''Do/Does'' + subject + base verb?', '[{"en":"Do you speak English?","vi":"Bạn có nói tiếng Anh không?"},{"en":"Does he live in London?","vi":"Anh ấy có sống ở London không?"}]'::jsonb) ON CONFLICT ("id") DO NOTHING;
INSERT INTO "Lesson" ("id", "topicId", "title", "description", "duration", "type", "order") VALUES ('s717fa57b91b30a35d399', 'grammar-tenses-present-simple-1', E'Grammar Learning - Present Simple: Negative & Questions', E'Learn Present Simple through grammar learning', '15 min', 'vocabulary', 0) ON CONFLICT ("id") DO NOTHING;
INSERT INTO "Lesson" ("id", "topicId", "title", "description", "duration", "type", "order") VALUES ('s989db83242b8dae5e408', 'grammar-tenses-present-simple-1', E'Practice Exercises - Present Simple: Negative & Questions', E'Learn Present Simple through practice exercises', '20 min', 'quiz', 1) ON CONFLICT ("id") DO NOTHING;
INSERT INTO "Lesson" ("id", "topicId", "title", "description", "duration", "type", "order") VALUES ('sfa78adf4e93ba9742fa6', 'grammar-tenses-present-simple-1', E'Listening Practice - Present Simple: Negative & Questions', E'Learn Present Simple through listening practice', '15 min', 'listening', 2) ON CONFLICT ("id") DO NOTHING;

-- Grammar Topic: Past Simple Regular Verbs (A2)
INSERT INTO "Topic" ("id", "title", "description", "level", "wordCount", "estimatedTime", "category", "subcategory", "order", "topicGroupId") VALUES ('grammar-tenses-past-simple-2', E'Past Simple Regular Verbs', E'Learn past simple with regular verbs', 'A2', 25, 40, 'Tenses', 'Past Simple', 2, 's6f268e90667eb84ebab5') ON CONFLICT ("id") DO NOTHING;
INSERT INTO "GrammarNote" ("id", "topicId", "title", "explanation", "examples") VALUES ('sa2df90295524852a387b', 'grammar-tenses-past-simple-2', E'Regular Verbs in Past Simple', E'Add -ed to the base verb. Used for completed actions in the past.', '[{"en":"I worked yesterday.","vi":"Tôi đã làm việc hôm qua."},{"en":"They visited Paris last summer.","vi":"Họ đã thăm Paris mùa hè trước."}]'::jsonb) ON CONFLICT ("id") DO NOTHING;
INSERT INTO "GrammarNote" ("id", "topicId", "title", "explanation", "examples") VALUES ('s4fb0da0fb743d7a0838d', 'grammar-tenses-past-simple-2', E'Spelling Rules for -ed', E'Verbs ending in -e: add -d. Consonant + y: change y to i + ed. Short vowel + consonant: double the consonant + ed.', '[{"en":"live → lived","vi":"sống → đã sống"},{"en":"study → studied","vi":"học → đã học"},{"en":"stop → stopped","vi":"dừng → đã dừng"}]'::jsonb) ON CONFLICT ("id") DO NOTHING;
INSERT INTO "Lesson" ("id", "topicId", "title", "description", "duration", "type", "order") VALUES ('s24d301ecde266fb93d92', 'grammar-tenses-past-simple-2', E'Grammar Learning - Past Simple Regular Verbs', E'Learn Past Simple through grammar learning', '15 min', 'vocabulary', 0) ON CONFLICT ("id") DO NOTHING;
INSERT INTO "Lesson" ("id", "topicId", "title", "description", "duration", "type", "order") VALUES ('s0a8a6d0da7caa1a2be01', 'grammar-tenses-past-simple-2', E'Practice Exercises - Past Simple Regular Verbs', E'Learn Past Simple through practice exercises', '20 min', 'quiz', 1) ON CONFLICT ("id") DO NOTHING;
INSERT INTO "Lesson" ("id", "topicId", "title", "description", "duration", "type", "order") VALUES ('s88db8363b8218867a0f9', 'grammar-tenses-past-simple-2', E'Listening Practice - Past Simple Regular Verbs', E'Learn Past Simple through listening practice', '15 min', 'listening', 2) ON CONFLICT ("id") DO NOTHING;

-- Grammar Topic: Past Simple Irregular Verbs (A2)
INSERT INTO "Topic" ("id", "title", "description", "level", "wordCount", "estimatedTime", "category", "subcategory", "order", "topicGroupId") VALUES ('grammar-tenses-past-simple-3', E'Past Simple Irregular Verbs', E'Master irregular verbs in past tense', 'A2', 30, 50, 'Tenses', 'Past Simple', 3, 's6f268e90667eb84ebab5') ON CONFLICT ("id") DO NOTHING;
INSERT INTO "GrammarNote" ("id", "topicId", "title", "explanation", "examples") VALUES ('sbe763009c582e980146c', 'grammar-tenses-past-simple-3', E'Common Irregular Verbs', E'Irregular verbs have unique past forms that must be memorized.', '[{"en":"go → went: I went to school.","vi":"đi → đã đi: Tôi đã đi học."},{"en":"eat → ate: She ate breakfast.","vi":"ăn → đã ăn: Cô ấy đã ăn sáng."},{"en":"see → saw: We saw a movie.","vi":"xem → đã xem: Chúng tôi đã xem phim."}]'::jsonb) ON CONFLICT ("id") DO NOTHING;
INSERT INTO "Lesson" ("id", "topicId", "title", "description", "duration", "type", "order") VALUES ('s54ca77fec61cfe0edd83', 'grammar-tenses-past-simple-3', E'Grammar Learning - Past Simple Irregular Verbs', E'Learn Past Simple through grammar learning', '15 min', 'vocabulary', 0) ON CONFLICT ("id") DO NOTHING;
INSERT INTO "Lesson" ("id", "topicId", "title", "description", "duration", "type", "order") VALUES ('s62a679d76674a30ec488', 'grammar-tenses-past-simple-3', E'Practice Exercises - Past Simple Irregular Verbs', E'Learn Past Simple through practice exercises', '20 min', 'quiz', 1) ON CONFLICT ("id") DO NOTHING;
INSERT INTO "Lesson" ("id", "topicId", "title", "description", "duration", "type", "order") VALUES ('s0b351332e1d409453913', 'grammar-tenses-past-simple-3', E'Listening Practice - Past Simple Irregular Verbs', E'Learn Past Simple through listening practice', '15 min', 'listening', 2) ON CONFLICT ("id") DO NOTHING;

-- Grammar Topic: Future with Will (A2)
INSERT INTO "Topic" ("id", "title", "description", "level", "wordCount", "estimatedTime", "category", "subcategory", "order", "topicGroupId") VALUES ('grammar-tenses-future-simple-4', E'Future with Will', E'Learn future tense using will', 'A2', 20, 35, 'Tenses', 'Future Simple', 4, 's6f268e90667eb84ebab5') ON CONFLICT ("id") DO NOTHING;
INSERT INTO "GrammarNote" ("id", "topicId", "title", "explanation", "examples") VALUES ('s34b2b86bd743c5a92474', 'grammar-tenses-future-simple-4', E'Will for Future', E'Use ''will'' + base verb for predictions, spontaneous decisions, and promises.', '[{"en":"I will call you tomorrow.","vi":"Tôi sẽ gọi bạn ngày mai."},{"en":"It will rain later.","vi":"Trời sẽ mưa sau."}]'::jsonb) ON CONFLICT ("id") DO NOTHING;
INSERT INTO "Lesson" ("id", "topicId", "title", "description", "duration", "type", "order") VALUES ('sed43e7eba687ebb76c86', 'grammar-tenses-future-simple-4', E'Grammar Learning - Future with Will', E'Learn Future Simple through grammar learning', '15 min', 'vocabulary', 0) ON CONFLICT ("id") DO NOTHING;
INSERT INTO "Lesson" ("id", "topicId", "title", "description", "duration", "type", "order") VALUES ('s1ec69688cb5b23678bbb', 'grammar-tenses-future-simple-4', E'Practice Exercises - Future with Will', E'Learn Future Simple through practice exercises', '20 min', 'quiz', 1) ON CONFLICT ("id") DO NOTHING;
INSERT INTO "Lesson" ("id", "topicId", "title", "description", "duration", "type", "order") VALUES ('s334b6d1f628b1b3fbfb4', 'grammar-tenses-future-simple-4', E'Listening Practice - Future with Will', E'Learn Future Simple through listening practice', '15 min', 'listening', 2) ON CONFLICT ("id") DO NOTHING;

-- Grammar Topic: Future with Going To (A2)
INSERT INTO "Topic" ("id", "title", "description", "level", "wordCount", "estimatedTime", "category", "subcategory", "order", "topicGroupId") VALUES ('grammar-tenses-future-simple-5', E'Future with Going To', E'Express plans and intentions with going to', 'A2', 18, 30, 'Tenses', 'Future Simple', 5, 's6f268e90667eb84ebab5') ON CONFLICT ("id") DO NOTHING;
INSERT INTO "GrammarNote" ("id", "topicId", "title", "explanation", "examples") VALUES ('s7de854d1405aed2a7f40', 'grammar-tenses-future-simple-5', E'Going To for Plans', E'Use ''be going to'' + base verb for plans and intentions.', '[{"en":"I am going to study tonight.","vi":"Tôi sẽ học tối nay."},{"en":"They are going to buy a new car.","vi":"Họ sẽ mua xe mới."}]'::jsonb) ON CONFLICT ("id") DO NOTHING;
INSERT INTO "Lesson" ("id", "topicId", "title", "description", "duration", "type", "order") VALUES ('s0965dcdb801dd02268ec', 'grammar-tenses-future-simple-5', E'Grammar Learning - Future with Going To', E'Learn Future Simple through grammar learning', '15 min', 'vocabulary', 0) ON CONFLICT ("id") DO NOTHING;
INSERT INTO "Lesson" ("id", "topicId", "title", "description", "duration", "type", "order") VALUES ('s38da52421ab004cf9d56', 'grammar-tenses-future-simple-5', E'Practice Exercises - Future with Going To', E'Learn Future Simple through practice exercises', '20 min', 'quiz', 1) ON CONFLICT ("id") DO NOTHING;
INSERT INTO "Lesson" ("id", "topicId", "title", "description", "duration", "type", "order") VALUES ('s96e59ac272fc6c0bf6ca', 'grammar-tenses-future-simple-5', E'Listening Practice - Future with Going To', E'Learn Future Simple through listening practice', '15 min', 'listening', 2) ON CONFLICT ("id") DO NOTHING;

-- Grammar Topic: Present Perfect Introduction (B1)
INSERT INTO "Topic" ("id", "title", "description", "level", "wordCount", "estimatedTime", "category", "subcategory", "order", "topicGroupId") VALUES ('grammar-tenses-present-perfect-6', E'Present Perfect Introduction', E'Connect past events to the present using present perfect', 'B1', 25, 45, 'Tenses', 'Present Perfect', 6, 's6f268e90667eb84ebab5') ON CONFLICT ("id") DO NOTHING;
INSERT INTO "GrammarNote" ("id", "topicId", "title", "explanation", "examples") VALUES ('s2163b8583d4ea8c2773c', 'grammar-tenses-present-perfect-6', E'Present Perfect for Experiences', E'Use have/has + past participle to talk about experiences.', '[{"en":"I have traveled to five countries.","vi":"Tôi đã du lịch đến năm quốc gia."},{"en":"She h Paris twice.","vi":"Cô ấy đã thăm Paris hai lần."}]'::jsonb) ON CONFLICT ("id") DO NOTHING;
INSERT INTO "Lesson" ("id", "topicId", "title", "description", "duration", "type", "order") VALUES ('s58ddb414b95b70dc9d2e', 'grammar-tenses-present-perfect-6', E'Grammar Learning - Present Perfect Introduction', E'Learn Present Perfect through grammar learning', '15 min', 'vocabulary', 0) ON CONFLICT ("id") DO NOTHING;
INSERT INTO "Lesson" ("id", "topicId", "title", "description", "duration", "type", "order") VALUES ('s6c8cc2642416bb9223dc', 'grammar-tenses-present-perfect-6', E'Practice Exercises - Present Perfect Introduction', E'Learn Present Perfect through practice exercises', '20 min', 'quiz', 1) ON CONFLICT ("id") DO NOTHING;
INSERT INTO "Lesson" ("id", "topicId", "title", "description", "duration", "type", "order") VALUES ('s411a3b30d5fe7c7321e4', 'grammar-tenses-present-perfect-6', E'Listening Practice - Present Perfect Introduction', E'Learn Present Perfect through listening practice', '15 min', 'listening', 2) ON CONFLICT ("id") DO NOTHING;

-- Grammar Topic: Present Perfect vs Past Simple (B1)
INSERT INTO "Topic" ("id", "title", "description", "level", "wordCount", "estimatedTime", "category", "subcategory", "order", "topicGroupId") VALUES ('grammar-tenses-present-perfect-7', E'Present Perfect vs Past Simple', E'Understand the difference between these two tenses', 'B1', 22, 40, 'Tenses', 'Present Perfect', 7, 's6f268e90667eb84ebab5') ON CONFLICT ("id") DO NOTHING;
INSERT INTO "GrammarNote" ("id", "topicId", "title", "explanation", "examples") VALUES ('s0d3d4ab092c511c5259b', 'grammar-tenses-present-perfect-7', E'Key Differences', E'Present Perfect: unspecified time, still relevant. Past Simple: specific time, completed.', '[{"en":"I have been to Japan. (experience, unspecified)","vi":"Tôi đã đến Nhật. (trải nghiệm, không xác định thời gian)"},{"en":"I went to Japan last year. (specific time)","vi":"Tôi đã đến Nhật năm ngoái. (thời gian cụ thể)"}]'::jsonb) ON CONFLICT ("id") DO NOTHING;
INSERT INTO "Lesson" ("id", "topicId", "title", "description", "duration", "type", "order") VALUES ('sf8b23ddb58865aaa32b1', 'grammar-tenses-present-perfect-7', E'Grammar Learning - Present Perfect vs Past Simple', E'Learn Present Perfect through grammar learning', '15 min', 'vocabulary', 0) ON CONFLICT ("id") DO NOTHING;
INSERT INTO "Lesson" ("id", "topicId", "title", "description", "duration", "type", "order") VALUES ('s9f88921888df7316ceb2', 'grammar-tenses-present-perfect-7', E'Practice Exercises - Present Perfect vs Past Simple', E'Learn Present Perfect through practice exercises', '20 min', 'quiz', 1) ON CONFLICT ("id") DO NOTHING;
INSERT INTO "Lesson" ("id", "topicId", "title", "description", "duration", "type", "order") VALUES ('s133c72148d0cde23a59e', 'grammar-tenses-present-perfect-7', E'Listening Practice - Present Perfect vs Past Simple', E'Learn Present Perfect through listening practice', '15 min', 'listening', 2) ON CONFLICT ("id") DO NOTHING;

-- Grammar Topic: Can for Ability (A1)
INSERT INTO "Topic" ("id", "title", "description", "level", "wordCount", "estimatedTime", "category", "subcategory", "order", "topicGroupId") VALUES ('grammar-modals-can-could-8', E'Can for Ability', E'Use can to express ability and possibility', 'A1', 15, 25, 'Modals', 'Can/Could', 8, 's49b56691ecb2de65a4d9') ON CONFLICT ("id") DO NOTHING;
INSERT INTO "GrammarNote" ("id", "topicId", "title", "explanation", "examples") VALUES ('sba1935efadb3da5c22fd', 'grammar-modals-can-could-8', E'Can for Ability', E'Use ''can'' + base verb to express ability.', '[{"en":"I can swim.","vi":"Tôi có thể bơi."},{"en":"She can speak three languages.","vi":"Cô ấy có thể nói ba ngôn ngữ."}]'::jsonb) ON CONFLICT ("id") DO NOTHING;
INSERT INTO "Lesson" ("id", "topicId", "title", "description", "duration", "type", "order") VALUES ('s705eeb9a187e9e08cb06', 'grammar-modals-can-could-8', E'Grammar Learning - Can for Ability', E'Learn Can/Could through grammar learning', '15 min', 'vocabulary', 0) ON CONFLICT ("id") DO NOTHING;
INSERT INTO "Lesson" ("id", "topicId", "title", "description", "duration", "type", "order") VALUES ('s42e17170fa892e85f165', 'grammar-modals-can-could-8', E'Practice Exercises - Can for Ability', E'Learn Can/Could through practice exercises', '20 min', 'quiz', 1) ON CONFLICT ("id") DO NOTHING;
INSERT INTO "Lesson" ("id", "topicId", "title", "description", "duration", "type", "order") VALUES ('s1f5786e7eb6eb77afb8c', 'grammar-modals-can-could-8', E'Listening Practice - Can for Ability', E'Learn Can/Could through listening practice', '15 min', 'listening', 2) ON CONFLICT ("id") DO NOTHING;

-- Grammar Topic: Could for Past & Polite Requests (A2)
INSERT INTO "Topic" ("id", "title", "description", "level", "wordCount", "estimatedTime", "category", "subcategory", "order", "topicGroupId") VALUES ('grammar-modals-can-could-9', E'Could for Past & Polite Requests', E'Master could in different contexts', 'A2', 18, 30, 'Modals', 'Can/Could', 9, 's49b56691ecb2de65a4d9') ON CONFLICT ("id") DO NOTHING;
INSERT INTO "GrammarNote" ("id", "topicId", "title", "explanation", "examples") VALUES ('saeb886d74933f7d2685b', 'grammar-modals-can-could-9', E'Could for Past Ability', E'Use ''could'' for past ability or polite requests.', '[{"en":"I could run fast when I w.","vi":"Tôi có thể chạy nhanh khi còn trẻ."},{"en":"Could you help me, please?","vi":"Bạn có thể giúp tôi được không?"}]'::jsonb) ON CONFLICT ("id") DO NOTHING;
INSERT INTO "Lesson" ("id", "topicId", "title", "description", "duration", "type", "order") VALUES ('seb88f8f36cc9d871975a', 'grammar-modals-can-could-9', E'Grammar Learning - Could for Past & Polite Requests', E'Learn Can/Could through grammar learning', '15 min', 'vocabulary', 0) ON CONFLICT ("id") DO NOTHING;
INSERT INTO "Lesson" ("id", "topicId", "title", "description", "duration", "type", "order") VALUES ('s20c91be415082bba61b2', 'grammar-modals-can-could-9', E'Practice Exercises - Could for Past & Polite Requests', E'Learn Can/Could through practice exercises', '20 min', 'quiz', 1) ON CONFLICT ("id") DO NOTHING;
INSERT INTO "Lesson" ("id", "topicId", "title", "description", "duration", "type", "order") VALUES ('s83677304ce45290df0cd', 'grammar-modals-can-could-9', E'Listening Practice - Could for Past & Polite Requests', E'Learn Can/Could through listening practice', '15 min', 'listening', 2) ON CONFLICT ("id") DO NOTHING;

-- Grammar Topic: Must for Obligation (B1)
INSERT INTO "Topic" ("id", "title", "description", "level", "wordCount", "estimatedTime", "category", "subcategory", "order", "topicGroupId") VALUES ('grammar-modals-must-have-to-10', E'Must for Obligation', E'Express strong obligation with must', 'B1', 20, 35, 'Modals', 'Must/Have to', 10, 's49b56691ecb2de65a4d9') ON CONFLICT ("id") DO NOTHING;
INSERT INTO "GrammarNote" ("id", "topicId", "title", "explanation", "examples") VALUES ('se0b9608c55b8cbd189cb', 'grammar-modals-must-have-to-10', E'Must vs Have to', E'Must: personal/internal obligation. Have to: external rules/requirements.', '[{"en":"I must finish this project. (personal)","vi":"Tôi phải hoàn thành dự án này. (cá nhân)"},{"en":"You have to wear a uniform. (rule)","vi":"Bạn phải mặc đồng phục. (quy định)"}]'::jsonb) ON CONFLICT ("id") DO NOTHING;
INSERT INTO "Lesson" ("id", "topicId", "title", "description", "duration", "type", "order") VALUES ('sdc04c5afdaf958862ca5', 'grammar-modals-must-have-to-10', E'Grammar Learning - Must for Obligation', E'Learn Must/Have to through grammar learning', '15 min', 'vocabulary', 0) ON CONFLICT ("id") DO NOTHING;
INSERT INTO "Lesson" ("id", "topicId", "title", "description", "duration", "type", "order") VALUES ('s468cd7a276d11f47aed2', 'grammar-modals-must-have-to-10', E'Practice Exercises - Must for Obligation', E'Learn Must/Have to through practice exercises', '20 min', 'quiz', 1) ON CONFLICT ("id") DO NOTHING;
INSERT INTO "Lesson" ("id", "topicId", "title", "description", "duration", "type", "order") VALUES ('s6fd8e007020781168206', 'grammar-modals-must-have-to-10', E'Listening Practice - Must for Obligation', E'Learn Must/Have to through listening practice', '15 min', 'listening', 2) ON CONFLICT ("id") DO NOTHING;

-- Grammar Topic: First Conditional (B1)
INSERT INTO "Topic" ("id", "title", "description", "level", "wordCount", "estimatedTime", "category", "subcategory", "order", "topicGroupId") VALUES ('grammar-conditionals-first-conditional-11', E'First Conditional', E'Real possibilities with if-clauses', 'B1', 22, 45, 'Conditionals', 'First Conditional', 11, 'sd27c671d8b8c6f3d8a9b') ON CONFLICT ("id") DO NOTHING;
INSERT INTO "GrammarNote" ("id", "topicId", "title", "explanation", "examples") VALUES ('sc1e6cefa5a6e1495a683', 'grammar-conditionals-first-conditional-11', E'First Conditional Structure', E'If + present simple, will + base verb. For real possibilities.', '[{"en":"If you book early, you will get a discount.","vi":"Nếu bạn đặt sớm, bạn sẽ được giảm giá."},{"en":"If the weather is good, we will go hiking.","vi":"Nếu thời tiết tốt, chúng ta sẽ đi bộ đường dài."}]'::jsonb) ON CONFLICT ("id") DO NOTHING;
INSERT INTO "Lesson" ("id", "topicId", "title", "description", "duration", "type", "order") VALUES ('sf4762ba9c54597bb81ff', 'grammar-conditionals-first-conditional-11', E'Grammar Learning - First Conditional', E'Learn First Conditional through grammar learning', '15 min', 'vocabulary', 0) ON CONFLICT ("id") DO NOTHING;
INSERT INTO "Lesson" ("id", "topicId", "title", "description", "duration", "type", "order") VALUES ('s72b062e79270335bc92d', 'grammar-conditionals-first-conditional-11', E'Practice Exercises - First Conditional', E'Learn First Conditional through practice exercises', '20 min', 'quiz', 1) ON CONFLICT ("id") DO NOTHING;
INSERT INTO "Lesson" ("id", "topicId", "title", "description", "duration", "type", "order") VALUES ('s33404ed19482dec3b61a', 'grammar-conditionals-first-conditional-11', E'Listening Practice - First Conditional', E'Learn First Conditional through listening practice', '15 min', 'listening', 2) ON CONFLICT ("id") DO NOTHING;

-- Grammar Topic: Second Conditional (B2)
INSERT INTO "Topic" ("id", "title", "description", "level", "wordCount", "estimatedTime", "category", "subcategory", "order", "topicGroupId") VALUES ('grammar-conditionals-second-conditional-12', E'Second Conditional', E'Hypothetical situations and imaginary conditions', 'B2', 25, 55, 'Conditionals', 'Second Conditional', 12, 'sd27c671d8b8c6f3d8a9b') ON CONFLICT ("id") DO NOTHING;
INSERT INTO "GrammarNote" ("id", "topicId", "title", "explanation", "examples") VALUES ('sd627821df3c761756a81', 'grammar-conditionals-second-conditional-12', E'Second Conditional Structure', E'If + past simple, would + base verb. For unreal/hypothetical situations.', '[{"en":"If I won the lottery, I would travel the world.","vi":"Nếu tôi trúng số, tôi sẽ đi du lịch vòng quanh thế giới."},{"en":"If I were you, I would accept the offer.","vi":"Nếu tôi là bạn, tôi sẽ chấp nhận đề nghị."}]'::jsonb) ON CONFLICT ("id") DO NOTHING;
INSERT INTO "Lesson" ("id", "topicId", "title", "description", "duration", "type", "order") VALUES ('s273873b64422211e49ea', 'grammar-conditionals-second-conditional-12', E'Grammar Learning - Second Conditional', E'Learn Second Conditional through grammar learning', '15 min', 'vocabulary', 0) ON CONFLICT ("id") DO NOTHING;
INSERT INTO "Lesson" ("id", "topicId", "title", "description", "duration", "type", "order") VALUES ('sea0de36e318d5afdc14e', 'grammar-conditionals-second-conditional-12', E'Practice Exercises - Second Conditional', E'Learn Second Conditional through practice exercises', '20 min', 'quiz', 1) ON CONFLICT ("id") DO NOTHING;
INSERT INTO "Lesson" ("id", "topicId", "title", "description", "duration", "type", "order") VALUES ('sffaf2708bdf639f2bea6', 'grammar-conditionals-second-conditional-12', E'Listening Practice - Second Conditional', E'Learn Second Conditional through listening practice', '15 min', 'listening', 2) ON CONFLICT ("id") DO NOTHING;

-- Grammar Topic: Subject-Verb-Object (A1)
INSERT INTO "Topic" ("id", "title", "description", "level", "wordCount", "estimatedTime", "category", "subcategory", "order", "topicGroupId") VALUES ('grammar-sentence-structure-basic-sentences-13', E'Subject-Verb-Object', E'Learn the basic sentence structure in English', 'A1', 12, 20, 'Sentence Structure', 'Basic Sentences', 13, 's1930e9aafdc23305a42b') ON CONFLICT ("id") DO NOTHING;
INSERT INTO "GrammarNote" ("id", "topicId", "title", "explanation", "examples") VALUES ('s71677a07c1c04c41b251', 'grammar-sentence-structure-basic-sentences-13', E'Basic SVO Structure', E'English follows Subject + Verb + Object order.', '[{"en":"I (S) eat (V) breakfast (O).","vi":"Tôi (S) ăn (V) bữa sáng (O)."},{"en":"She (S) plays (V) piano (O).","vi":"Cô ấy (S) chơi (V) piano (O)."}]'::jsonb) ON CONFLICT ("id") DO NOTHING;
INSERT INTO "Lesson" ("id", "topicId", "title", "description", "duration", "type", "order") VALUES ('s6cd4a3bf5901d41c6edf', 'grammar-sentence-structure-basic-sentences-13', E'Grammar Learning - Subject-Verb-Object', E'Learn Basic Sentences through grammar learning', '15 min', 'vocabulary', 0) ON CONFLICT ("id") DO NOTHING;
INSERT INTO "Lesson" ("id", "topicId", "title", "description", "duration", "type", "order") VALUES ('s254c1d012ef3618cf298', 'grammar-sentence-structure-basic-sentences-13', E'Practice Exercises - Subject-Verb-Object', E'Learn Basic Sentences through practice exercises', '20 min', 'quiz', 1) ON CONFLICT ("id") DO NOTHING;
INSERT INTO "Lesson" ("id", "topicId", "title", "description", "duration", "type", "order") VALUES ('sc2aaf2c88a04f9335b37', 'grammar-sentence-structure-basic-sentences-13', E'Listening Practice - Subject-Verb-Object', E'Learn Basic Sentences through listening practice', '15 min', 'listening', 2) ON CONFLICT ("id") DO NOTHING;

-- Grammar Topic: A vs An (A1)
INSERT INTO "Topic" ("id", "title", "description", "level", "wordCount", "estimatedTime", "category", "subcategory", "order", "topicGroupId") VALUES ('grammar-articles-a-an-14', E'A vs An', E'Master when to use a and an', 'A1', 10, 15, 'Articles', 'A/An', 14, 's536d0de3b043775ec23e') ON CONFLICT ("id") DO NOTHING;
INSERT INTO "GrammarNote" ("id", "topicId", "title", "explanation", "examples") VALUES ('scede841ffcce1c322fa1', 'grammar-articles-a-an-14', E'A vs An Usage', E'Use ''a'' before consonant sounds, ''an'' before vowel sounds.', '[{"en":"a book, a university (starts with ''yu'' sound)","vi":"một cuốn sách, một trường đại học"},{"en":"an apple, an hour (h is silent)","vi":"một quả táo, một giờ"}]'::jsonb) ON CONFLICT ("id") DO NOTHING;
INSERT INTO "Lesson" ("id", "topicId", "title", "description", "duration", "type", "order") VALUES ('s09e8f3bd5f7a6e23ad46', 'grammar-articles-a-an-14', E'Grammar Learning - A vs An', E'Learn A/An through grammar learning', '15 min', 'vocabulary', 0) ON CONFLICT ("id") DO NOTHING;
INSERT INTO "Lesson" ("id", "topicId", "title", "description", "duration", "type", "order") VALUES ('s4f400479b9df88856639', 'grammar-articles-a-an-14', E'Practice Exercises - A vs An', E'Learn A/An through practice exercises', '20 min', 'quiz', 1) ON CONFLICT ("id") DO NOTHING;
INSERT INTO "Lesson" ("id", "topicId", "title", "description", "duration", "type", "order") VALUES ('s6d50ba3c51df2adc5912', 'grammar-articles-a-an-14', E'Listening Practice - A vs An', E'Learn A/An through listening practice', '15 min', 'listening', 2) ON CONFLICT ("id") DO NOTHING;

-- Grammar Topic: The Definite Article (A2)
INSERT INTO "Topic" ("id", "title", "description", "level", "wordCount", "estimatedTime", "category", "subcategory", "order", "topicGroupId") VALUES ('grammar-articles-the-15', E'The Definite Article', E'Learn when to use ''the''', 'A2', 15, 25, 'Articles', 'The', 15, 's536d0de3b043775ec23e') ON CONFLICT ("id") DO NOTHING;
INSERT INTO "GrammarNote" ("id", "topicId", "title", "explanation", "examples") VALUES ('sa2442e002ad12edb2023', 'grammar-articles-the-15', E'When to Use ''The''', E'Use ''the'' for specific/known things, unique items, superlatives.', '[{"en":"The book on the table is mine.","vi":"Cuốn sách trên bàn là của tôi."},{"en":"The sun is bright today.","vi":"Mặt trời hôm nay sáng."}]'::jsonb) ON CONFLICT ("id") DO NOTHING;
INSERT INTO "Lesson" ("id", "topicId", "title", "description", "duration", "type", "order") VALUES ('sa44a55713860c44de332', 'grammar-articles-the-15', E'Grammar Learning - The Definite Article', E'Learn The through grammar learning', '15 min', 'vocabulary', 0) ON CONFLICT ("id") DO NOTHING;
INSERT INTO "Lesson" ("id", "topicId", "title", "description", "duration", "type", "order") VALUES ('s7f650f3c4b96a3c87ff1', 'grammar-articles-the-15', E'Practice Exercises - The Definite Article', E'Learn The through practice exercises', '20 min', 'quiz', 1) ON CONFLICT ("id") DO NOTHING;
INSERT INTO "Lesson" ("id", "topicId", "title", "description", "duration", "type", "order") VALUES ('scbf09636538638f95517', 'grammar-articles-the-15', E'Listening Practice - The Definite Article', E'Learn The through listening practice', '15 min', 'listening', 2) ON CONFLICT ("id") DO NOTHING;

-- Grammar Topic: Prepositions of Time (A1)
INSERT INTO "Topic" ("id", "title", "description", "level", "wordCount", "estimatedTime", "category", "subcategory", "order", "topicGroupId") VALUES ('grammar-prepositions-time-prepositions-16', E'Prepositions of Time', E'In, on, at for time expressions', 'A1', 15, 25, 'Prepositions', 'Time Prepositions', 16, 's042f530436be6fc93a3b') ON CONFLICT ("id") DO NOTHING;
INSERT INTO "GrammarNote" ("id", "topicId", "title", "explanation", "examples") VALUES ('s815b10e332c472d93d2a', 'grammar-prepositions-time-prepositions-16', E'In, On, At for Time', E'In: months, years, seasons. On: days, dates. At: specific times.', '[{"en":"in January, in 2024, in summer","vi":"vào tháng 1, năm 2024, mùa hè"},{"en":"on Monday, on December 25th","vi":"vào thứ Hai, ngày 25 tháng 12"},{"en":"at 3 PM, at noon, at midnight","vi":"lúc 3 giờ chiều, buổi trưa, nửa đêm"}]'::jsonb) ON CONFLICT ("id") DO NOTHING;
INSERT INTO "Lesson" ("id", "topicId", "title", "description", "duration", "type", "order") VALUES ('s81f61ddcd69caf89f480', 'grammar-prepositions-time-prepositions-16', E'Grammar Learning - Prepositions of Time', E'Learn Time Prepositions through grammar learning', '15 min', 'vocabulary', 0) ON CONFLICT ("id") DO NOTHING;
INSERT INTO "Lesson" ("id", "topicId", "title", "description", "duration", "type", "order") VALUES ('scb5640f430904dfeffbd', 'grammar-prepositions-time-prepositions-16', E'Practice Exercises - Prepositions of Time', E'Learn Time Prepositions through practice exercises', '20 min', 'quiz', 1) ON CONFLICT ("id") DO NOTHING;
INSERT INTO "Lesson" ("id", "topicId", "title", "description", "duration", "type", "order") VALUES ('s5ec8d4425f9e2559bc95', 'grammar-prepositions-time-prepositions-16', E'Listening Practice - Prepositions of Time', E'Learn Time Prepositions through listening practice', '15 min', 'listening', 2) ON CONFLICT ("id") DO NOTHING;

-- Grammar Topic: Prepositions of Place (A2)
INSERT INTO "Topic" ("id", "title", "description", "level", "wordCount", "estimatedTime", "category", "subcategory", "order", "topicGroupId") VALUES ('grammar-prepositions-place-prepositions-17', E'Prepositions of Place', E'In, on, at for locations', 'A2', 18, 30, 'Prepositions', 'Place Prepositions', 17, 's042f530436be6fc93a3b') ON CONFLICT ("id") DO NOTHING;
INSERT INTO "GrammarNote" ("id", "topicId", "title", "explanation", "examples") VALUES ('sa1c31c94723f50825dbc', 'grammar-prepositions-place-prepositions-17', E'In, On, At for Place', E'In: enclosed spaces, cities, countries. On: surfaces. At: specific points.', '[{"en":"in the room, in London, in Vietnam","vi":"trong phòng, ở London, ở Việt Nam"},{"en":"on the table, on the wall","vi":"trên bàn, trên tường"},{"en":"at the bus stop, at home","vi":"ở trạm xe buýt, ở nhà"}]'::jsonb) ON CONFLICT ("id") DO NOTHING;
INSERT INTO "Lesson" ("id", "topicId", "title", "description", "duration", "type", "order") VALUES ('sebba3b6d5e70e24378b9', 'grammar-prepositions-place-prepositions-17', E'Grammar Learning - Prepositions of Place', E'Learn Place Prepositions through grammar learning', '15 min', 'vocabulary', 0) ON CONFLICT ("id") DO NOTHING;
INSERT INTO "Lesson" ("id", "topicId", "title", "description", "duration", "type", "order") VALUES ('s75e6585eefa901420bce', 'grammar-prepositions-place-prepositions-17', E'Practice Exercises - Prepositions of Place', E'Learn Place Prepositions through practice exercises', '20 min', 'quiz', 1) ON CONFLICT ("id") DO NOTHING;
INSERT INTO "Lesson" ("id", "topicId", "title", "description", "duration", "type", "order") VALUES ('sf17d1504ff3a800afc02', 'grammar-prepositions-place-prepositions-17', E'Listening Practice - Prepositions of Place', E'Learn Place Prepositions through listening practice', '15 min', 'listening', 2) ON CONFLICT ("id") DO NOTHING;

-- Grammar Topic: Present Passive Voice (B1)
INSERT INTO "Topic" ("id", "title", "description", "level", "wordCount", "estimatedTime", "category", "subcategory", "order", "topicGroupId") VALUES ('grammar-passive-voice-present-passive-18', E'Present Passive Voice', E'Learn how to form passive sentences in present tense', 'B1', 22, 40, 'Passive Voice', 'Present Passive', 18, 'sc7f2f322e7d2c96f2803') ON CONFLICT ("id") DO NOTHING;
INSERT INTO "GrammarNote" ("id", "topicId", "title", "explanation", "examples") VALUES ('sa276cdf269c430163100', 'grammar-passive-voice-present-passive-18', E'Present Passive Structure', E'Form: am/is/are + past participle. Focus on the action, not the doer.', '[{"en":"English is spoken worldwide.","vi":"Tiếng Anh được nói trên toàn thế giới."},{"en":"The letters are delivered every morning.","vi":"Thư được giao mỗi sáng."},{"en":"This car is made in Germany.","vi":"Chiếc xe này được sản xuất tại Đức."}]'::jsonb) ON CONFLICT ("id") DO NOTHING;
INSERT INTO "GrammarNote" ("id", "topicId", "title", "explanation", "examples") VALUES ('s910fa668b5e797a7155c', 'grammar-passive-voice-present-passive-18', E'When to Use Present Passive', E'Use when: the doer is unknown, unimportant, or obvious from context.', '[{"en":"Rice is grown in Vietnam. (focus on rice)","vi":"Lúa được trồng ở Việt Nam. (tập trung vào lúa)"},{"en":"The museum is visited by thousands daily.","vi":"Bảo tàng được hàng nghìn người thăm mỗi ngày."}]'::jsonb) ON CONFLICT ("id") DO NOTHING;
INSERT INTO "Lesson" ("id", "topicId", "title", "description", "duration", "type", "order") VALUES ('s38a0c7b260e273c795c2', 'grammar-passive-voice-present-passive-18', E'Grammar Learning - Present Passive Voice', E'Learn Present Passive through grammar learning', '15 min', 'vocabulary', 0) ON CONFLICT ("id") DO NOTHING;
INSERT INTO "Lesson" ("id", "topicId", "title", "description", "duration", "type", "order") VALUES ('s9611dc0cfe9c1cbb8d0b', 'grammar-passive-voice-present-passive-18', E'Practice Exercises - Present Passive Voice', E'Learn Present Passive through practice exercises', '20 min', 'quiz', 1) ON CONFLICT ("id") DO NOTHING;
INSERT INTO "Lesson" ("id", "topicId", "title", "description", "duration", "type", "order") VALUES ('se741da6bb1890bfb7370', 'grammar-passive-voice-present-passive-18', E'Listening Practice - Present Passive Voice', E'Learn Present Passive through listening practice', '15 min', 'listening', 2) ON CONFLICT ("id") DO NOTHING;

-- Grammar Topic: Past Passive Voice (B1)
INSERT INTO "Topic" ("id", "title", "description", "level", "wordCount", "estimatedTime", "category", "subcategory", "order", "topicGroupId") VALUES ('grammar-passive-voice-past-passive-19', E'Past Passive Voice', E'Master passive sentences in past tense', 'B1', 24, 45, 'Passive Voice', 'Past Passive', 19, 'sc7f2f322e7d2c96f2803') ON CONFLICT ("id") DO NOTHING;
INSERT INTO "GrammarNote" ("id", "topicId", "title", "explanation", "examples") VALUES ('sb5c3fb2921cccc283216', 'grammar-passive-voice-past-passive-19', E'Past Passive Structure', E'Form: was/were + past participle. Describes completed actions.', '[{"en":"The Eiffel Tower w in 1889.","vi":"Tháp Eiffel được xây dựng vào năm 1889."},{"en":"The letters were sent yesterday.","vi":"Những lá thư đã được gửi hôm qua."},{"en":"The window w by the storm.","vi":"Cửa sổ đã bị vỡ do bão."}]'::jsonb) ON CONFLICT ("id") DO NOTHING;
INSERT INTO "GrammarNote" ("id", "topicId", "title", "explanation", "examples") VALUES ('s45fe96cf6454601debd3', 'grammar-passive-voice-past-passive-19', E'Active to Passive Conversion', E'Move the object to subject position. Change verb to was/were + past participle.', '[{"en":"Active: Shakespeare wrote Hamlet. → Passive: Hamlet w by Shakespeare.","vi":"Chủ động: Shakespeare viết Hamlet. → Bị động: Hamlet được viết bởi Shakespeare."}]'::jsonb) ON CONFLICT ("id") DO NOTHING;
INSERT INTO "Lesson" ("id", "topicId", "title", "description", "duration", "type", "order") VALUES ('s303d260dc6ecd84d0d7a', 'grammar-passive-voice-past-passive-19', E'Grammar Learning - Past Passive Voice', E'Learn Past Passive through grammar learning', '15 min', 'vocabulary', 0) ON CONFLICT ("id") DO NOTHING;
INSERT INTO "Lesson" ("id", "topicId", "title", "description", "duration", "type", "order") VALUES ('s74e7e409fa2549db0cec', 'grammar-passive-voice-past-passive-19', E'Practice Exercises - Past Passive Voice', E'Learn Past Passive through practice exercises', '20 min', 'quiz', 1) ON CONFLICT ("id") DO NOTHING;
INSERT INTO "Lesson" ("id", "topicId", "title", "description", "duration", "type", "order") VALUES ('s90bb266f3f55ad49225e', 'grammar-passive-voice-past-passive-19', E'Listening Practice - Past Passive Voice', E'Learn Past Passive through listening practice', '15 min', 'listening', 2) ON CONFLICT ("id") DO NOTHING;

-- Grammar Topic: Future Passive Voice (B2)
INSERT INTO "Topic" ("id", "title", "description", "level", "wordCount", "estimatedTime", "category", "subcategory", "order", "topicGroupId") VALUES ('grammar-passive-voice-future-passive-20', E'Future Passive Voice', E'Express future events in passive form', 'B2', 20, 40, 'Passive Voice', 'Future Passive', 20, 'sc7f2f322e7d2c96f2803') ON CONFLICT ("id") DO NOTHING;
INSERT INTO "GrammarNote" ("id", "topicId", "title", "explanation", "examples") VALUES ('s0ebdbad6f000513cd1fe', 'grammar-passive-voice-future-passive-20', E'Future Passive Structure', E'Form: will be + past participle. For future events focusing on the action.', '[{"en":"The project will be completed next month.","vi":"Dự án sẽ được hoàn thành vào tháng tới."},{"en":"The results will be announced tomorrow.","vi":"Kết quả sẽ được công bố ngày mai."},{"en":"A new bridge will be built here.","vi":"Một cây cầu mới sẽ được xây ở đây."}]'::jsonb) ON CONFLICT ("id") DO NOTHING;
INSERT INTO "Lesson" ("id", "topicId", "title", "description", "duration", "type", "order") VALUES ('s2d5aba46d5cfb9ccf0ae', 'grammar-passive-voice-future-passive-20', E'Grammar Learning - Future Passive Voice', E'Learn Future Passive through grammar learning', '15 min', 'vocabulary', 0) ON CONFLICT ("id") DO NOTHING;
INSERT INTO "Lesson" ("id", "topicId", "title", "description", "duration", "type", "order") VALUES ('s38e270a5df664b1af8c9', 'grammar-passive-voice-future-passive-20', E'Practice Exercises - Future Passive Voice', E'Learn Future Passive through practice exercises', '20 min', 'quiz', 1) ON CONFLICT ("id") DO NOTHING;
INSERT INTO "Lesson" ("id", "topicId", "title", "description", "duration", "type", "order") VALUES ('s31dc254e124fe7ce09e2', 'grammar-passive-voice-future-passive-20', E'Listening Practice - Future Passive Voice', E'Learn Future Passive through listening practice', '15 min', 'listening', 2) ON CONFLICT ("id") DO NOTHING;

-- Grammar Topic: Modal Passive Voice (B2)
INSERT INTO "Topic" ("id", "title", "description", "level", "wordCount", "estimatedTime", "category", "subcategory", "order", "topicGroupId") VALUES ('grammar-passive-voice-modal-passive-21', E'Modal Passive Voice', E'Combine modal verbs with passive voice', 'B2', 25, 50, 'Passive Voice', 'Modal Passive', 21, 'sc7f2f322e7d2c96f2803') ON CONFLICT ("id") DO NOTHING;
INSERT INTO "GrammarNote" ("id", "topicId", "title", "explanation", "examples") VALUES ('s4bae92e5047889c76382', 'grammar-passive-voice-modal-passive-21', E'Modal Passive Structure', E'Form: modal (can/must/should/may) + be + past participle.', '[{"en":"This task can be done easily.","vi":"Nhiệm vụ này có thể được thực hiện dễ dàng."},{"en":"The report must be submitted by Friday.","vi":"Báo cáo phải được nộp trước thứ Sáu."},{"en":"Mistakes should be corrected immediately.","vi":"Lỗi nên được sửa ngay lập tức."}]'::jsonb) ON CONFLICT ("id") DO NOTHING;
INSERT INTO "GrammarNote" ("id", "topicId", "title", "explanation", "examples") VALUES ('s3330a4e0f68362e34dfc', 'grammar-passive-voice-modal-passive-21', E'Common Modal Passives', E'Can be done, must be finished, should be checked, might be delayed, h be approved.', '[{"en":"The order may be delayed due to weather.","vi":"Đơn hàng có thể bị trì hoãn do thời tiết."},{"en":"This form h be signed by a manager.","vi":"Mẫu này phải được ký bởi quản lý."}]'::jsonb) ON CONFLICT ("id") DO NOTHING;
INSERT INTO "Lesson" ("id", "topicId", "title", "description", "duration", "type", "order") VALUES ('s36e4f0c2037e1ed81f6e', 'grammar-passive-voice-modal-passive-21', E'Grammar Learning - Modal Passive Voice', E'Learn Modal Passive through grammar learning', '15 min', 'vocabulary', 0) ON CONFLICT ("id") DO NOTHING;
INSERT INTO "Lesson" ("id", "topicId", "title", "description", "duration", "type", "order") VALUES ('sbcfedc68514affe7d667', 'grammar-passive-voice-modal-passive-21', E'Practice Exercises - Modal Passive Voice', E'Learn Modal Passive through practice exercises', '20 min', 'quiz', 1) ON CONFLICT ("id") DO NOTHING;
INSERT INTO "Lesson" ("id", "topicId", "title", "description", "duration", "type", "order") VALUES ('sc6db0113917ab836199a', 'grammar-passive-voice-modal-passive-21', E'Listening Practice - Modal Passive Voice', E'Learn Modal Passive through listening practice', '15 min', 'listening', 2) ON CONFLICT ("id") DO NOTHING;

-- Grammar Topic: Reported Speech: Statements (B1)
INSERT INTO "Topic" ("id", "title", "description", "level", "wordCount", "estimatedTime", "category", "subcategory", "order", "topicGroupId") VALUES ('grammar-reported-speech-statements-22', E'Reported Speech: Statements', E'Learn how to report what someone said', 'B1', 25, 45, 'Reported Speech', 'Statements', 22, 's5d1e2a42b9e37c70108f') ON CONFLICT ("id") DO NOTHING;
INSERT INTO "GrammarNote" ("id", "topicId", "title", "explanation", "examples") VALUES ('s2812e5a38ac2c0da7c02', 'grammar-reported-speech-statements-22', E'Basic Reported Statements', E'Change pronouns and shift tense back. Use ''said (that)'' or ''told''.', '[{"en":"Direct: \"I am tired.\" → Reported: She said (that) she w.","vi":"Trực tiếp: \"Tôi mệt.\" → Gián tiếp: Cô ấy nói rằng cô ấy mệt."},{"en":"Direct: \"I will help you.\" → Reported: He said he would help me.","vi":"Trực tiếp: \"Tôi sẽ giúp bạn.\" → Gián tiếp: Anh ấy nói anh ấy sẽ giúp tôi."}]'::jsonb) ON CONFLICT ("id") DO NOTHING;
INSERT INTO "GrammarNote" ("id", "topicId", "title", "explanation", "examples") VALUES ('s3c4dac6bc69109e92d8c', 'grammar-reported-speech-statements-22', E'Tense Shifts in Reported Speech', E'Present → Past, Will → Would, Can → Could, Present Perfect → Past Perfect', '[{"en":"\"I work here\" → He said he worked there.","vi":"\"Tôi làm việc ở đây\" → Anh ấy nói anh ấy làm việc ở đó."},{"en":"\"I have finished\" → She said she had finished.","vi":"\"Tôi đã hoàn thành\" → Cô ấy nói cô ấy đã hoàn thành."}]'::jsonb) ON CONFLICT ("id") DO NOTHING;
INSERT INTO "Lesson" ("id", "topicId", "title", "description", "duration", "type", "order") VALUES ('safb99d417bab1a012f5f', 'grammar-reported-speech-statements-22', E'Grammar Learning - Reported Speech: Statements', E'Learn Statements through grammar learning', '15 min', 'vocabulary', 0) ON CONFLICT ("id") DO NOTHING;
INSERT INTO "Lesson" ("id", "topicId", "title", "description", "duration", "type", "order") VALUES ('sc72ecf94853a94fa766e', 'grammar-reported-speech-statements-22', E'Practice Exercises - Reported Speech: Statements', E'Learn Statements through practice exercises', '20 min', 'quiz', 1) ON CONFLICT ("id") DO NOTHING;
INSERT INTO "Lesson" ("id", "topicId", "title", "description", "duration", "type", "order") VALUES ('s874293a62a3fc74c31ea', 'grammar-reported-speech-statements-22', E'Listening Practice - Reported Speech: Statements', E'Learn Statements through listening practice', '15 min', 'listening', 2) ON CONFLICT ("id") DO NOTHING;

-- Grammar Topic: Reported Speech: Questions (B1)
INSERT INTO "Topic" ("id", "title", "description", "level", "wordCount", "estimatedTime", "category", "subcategory", "order", "topicGroupId") VALUES ('grammar-reported-speech-questions-23', E'Reported Speech: Questions', E'Report questions using reported speech', 'B1', 22, 40, 'Reported Speech', 'Questions', 23, 's5d1e2a42b9e37c70108f') ON CONFLICT ("id") DO NOTHING;
INSERT INTO "GrammarNote" ("id", "topicId", "title", "explanation", "examples") VALUES ('s40b9f4e9764642498c2a', 'grammar-reported-speech-questions-23', E'Reporting Yes/No Questions', E'Use ''asked if/whether'' + statement word order (no question mark).', '[{"en":"Direct: \"Are you coming?\" → Reported: She asked if I w.","vi":"Trực tiếp: \"Bạn có đến không?\" → Gián tiếp: Cô ấy hỏi liệu tôi có đến không."},{"en":"Direct: \"Do you like coffee?\" → Reported: He asked whether I liked coffee.","vi":"Trực tiếp: \"Bạn có thích cà phê không?\" → Gián tiếp: Anh ấy hỏi liệu tôi có thích cà phê không."}]'::jsonb) ON CONFLICT ("id") DO NOTHING;
INSERT INTO "GrammarNote" ("id", "topicId", "title", "explanation", "examples") VALUES ('se97aac6abc9cd4d9d639', 'grammar-reported-speech-questions-23', E'Reporting Wh-Questions', E'Use ''asked'' + question word + statement word order.', '[{"en":"Direct: \"Where do you live?\" → Reported: She asked where I lived.","vi":"Trực tiếp: \"Bạn sống ở đâu?\" → Gián tiếp: Cô ấy hỏi tôi sống ở đâu."},{"en":"Direct: \"What time is it?\" → Reported: He asked what time it was.","vi":"Trực tiếp: \"Mấy giờ rồi?\" → Gián tiếp: Anh ấy hỏi mấy giờ rồi."}]'::jsonb) ON CONFLICT ("id") DO NOTHING;
INSERT INTO "Lesson" ("id", "topicId", "title", "description", "duration", "type", "order") VALUES ('s6b7899cdd3bc9b4cead6', 'grammar-reported-speech-questions-23', E'Grammar Learning - Reported Speech: Questions', E'Learn Questions through grammar learning', '15 min', 'vocabulary', 0) ON CONFLICT ("id") DO NOTHING;
INSERT INTO "Lesson" ("id", "topicId", "title", "description", "duration", "type", "order") VALUES ('s8e25dcbfd3b25cac241f', 'grammar-reported-speech-questions-23', E'Practice Exercises - Reported Speech: Questions', E'Learn Questions through practice exercises', '20 min', 'quiz', 1) ON CONFLICT ("id") DO NOTHING;
INSERT INTO "Lesson" ("id", "topicId", "title", "description", "duration", "type", "order") VALUES ('sfba54f9f150ab4377eb0', 'grammar-reported-speech-questions-23', E'Listening Practice - Reported Speech: Questions', E'Learn Questions through listening practice', '15 min', 'listening', 2) ON CONFLICT ("id") DO NOTHING;

-- Grammar Topic: Reported Speech: Commands (B2)
INSERT INTO "Topic" ("id", "title", "description", "level", "wordCount", "estimatedTime", "category", "subcategory", "order", "topicGroupId") VALUES ('grammar-reported-speech-commands-24', E'Reported Speech: Commands', E'Report commands and requests', 'B2', 20, 35, 'Reported Speech', 'Commands', 24, 's5d1e2a42b9e37c70108f') ON CONFLICT ("id") DO NOTHING;
INSERT INTO "GrammarNote" ("id", "topicId", "title", "explanation", "examples") VALUES ('s5f0bc0f3e6520258beed', 'grammar-reported-speech-commands-24', E'Reporting Commands', E'Use ''told/ordered/asked + object + (not) to + infinitive''.', '[{"en":"Direct: \"Close the door.\" → Reported: She told me to close the door.","vi":"Trực tiếp: \"Đóng cửa lại.\" → Gián tiếp: Cô ấy bảo tôi đóng cửa lại."},{"en":"Direct: \"Don''t be late.\" → Reported: He told us not to be late.","vi":"Trực tiếp: \"Đừng trễ.\" → Gián tiếp: Anh ấy bảo chúng tôi đừng trễ."}]'::jsonb) ON CONFLICT ("id") DO NOTHING;
INSERT INTO "GrammarNote" ("id", "topicId", "title", "explanation", "examples") VALUES ('sd245ed8a76f2f54d60d3', 'grammar-reported-speech-commands-24', E'Reporting Requests', E'Use ''asked + object + to + infinitive'' for polite requests.', '[{"en":"Direct: \"Please help me.\" → Reported: She asked me to help her.","vi":"Trực tiếp: \"Làm ơn giúp tôi.\" → Gián tiếp: Cô ấy nhờ tôi giúp cô ấy."},{"en":"Direct: \"Could you wait?\" → Reported: He asked me to wait.","vi":"Trực tiếp: \"Bạn có thể đợi không?\" → Gián tiếp: Anh ấy nhờ tôi đợi."}]'::jsonb) ON CONFLICT ("id") DO NOTHING;
INSERT INTO "Lesson" ("id", "topicId", "title", "description", "duration", "type", "order") VALUES ('sd217409926fed92f5eaa', 'grammar-reported-speech-commands-24', E'Grammar Learning - Reported Speech: Commands', E'Learn Commands through grammar learning', '15 min', 'vocabulary', 0) ON CONFLICT ("id") DO NOTHING;
INSERT INTO "Lesson" ("id", "topicId", "title", "description", "duration", "type", "order") VALUES ('s465792d99223ec95ece4', 'grammar-reported-speech-commands-24', E'Practice Exercises - Reported Speech: Commands', E'Learn Commands through practice exercises', '20 min', 'quiz', 1) ON CONFLICT ("id") DO NOTHING;
INSERT INTO "Lesson" ("id", "topicId", "title", "description", "duration", "type", "order") VALUES ('s64c96cc2e6f7e78d6ed8', 'grammar-reported-speech-commands-24', E'Listening Practice - Reported Speech: Commands', E'Learn Commands through listening practice', '15 min', 'listening', 2) ON CONFLICT ("id") DO NOTHING;

-- Grammar Topic: Reported Speech: Time Changes (B2)
INSERT INTO "Topic" ("id", "title", "description", "level", "wordCount", "estimatedTime", "category", "subcategory", "order", "topicGroupId") VALUES ('grammar-reported-speech-time-changes-25', E'Reported Speech: Time Changes', E'Master time and place changes in reported speech', 'B2', 18, 35, 'Reported Speech', 'Time Changes', 25, 's5d1e2a42b9e37c70108f') ON CONFLICT ("id") DO NOTHING;
INSERT INTO "GrammarNote" ("id", "topicId", "title", "explanation", "examples") VALUES ('sa53159c4737427ba6a50', 'grammar-reported-speech-time-changes-25', E'Time Expression Changes', E'now → then, today → that day, tomorrow → the next day, yesterday → the day before, this → that', '[{"en":"\"I''ll do it now\" → He said he would do it then.","vi":"\"Tôi sẽ làm ngay\" → Anh ấy nói anh ấy sẽ làm lúc đó."},{"en":"\"I saw her yesterday\" → She said she had seen her the day before.","vi":"\"Tôi gặp cô ấy hôm qua\" → Cô ấy nói cô ấy đã gặp cô ấy hôm trước."}]'::jsonb) ON CONFLICT ("id") DO NOTHING;
INSERT INTO "GrammarNote" ("id", "topicId", "title", "explanation", "examples") VALUES ('s096f620e6af6530f5861', 'grammar-reported-speech-time-changes-25', E'Place Changes', E'here → there, this place → that place', '[{"en":"\"I live here\" → He said he lived there.","vi":"\"Tôi sống ở đây\" → Anh ấy nói anh ấy sống ở đó."},{"en":"\"Come to this office\" → She told me to go to that office.","vi":"\"Đến văn phòng này\" → Cô ấy bảo tôi đến văn phòng đó."}]'::jsonb) ON CONFLICT ("id") DO NOTHING;
INSERT INTO "Lesson" ("id", "topicId", "title", "description", "duration", "type", "order") VALUES ('s572977d8f39981820f37', 'grammar-reported-speech-time-changes-25', E'Grammar Learning - Reported Speech: Time Changes', E'Learn Time Changes through grammar learning', '15 min', 'vocabulary', 0) ON CONFLICT ("id") DO NOTHING;
INSERT INTO "Lesson" ("id", "topicId", "title", "description", "duration", "type", "order") VALUES ('s65e0363a00faa27d74ee', 'grammar-reported-speech-time-changes-25', E'Practice Exercises - Reported Speech: Time Changes', E'Learn Time Changes through practice exercises', '20 min', 'quiz', 1) ON CONFLICT ("id") DO NOTHING;
INSERT INTO "Lesson" ("id", "topicId", "title", "description", "duration", "type", "order") VALUES ('scbd62adfc9633b6999f1', 'grammar-reported-speech-time-changes-25', E'Listening Practice - Reported Speech: Time Changes', E'Learn Time Changes through listening practice', '15 min', 'listening', 2) ON CONFLICT ("id") DO NOTHING;
